{"type":"FeatureCollection","tolerance":0.2,"features":[{"type":"Feature","properties":{"name":"Indonesia","ISO3166-1-Alpha-2":"ID"},"geometry":{"type":"MultiPolygon","coordinates":[[[[117.7036,4.1634],[117.907,4.1567],[117.9348,4.0599],[117.8386,4.0402],[117.7036,4.1634]]],[[[124.4505,-9.1802],[125.1394,-9.0248],[124.9707,-9.6624],[124.4185,-10.1638],[123.472,-10.3649],[123.7647,-10.075],[123.6888,-9.6114],[124.4505,-9.1802]]],[[[117.5671,4.1597],[117.8262,3.7036],[117.0305,3.5944],[117.4465,3.4348],[117.27,3.2343],[118.0822,2.3375],[117.75,2.0314],[119.0117,0.9763],[118.384,0.8049],[117.8939,1.1135],[118.033,0.8002],[117.47,0.1088],[117.6271,-0.7709],[116.9577,-1.2399],[116.7432,-1.0248],[116.7624,-1.3653],[116.2224,-1.7896],[116.4666,-1.9075],[116.2832,-2.1694],[116.6033,-2.2242],[115.9679,-3.6088],[114.6643,-4.1842],[114.3648,-3.2115],[113.6325,-3.4568],[113.0352,-2.9229],[112.638,-3.4168],[111.9053,-3.572],[111.7541,-2.7385],[111.5698,-3.0157],[110.2632,-3.0029],[109.9038,-1.8261],[110.0614,-1.3464],[109.7635,-0.8709],[109.2732,-0.8536],[109.5065,-0.7164],[109.0462,-0.2459],[109.3005,0.0105],[108.9209,0.3403],[108.9243,1.164],[109.341,1.9355],[109.6453,2.0832],[109.658,1.5972],[110.5539,0.8514],[111.8231,1.0085],[112.4705,1.5677],[113.6248,1.2276],[114.5456,1.435],[115.8441,4.3892],[117.5671,4.1597]]],[[[140.9745,-2.6005],[140.977,-9.1061],[139.9881,-8.1925],[140.1517,-7.8847],[139.3952,-8.2009],[139.2171,-7.9513],[138.9144,-8.2921],[139.093,-7.56],[138.6675,-7.1978],[139.24,-7.1511],[138.5615,-6.9186],[139.1922,-6.9729],[138.6834,-6.7145],[138.0614,-5.4037],[135.1856,-4.4489],[134.6482,-4.1187],[134.9678,-3.9368],[133.971,-3.8503],[133.6414,-3.4837],[133.8605,-2.9229],[133.4534,-3.8654],[132.9077,-4.0881],[132.8117,-3.2817],[131.958,-2.7882],[132.7283,-2.8132],[133.2396,-2.4168],[133.6824,-2.7175],[133.9404,-2.1076],[132.3057,-2.2656],[131.9822,-1.5388],[130.9483,-1.4122],[131.243,-0.8194],[132.3967,-0.3534],[133.9772,-0.7232],[134.282,-1.3502],[134.1934,-2.3791],[135.3408,-3.3897],[136.3809,-2.2341],[137.1785,-2.1061],[137.1235,-1.7975],[137.8391,-1.4711],[140.9745,-2.6005]]],[[[113.3952,-8.447],[113.4092,-8.4867],[113.282,-8.4882],[113.2891,-8.4328],[113.3952,-8.447]]],[[[123.1463,-8.426],[123.1636,-8.4737],[123.0066,-8.5079],[122.9308,-8.6041],[122.883,-8.5829],[122.9998,-8.4487],[123.1463,-8.426]]],[[[128.2312,-8.2512],[128.182,-8.2851],[128.0833,-8.2546],[128.1038,-8.2118],[128.2136,-8.1994],[128.2312,-8.2512]]],[[[129.0296,-8.2068],[129.0062,-8.2636],[128.8345,-8.1998],[129.0296,-8.2068]]],[[[127.7419,-8.1589],[127.7688,-8.2126],[127.6692,-8.2409],[127.604,-8.2068],[127.7419,-8.1589]]],[[[117.6643,-8.1481],[117.6926,-8.1835],[117.5666,-8.3639],[117.4925,-8.361],[117.4868,-8.1829],[117.6643,-8.1481]]],[[[127.2163,-8.027],[127.2249,-8.1086],[127.1521,-8.0969],[127.1589,-8.0349],[127.2163,-8.027]]],[[[131.105,-7.629],[131.0923,-7.6923],[130.9712,-7.7013],[131.105,-7.629]]],[[[130.9686,-7.5346],[130.841,-7.5287],[130.8587,-7.4869],[130.9686,-7.5346]]],[[[131.1748,-7.4042],[131.0803,-7.5037],[130.9893,-7.4732],[131.0182,-7.4152],[131.1748,-7.4042]]],[[[131.2839,-7.3298],[131.2771,-7.3708],[131.2158,-7.3571],[131.265,-7.2971],[131.2839,-7.3298]]],[[[120.9605,-7.282],[121.0669,-7.3025],[120.9927,-7.3336],[120.7923,-7.2795],[120.9605,-7.282]]],[[[120.7578,-7.0759],[120.7715,-7.1305],[120.6703,-7.151],[120.5563,-7.0729],[120.6137,-7.0698],[120.6213,-6.9982],[120.7578,-7.0759]]],[[[138.7534,-6.7783],[138.7874,-6.8295],[138.7163,-6.8647],[138.6185,-6.7291],[138.7534,-6.7783]]],[[[131.5974,-6.6791],[131.6245,-6.7097],[131.551,-6.8015],[131.5374,-6.7381],[131.5974,-6.6791]]],[[[134.7074,-6.589],[134.7376,-6.631],[134.6694,-6.7729],[134.6283,-6.7094],[134.7074,-6.589]]],[[[134.6078,-6.4215],[134.5418,-6.5295],[134.3472,-6.3596],[134.4461,-6.2854],[134.6078,-6.4215]]],[[[134.8406,-6.2877],[134.8882,-6.3141],[134.8263,-6.4732],[134.7941,-6.402],[134.8406,-6.2877]]],[[[109.906,-7.8377],[107.8645,-7.7451],[106.3978,-7.3785],[106.5108,-6.9638],[105.2168,-6.7721],[105.7822,-6.5121],[106.0527,-5.881],[108.3603,-6.2464],[108.9448,-6.8494],[110.381,-6.9757],[111.0108,-6.421],[111.1444,-6.6918],[112.5828,-6.8705],[112.7615,-7.5312],[113.1327,-7.7278],[114.3889,-7.7581],[114.6248,-8.7407],[113.2407,-8.2809],[111.0173,-8.2547],[109.906,-7.8377]]],[[[124.0652,-5.9625],[124.0413,-6.0208],[123.9689,-5.9353],[123.9792,-5.8699],[124.0652,-5.9625]]],[[[132.7974,-5.6091],[132.8054,-5.685],[132.7432,-5.6303],[132.7849,-5.5273],[132.7974,-5.6091]]],[[[132.3186,-5.5136],[132.3714,-5.5541],[132.3343,-5.5729],[132.3186,-5.5136]]],[[[123.7771,-5.5136],[123.7933,-5.5891],[123.6912,-5.4728],[123.7771,-5.5136]]],[[[123.5397,-5.2455],[123.6238,-5.2665],[123.6338,-5.3669],[123.5593,-5.3513],[123.5397,-5.2455]]],[[[129.9273,-4.5305],[129.9334,-4.5629],[129.8591,-4.5548],[129.9273,-4.5305]]],[[[127.2346,-3.8211],[127.2414,-3.9108],[127.1451,-3.885],[127.1652,-3.8141],[127.2346,-3.8211]]],[[[122.3213,-3.5119],[122.3555,-3.5566],[122.2933,-3.5808],[122.3213,-3.5119]]],[[[132.7028,-3.4533],[132.7029,-3.5193],[132.6203,-3.4238],[132.7028,-3.4533]]],[[[122.4396,-3.419],[122.4336,-3.4853],[122.4021,-3.4205],[122.4178,-3.3845],[122.4396,-3.419]]],[[[127.6155,-3.3074],[127.6245,-3.3617],[127.4805,-3.2934],[127.564,-3.2558],[127.6155,-3.3074]]],[[[127.7722,-3.1625],[127.7785,-3.2442],[127.6433,-3.2244],[127.7063,-3.1563],[127.7722,-3.1625]]],[[[127.9541,-2.9167],[127.9944,-2.9391],[127.9473,-3.0185],[127.827,-3.029],[127.9541,-2.9167]]],[[[123.8767,-2.0185],[123.887,-2.0739],[123.8394,-2.0491],[123.8767,-2.0185]]],[[[124.3489,-1.9596],[124.3703,-2.039],[124.3006,-1.9875],[124.3489,-1.9596]]],[[[108.6773,-1.7138],[108.6914,-1.6992],[108.7232,-1.6936],[108.7571,-1.6954],[108.7781,-1.7027],[108.7588,-1.7175],[108.7246,-1.7194],[108.6773,-1.7138]]],[[[127.3711,-1.3674],[127.3788,-1.4055],[127.2842,-1.4254],[127.3303,-1.3538],[127.3711,-1.3674]]],[[[109.1702,-1.2576],[109.1442,-1.3115],[109.1008,-1.3006],[109.1702,-1.2576]]],[[[104.48,-0.2713],[104.4925,-0.3088],[104.4065,-0.3118],[104.48,-0.2713]]],[[[103.0796,0.6244],[103.0715,0.5772],[103.0366,0.6575],[103.0796,0.6244]]],[[[104.5646,0.7982],[104.6135,0.7659],[104.5112,0.7503],[104.5646,0.7982]]],[[[103.4622,0.9189],[103.469,0.8696],[103.4071,0.9114],[103.4622,0.9189]]],[[[119.8465,-0.8746],[119.6345,0.0105],[119.8327,-0.0844],[120.0457,0.7344],[120.2785,0.9942],[120.5681,0.7821],[120.8335,1.3257],[123.9292,0.8315],[125.1753,1.6782],[124.3218,0.3989],[120.5027,0.5289],[120.1333,0.1912],[120.0731,-0.6139],[120.676,-1.3947],[121.1055,-1.4059],[121.6201,-0.8004],[122.1053,-0.9262],[123.0759,-0.5564],[123.4544,-0.7582],[123.3112,-1.0514],[122.8387,-0.8992],[121.6921,-1.9081],[121.2961,-1.8167],[122.4729,-3.1511],[122.1979,-3.5717],[122.8728,-4.0932],[122.8421,-4.4381],[121.7044,-4.8352],[121.4777,-4.623],[121.6277,-4.0871],[120.8745,-3.499],[121.0482,-2.699],[120.2035,-2.9577],[120.4583,-5.6261],[119.4333,-5.5878],[119.647,-3.978],[119.494,-3.4884],[118.9388,-3.574],[118.7642,-3.0909],[119.347,-1.9594],[119.3284,-1.2145],[119.7246,-0.6393],[119.8465,-0.8746]]],[[[127.7859,2.2642],[127.8162,2.2338],[127.7813,2.2089],[127.7482,2.2474],[127.7859,2.2642]]],[[[128.1936,2.3673],[128.1546,2.2864],[128.1287,2.3583],[128.1602,2.4049],[128.1936,2.3673]]],[[[100.9473,1.8254],[100.8,2.2089],[101.0503,2.2915],[102.4251,0.8043],[102.9538,0.6758],[103.0747,0.4423],[102.5457,0.1691],[103.3622,0.5363],[103.7434,0.2773],[103.8018,-0.0073],[103.2705,-0.2576],[103.5984,-0.4368],[103.3456,-0.6959],[103.8289,-1.0734],[104.3772,-1.0317],[104.4971,-1.936],[104.8828,-2.1257],[104.5311,-2.7726],[104.8833,-2.2849],[105.6238,-2.4018],[106.0285,-2.9828],[105.7297,-5.8967],[105.2796,-5.4443],[105.1633,-5.7861],[104.5514,-5.5085],[104.5613,-5.9283],[102.3125,-3.9915],[100.9231,-2.3334],[99.7472,-0.0298],[99.138,0.2631],[98.7739,1.7486],[97.7444,2.2811],[96.8836,3.6824],[95.4263,4.8273],[95.1973,5.5464],[95.4319,5.6547],[96.3622,5.2255],[97.5262,5.2423],[98.2756,4.4254],[98.179,4.1082],[99.7507,3.1805],[100.9473,1.8254]]],[[[120.7925,-9.9609],[120.45,-10.3103],[118.9354,-9.5534],[119.9588,-9.2905],[120.7925,-9.9609]]],[[[115.5501,-8.6662],[115.6242,-8.7689],[115.5889,-8.8073],[115.4683,-8.7319],[115.5501,-8.6662]]],[[[123.3486,-8.2688],[123.2893,-8.4045],[123.0195,-8.3918],[123.1565,-8.2436],[123.3486,-8.2688]]],[[[116.6333,-8.2751],[116.5654,-8.8956],[115.8393,-8.8169],[116.2864,-8.2363],[116.6333,-8.2751]]],[[[119.0864,-8.1315],[119.1375,-8.1906],[119.0515,-8.2614],[119.0203,-8.1897],[119.0864,-8.1315]]],[[[119.2036,-8.6109],[116.7285,-8.9631],[117.1951,-8.3576],[118.2817,-8.6415],[117.7122,-8.2409],[117.9178,-8.0859],[119.2036,-8.6109]]],[[[123.0264,-8.2888],[121.7804,-8.888],[119.8057,-8.7407],[119.8672,-8.4129],[120.422,-8.2273],[122.2884,-8.6339],[122.8626,-8.0698],[123.0264,-8.2888]]],[[[115.6192,-8.2888],[115.1345,-8.8508],[114.4479,-8.1218],[115.6192,-8.2888]]],[[[109.0193,-7.7581],[108.8153,-7.7377],[108.797,-7.7016],[109.0193,-7.7581]]],[[[112.7007,-5.726],[112.7315,-5.8284],[112.6043,-5.8474],[112.5828,-5.7942],[112.7007,-5.726]]],[[[102.4065,-5.4037],[102.3662,-5.4416],[102.3901,-5.477],[102.2835,-5.4993],[102.0986,-5.3349],[102.172,-5.2804],[102.4065,-5.4037]]],[[[116.3993,-3.3928],[116.4344,-3.4098],[116.386,-3.6396],[116.3247,-3.533],[116.3993,-3.3928]]],[[[116.3037,-3.718],[116.0915,-4.0668],[116.013,-3.6505],[116.2678,-3.2188],[116.3037,-3.718]]],[[[100.2068,-2.6935],[100.2152,-2.7529],[100.1385,-2.8205],[100.0156,-2.8342],[99.9746,-2.4939],[100.2068,-2.6935]]],[[[108.9642,-1.5734],[108.9483,-1.6315],[108.8582,-1.664],[108.7933,-1.5803],[108.9006,-1.5329],[108.9642,-1.5734]]],[[[109.7598,-1.1039],[109.7769,-1.1408],[109.5025,-1.2922],[109.4172,-1.2545],[109.4754,-0.977],[109.7235,-0.9871],[109.7598,-1.1039]]],[[[99.2744,-1.6349],[98.8848,-1.6794],[98.6582,-0.9635],[98.8982,-0.9157],[99.2744,-1.6349]]],[[[98.502,-0.4605],[98.2752,-0.5252],[98.4292,-0.2438],[98.502,-0.4605]]],[[[98.48,-0.1584],[98.5598,-0.2783],[98.5415,-0.3811],[98.2957,-0.0073],[98.4061,-0.0074],[98.48,-0.1584]]],[[[103.2936,0.6254],[103.2808,0.538],[103.1405,0.5394],[103.1792,0.6955],[103.2469,0.694],[103.2936,0.6254]]],[[[103.5187,0.8184],[103.5234,0.7778],[103.4212,0.8732],[103.5187,0.8184]]],[[[103.489,0.777],[103.4803,0.6852],[103.4157,0.6574],[103.3456,0.7634],[103.3574,0.8725],[103.4009,0.8801],[103.489,0.777]]],[[[103.8018,0.8527],[103.8323,0.7654],[103.7305,0.8476],[103.7434,0.8937],[103.8018,0.8527]]],[[[103.9421,0.9961],[103.9666,0.9472],[103.9216,0.9346],[103.8389,1.003],[103.8801,1.0315],[103.9421,0.9961]]],[[[104.7986,1.0315],[104.8435,1.0182],[104.8328,0.9551],[104.7986,1.0315]]],[[[107.562,1.0372],[107.6016,1.0098],[107.5596,0.9702],[107.5296,1.0181],[107.562,1.0372]]],[[[103.4431,1.0128],[103.3408,1.0195],[103.3338,1.1114],[103.3898,1.1303],[103.4431,1.0128]]],[[[103.0487,0.797],[102.5164,0.7913],[102.4676,1.1064],[103.0487,0.797]]],[[[104.1463,1.1605],[104.0923,0.9899],[103.9558,1.0098],[103.9067,1.0717],[104.0309,1.1879],[104.0855,1.1333],[104.0906,1.1878],[104.1463,1.1605]]],[[[104.6546,1.0964],[104.5671,0.8295],[104.2319,1.0933],[104.6546,1.0964]]],[[[102.4734,1.242],[102.468,0.9726],[102.3693,0.9352],[102.2329,1.0995],[102.2106,1.3983],[102.2909,1.4045],[102.4734,1.242]]],[[[102.4959,1.3636],[102.4788,1.2707],[102.3303,1.4133],[102.0956,1.4752],[102.0078,1.6154],[102.4627,1.5154],[102.4959,1.3636]]],[[[98.5552,1.682],[98.5811,1.6268],[98.4317,1.6615],[98.4627,1.7093],[98.521,1.6556],[98.5552,1.682]]],[[[97.1511,2.0581],[97.1023,2.0161],[97.069,2.0871],[97.1201,2.1133],[97.1511,2.0581]]],[[[101.7212,2.0581],[101.4907,1.7368],[101.4181,2.0444],[101.7212,2.0581]]],[[[96.6441,2.127],[96.6717,2.102],[96.6229,2.0706],[96.6441,2.127]]],[[[97.3286,2.1475],[97.3218,2.0314],[97.2074,2.1755],[97.1028,2.2127],[97.2813,2.2291],[97.3286,2.1475]]],[[[118.5996,2.2443],[118.6543,2.1823],[118.5569,2.286],[118.5785,2.3188],[118.6226,2.2861],[118.5749,2.2942],[118.5996,2.2443]]],[[[109.1087,2.5317],[109.0267,2.4858],[108.9681,2.5436],[109.1087,2.5317]]],[[[108.8425,2.9736],[108.8986,2.9829],[108.8425,2.8464],[108.7752,2.8951],[108.8425,2.9736]]],[[[105.802,2.9973],[105.8533,2.9835],[105.8119,2.9045],[105.7127,2.8432],[105.6887,3.06],[105.7385,2.9881],[105.802,2.9973]]],[[[106.2852,3.1791],[106.2791,3.0872],[106.2107,3.1282],[106.2058,3.2057],[106.2385,3.2265],[106.2852,3.1791]]],[[[117.5036,3.3336],[117.5275,3.2908],[117.417,3.2887],[117.4334,3.3364],[117.5036,3.3336]]],[[[106.2708,3.361],[106.2791,3.2306],[106.2305,3.258],[106.2708,3.361]]],[[[117.6253,3.4377],[117.6839,3.3996],[117.6484,3.246],[117.5313,3.4031],[117.6253,3.4377]]],[[[117.8939,3.4975],[117.8913,3.4556],[117.8262,3.4941],[117.7849,3.582],[117.8479,3.5754],[117.8939,3.4975]]],[[[117.5173,3.477],[117.2708,3.5002],[117.218,3.5603],[117.2684,3.5929],[117.3937,3.5664],[117.5173,3.477]]],[[[117.6987,4.1113],[117.7532,4.0518],[117.6653,3.9831],[117.5945,4.0639],[117.6611,4.1492],[117.6987,4.1113]]],[[[108.3962,3.8748],[108.1838,3.6483],[107.9846,4.012],[108.2249,4.2448],[108.3962,3.8748]]],[[[108.0051,4.7724],[107.9934,4.6913],[107.9373,4.6914],[108.0051,4.7724]]],[[[95.1774,5.6284],[95.1563,5.5948],[95.1091,5.622],[95.1418,5.6641],[95.1774,5.6284]]],[[[95.1152,5.7115],[95.1221,5.6693],[95.0607,5.6562],[95.0607,5.732],[95.0147,5.7446],[95.1152,5.7115]]],[[[95.3418,5.8964],[95.3828,5.8071],[95.3555,5.8276],[95.3384,5.7792],[95.2136,5.9025],[95.2839,5.8574],[95.3418,5.8964]]],[[[121.9402,-10.4301],[121.9959,-10.4413],[121.9979,-10.509],[121.8818,-10.5983],[121.6901,-10.5642],[121.9402,-10.4301]]],[[[123.4658,-10.1498],[123.5061,-10.1868],[123.3963,-10.2278],[123.4134,-10.3326],[123.367,-10.3012],[123.3218,-10.339],[123.3894,-10.1752],[123.4658,-10.1498]]],[[[138.8973,-8.3372],[138.8941,-8.4055],[138.548,-8.3471],[138.6751,-8.1891],[138.7853,-8.1589],[138.8973,-8.3372]]],[[[125.134,-8.2171],[124.3335,-8.413],[124.4753,-8.1326],[125.134,-8.2171]]],[[[128.0906,-8.131],[128.1275,-8.1613],[128.0256,-8.2614],[127.8436,-8.2057],[127.7616,-8.1174],[128.0906,-8.131]]],[[[129.8412,-7.8779],[129.8591,-7.9325],[129.7764,-8.0554],[129.6939,-8.0383],[129.5852,-7.902],[129.6325,-7.796],[129.8193,-7.8193],[129.8412,-7.8779]]],[[[126.8368,-7.7263],[125.7742,-8.0076],[125.9689,-7.6601],[126.8368,-7.7263]]],[[[127.4702,-7.5278],[127.4817,-7.5901],[127.3577,-7.6557],[127.3727,-7.5061],[127.4702,-7.5278]]],[[[138.939,-7.5421],[138.9041,-8.0759],[137.6382,-8.4259],[138.0886,-7.5598],[138.939,-7.5421]]],[[[131.6986,-7.2267],[131.1162,-8.0007],[131.2415,-7.4877],[131.6986,-7.2267]]],[[[131.9822,-7.1889],[131.9656,-7.2547],[131.8779,-7.1645],[131.7322,-7.1412],[131.9185,-7.1036],[131.9822,-7.1889]]],[[[128.6697,-7.1374],[128.6387,-7.2199],[128.5288,-7.1305],[128.6196,-7.0632],[128.6997,-7.1096],[128.6697,-7.1374]]],[[[114.0457,-6.9146],[113.5134,-7.2478],[112.6926,-7.0585],[114.0457,-6.9146]]],[[[105.2642,-6.5279],[105.256,-6.6282],[105.2039,-6.6733],[105.1755,-6.5831],[105.1201,-6.631],[105.2642,-6.5279]]],[[[134.4844,-6.5756],[134.0734,-6.8268],[134.1027,-6.1801],[134.4844,-6.5756]]],[[[120.5462,-5.9382],[120.4813,-6.4773],[120.4295,-6.1858],[120.4483,-5.8439],[120.4886,-5.7673],[120.5462,-5.9382]]],[[[104.8328,-5.76],[104.8384,-5.8204],[104.7704,-5.752],[104.8328,-5.76]]],[[[134.7581,-6.1579],[134.6078,-6.3696],[134.2766,-6.1193],[134.202,-5.7125],[134.5083,-5.4294],[134.7581,-6.1579]]],[[[133.1843,-5.3103],[133.1133,-5.5956],[132.9754,-5.7287],[132.9568,-5.8625],[132.8423,-5.9968],[133.1101,-5.311],[133.1843,-5.3103]]],[[[122.0674,-5.215],[121.9683,-5.468],[121.8539,-5.1021],[122.0674,-5.215]]],[[[122.78,-4.9166],[122.5984,-5.4201],[122.2796,-5.3697],[122.3827,-4.7459],[122.7111,-4.6155],[122.78,-4.9166]]],[[[123.1499,-5.225],[122.8135,-5.6879],[122.5671,-5.5069],[123.0414,-4.3844],[123.1499,-5.225]]],[[[133.5584,-4.232],[133.6277,-4.3002],[133.4605,-4.2441],[133.3314,-4.1652],[133.3242,-4.1083],[133.5584,-4.232]]],[[[131.4448,-4.0367],[131.4006,-4.0471],[131.3696,-3.9622],[131.416,-3.9586],[131.4448,-4.0367]]],[[[128.7962,-3.6428],[128.7617,-3.6996],[128.7463,-3.6598],[128.7962,-3.6428]]],[[[123.1773,-3.574],[123.1199,-3.6292],[123.061,-3.5709],[123.1406,-3.5392],[123.1773,-3.574]]],[[[128.5288,-3.533],[128.5638,-3.5919],[128.3929,-3.6428],[128.4271,-3.5227],[128.5288,-3.533]]],[[[128.7206,-3.5256],[128.728,-3.6149],[128.6688,-3.5693],[128.6362,-3.6228],[128.561,-3.4937],[128.7206,-3.5256]]],[[[127.2409,-3.471],[126.6966,-3.8638],[125.9917,-3.2482],[126.84,-3.0737],[127.2409,-3.471]]],[[[106.9089,-2.9298],[106.8612,-3.029],[106.7227,-2.9661],[106.8125,-2.8922],[106.9089,-2.9298]]],[[[107.0992,-2.8591],[107.0838,-2.9098],[107.0171,-2.8802],[107.0646,-2.8225],[107.0992,-2.8591]]],[[[107.395,-2.8689],[107.4844,-2.8205],[107.5047,-2.8547],[107.4101,-2.9476],[107.3413,-2.8869],[107.395,-2.8689]]],[[[130.8732,-3.574],[130.8179,-3.8688],[129.8905,-3.3331],[128.8775,-3.2026],[128.4841,-3.4625],[128.1658,-3.067],[127.926,-3.5535],[127.8423,-3.1733],[128.1755,-2.857],[129.541,-2.78],[130.3893,-2.9938],[130.8732,-3.574]]],[[[108.2937,-2.8484],[108.074,-3.226],[107.6028,-3.2289],[107.6703,-2.5615],[108.2937,-2.8484]]],[[[134.5812,-2.4164],[134.5497,-2.4513],[134.5215,-2.4067],[134.5669,-2.2929],[134.5812,-2.4164]]],[[[134.385,-2.0036],[134.4263,-2.0397],[134.3599,-2.1533],[134.3333,-2.0833],[134.385,-2.0036]]],[[[123.8574,-1.9504],[123.8693,-1.9981],[123.7942,-1.9921],[123.7874,-1.874],[123.8574,-1.9504]]],[[[123.1328,-1.7653],[123.1528,-1.8238],[123.0728,-1.9016],[123.0946,-1.7551],[123.1328,-1.7653]]],[[[134.2358,-1.7385],[134.1751,-1.9435],[134.169,-1.8298],[134.2358,-1.7385]]],[[[130.3865,-1.8883],[129.7149,-1.8814],[130.3429,-1.6767],[130.3865,-1.8883]]],[[[125.3148,-1.779],[124.3291,-1.8708],[124.5181,-1.6262],[125.3148,-1.779]]],[[[136.8485,-1.7653],[136.2664,-1.9094],[135.4222,-1.6108],[136.8485,-1.7653]]],[[[106.7691,-2.5603],[106.5322,-3.1056],[105.9865,-2.8212],[105.7804,-2.1508],[105.1359,-1.9655],[105.5658,-1.5319],[105.8128,-1.7927],[105.9137,-1.4942],[106.3189,-2.4313],[106.7691,-2.5603]]],[[[135.2857,-1.4767],[135.334,-1.4841],[135.2754,-1.5222],[135.0969,-1.5086],[135.1091,-1.4738],[135.2857,-1.4767]]],[[[128.1452,-1.594],[127.3787,-1.6323],[127.6343,-1.3287],[128.1452,-1.594]]],[[[127.69,-1.2138],[127.666,-1.2719],[127.4607,-1.2358],[127.5472,-1.1711],[127.69,-1.2138]]],[[[123.5031,-1.2644],[123.2433,-1.6324],[123.1524,-1.3006],[122.812,-1.4436],[122.9138,-1.1764],[123.5031,-1.2644]]],[[[129.9544,-1.1627],[129.8592,-1.2332],[129.8742,-1.197],[129.7439,-1.1999],[129.8587,-1.142],[129.9544,-1.1627]]],[[[134.9982,-1.0187],[134.9258,-1.1355],[134.8001,-1.0278],[134.8778,-0.9361],[134.9546,-0.9907],[134.928,-1.072],[134.9982,-1.0187]]],[[[131.0574,-1.0007],[130.9619,-1.3538],[130.6498,-0.9738],[131.0574,-1.0007]]],[[[136.3757,-1.0937],[135.885,-1.183],[135.3704,-0.6359],[136.3757,-1.0937]]],[[[127.2962,-0.7437],[127.3198,-0.7936],[127.2788,-0.8056],[127.1555,-0.7724],[127.2009,-0.6228],[127.2612,-0.6202],[127.2962,-0.7437]]],[[[121.8539,-0.4011],[121.916,-0.4699],[121.8948,-0.5079],[121.7354,-0.4799],[121.6423,-0.5456],[121.7521,-0.4011],[121.8539,-0.4011]]],[[[104.5485,-0.398],[104.3563,-0.6617],[104.284,-0.4011],[104.5485,-0.398]]],[[[122.0296,-0.3321],[122.0266,-0.4069],[121.8608,-0.3779],[121.9265,-0.3123],[122.0296,-0.3321]]],[[[127.8889,-0.7647],[127.4577,-0.8156],[127.3167,-0.3396],[127.8889,-0.7647]]],[[[127.2346,-0.4904],[127.1086,-0.5011],[127.1104,-0.2877],[127.1748,-0.2555],[127.2971,-0.2819],[127.2513,-0.3233],[127.28,-0.4025],[127.2346,-0.4904]]],[[[103.7127,-0.2697],[103.7565,-0.3464],[103.6126,-0.3874],[103.4617,-0.3669],[103.5579,-0.2234],[103.7127,-0.2697]]],[[[122.2176,-0.2472],[122.1444,-0.233],[122.1771,-0.1964],[122.2176,-0.2472]]],[[[122.3692,-0.2638],[122.376,-0.3464],[122.2258,-0.1994],[122.3692,-0.2638]]],[[[121.5746,-0.1825],[121.5974,-0.1247],[121.6497,-0.1474],[121.6245,-0.1984],[121.5746,-0.1825]]],[[[131.2976,-0.2372],[130.6253,-0.085],[130.9483,-0.3669],[130.756,-0.446],[130.2171,-0.2009],[130.8247,-0.0038],[131.2976,-0.2372]]],[[[104.929,-0.2372],[104.4356,-0.1922],[104.5646,0.0303],[104.929,-0.2372]]],[[[129.5369,-0.1342],[129.5715,-0.1922],[129.5168,-0.2088],[129.2935,0.0477],[129.5369,-0.1342]]],[[[127.46,-0.0038],[127.4529,-0.041],[127.3986,0.0031],[127.4089,0.147],[127.4525,0.1402],[127.46,-0.0038]]],[[[104.4971,0.0713],[104.4766,0.0235],[104.4114,0.0917],[104.4139,0.1758],[104.4971,0.0713]]],[[[104.6887,0.0713],[104.6839,0.0363],[104.6062,0.0918],[104.4902,0.2426],[104.6887,0.0713]]],[[[104.4055,0.3388],[104.4051,0.2921],[104.3394,0.3655],[104.4055,0.3388]]],[[[127.3987,0.3796],[127.4172,0.3129],[127.3582,0.2835],[127.3371,0.3488],[127.3987,0.3796]]],[[[127.3787,0.623],[127.3849,0.7571],[127.4185,0.7571],[127.4463,0.6672],[127.3787,0.623]]],[[[104.284,0.7082],[104.2056,0.7261],[104.1958,0.78],[104.273,0.7965],[104.284,0.7082]]],[[[127.3711,0.7845],[127.3128,0.7571],[127.2888,0.8369],[127.3635,0.841],[127.3711,0.7845]]],[[[104.2261,0.8801],[104.2575,0.8397],[104.1764,0.7985],[104.0923,0.8801],[104.0991,0.9489],[104.2261,0.8801]]],[[[97.9285,0.9961],[97.7041,0.5727],[97.0636,1.4152],[97.4168,1.5192],[97.9285,0.9961]]],[[[125.2951,1.5517],[125.2671,1.4138],[125.1853,1.3907],[125.2951,1.5517]]],[[[127.666,-0.2092],[127.3986,1.2091],[128.0474,2.2038],[128.0149,1.3052],[127.6276,0.9374],[127.8517,0.8118],[128.2046,1.39],[128.7195,1.5706],[128.7012,1.0709],[128.2136,0.7739],[128.8996,0.2078],[127.9105,0.4377],[128.4407,-0.9088],[127.666,-0.2092]]],[[[125.4321,2.3877],[125.4526,2.3331],[125.3923,2.3257],[125.3695,2.3741],[125.4321,2.3877]]],[[[128.6864,2.484],[128.5667,2.1099],[128.2691,1.9953],[128.2415,2.2225],[128.1971,2.2662],[128.3211,2.4586],[128.5664,2.6336],[128.6864,2.484]]],[[[125.4436,2.793],[125.3926,2.6289],[125.3601,2.7533],[125.4016,2.8102],[125.4436,2.793]]],[[[125.6525,3.4696],[125.6172,3.3951],[125.5073,3.4633],[125.521,3.577],[125.4212,3.668],[125.4421,3.7366],[125.5345,3.6831],[125.6525,3.4696]]],[[[126.744,3.8534],[126.8561,3.7582],[126.8115,3.7319],[126.744,3.8534]]],[[[126.6565,3.9815],[126.7126,3.9207],[126.6961,3.8123],[126.6201,3.9913],[126.6151,4.0439],[126.6565,3.9815]]],[[[126.8707,4.3314],[126.6764,4.0045],[126.7337,4.5359],[126.8707,4.3314]]],[[[122.3608,-8.4329],[122.4092,-8.4867],[122.3522,-8.4802],[122.3608,-8.4329]]],[[[121.7103,-8.2888],[121.7453,-8.3117],[121.709,-8.3547],[121.6761,-8.3093],[121.7103,-8.2888]]],[[[121.7798,-7.3434],[121.8182,-7.3336],[121.8348,-7.3883],[121.759,-7.4158],[121.7798,-7.3434]]],[[[114.5938,-7.1305],[114.6188,-7.1673],[114.4954,-7.1547],[114.5938,-7.1305]]],[[[114.3693,-7.0896],[114.3783,-7.1782],[114.2928,-7.1432],[114.2698,-7.0808],[114.3223,-7.05],[114.3693,-7.0896]]],[[[123.3657,-1.6731],[123.3782,-1.7128],[123.2803,-1.7858],[123.3657,-1.6731]]],[[[122.1394,-0.3842],[122.0706,-0.398],[122.0767,-0.2691],[122.1394,-0.3842]]],[[[129.6751,-7.5715],[129.6585,-7.5351],[129.7139,-7.5582],[129.6751,-7.5715]]],[[[127.5513,-5.5124],[127.5552,-5.5066],[127.5614,-5.5173],[127.5513,-5.5124]]],[[[127.5549,-5.4905],[127.557,-5.4998],[127.5459,-5.4953],[127.5549,-5.4905]]],[[[127.79,-5.4096],[127.7985,-5.4002],[127.8034,-5.4076],[127.79,-5.4096]]],[[[127.7769,-5.3488],[127.7791,-5.3429],[127.7852,-5.353],[127.7769,-5.3488]]],[[[131.9865,-5.3176],[132.0163,-5.3308],[131.9656,-5.3888],[131.9865,-5.3176]]],[[[129.7578,-4.5226],[129.7627,-4.5188],[129.7783,-4.5245],[129.7703,-4.5393],[129.7578,-4.5226]]],[[[131.2363,1.0194],[131.2371,1.025],[131.2449,1.0353],[131.2442,1.0297],[131.2363,1.0194]]],[[[131.2556,1.0688],[131.2635,1.0759],[131.2712,1.072],[131.2702,1.061],[131.2654,1.0527],[131.2549,1.0443],[131.2536,1.0526],[131.2556,1.0688]]],[[[126.3949,1.3393],[126.3809,1.2834],[126.3472,1.3233],[126.3949,1.3393]]],[[[125.3934,2.1182],[125.3342,2.0819],[125.3543,2.1299],[125.3934,2.1182]]],[[[126.5912,5.5571],[126.5986,5.5654],[126.6029,5.564],[126.5994,5.5536],[126.5955,5.5484],[126.5912,5.5571]]],[[[115.8909,-7.1071],[115.8943,-7.1645],[115.8377,-7.1972],[115.743,-7.1503],[115.7782,-7.1155],[115.8802,-7.1585],[115.8909,-7.1071]]],[[[134.7278,-6.5046],[134.6748,-6.5631],[134.6238,-6.4861],[134.6843,-6.4578],[134.7278,-6.5046]]],[[[110.4313,-5.8373],[110.4656,-5.8395],[110.438,-5.881],[110.4313,-5.8373]]],[[[134.2127,-5.7587],[134.2204,-5.8156],[134.1805,-5.8273],[134.1697,-5.7683],[134.2127,-5.7587]]],[[[133.5918,-2.4615],[133.563,-2.5129],[133.49,-2.4312],[133.5918,-2.4615]]],[[[123.6006,-1.6033],[123.6013,-1.7028],[123.4935,-1.7096],[123.4767,-1.5628],[123.5233,-1.4827],[123.6006,-1.6033]]],[[[128.3674,-0.9884],[128.4067,-1.026],[128.3303,-1.0202],[128.3062,-0.9433],[128.3674,-0.9884]]],[[[129.9024,-0.4085],[129.8644,-0.4986],[129.8489,-0.4324],[129.9024,-0.4085]]],[[[98.5476,0.1593],[98.8057,0.1609],[98.8517,0.1096],[98.5387,0.0903],[98.5476,0.1593]]],[[[104.7249,0.7497],[104.741,0.7489],[104.7542,0.7372],[104.749,0.7226],[104.7393,0.7163],[104.7315,0.7225],[104.7207,0.7379],[104.7249,0.7497]]],[[[125.1722,1.7992],[125.1447,1.7418],[125.1294,1.8284],[125.1722,1.7992]]],[[[127.1304,4.7744],[127.1392,4.7666],[127.1458,4.7522],[127.136,4.7404],[127.1231,4.7525],[127.1214,4.7685],[127.124,4.772],[127.1304,4.7744]]]]}},{"type":"Feature","properties":{"name":"Malaysia","ISO3166-1-Alpha-2":"MY"},"geometry":{"type":"MultiPolygon","coordinates":[[[[117.7036,4.1634],[117.6401,4.2274],[117.7017,4.2675],[117.907,4.1567],[117.7036,4.1634]]],[[[102.0731,6.2575],[103.448,4.8065],[103.4412,2.9221],[104.2774,1.3673],[103.966,1.6479],[103.5164,1.2705],[101.8652,2.3945],[100.7095,3.883],[100.1668,6.6951],[101.0817,6.2465],[101.1222,5.6299],[101.5579,5.9113],[101.8005,5.7399],[102.0731,6.2575]]],[[[115.1462,4.9085],[115.557,5.0672],[115.3926,5.4133],[115.8486,5.56],[116.7774,7.0268],[116.7839,6.5916],[117.1502,7.0031],[117.7271,6.4512],[117.4688,5.8686],[118.0169,6.061],[117.9603,5.6872],[118.3652,5.8138],[119.2671,5.2011],[118.217,4.9658],[118.6458,4.4368],[118.0046,4.2316],[115.8441,4.3892],[114.5456,1.435],[113.6248,1.2276],[112.4705,1.5677],[111.8231,1.0085],[110.5539,0.8514],[109.658,1.5972],[109.6453,2.0832],[109.9277,1.6923],[111.3836,1.3537],[111.0056,1.5845],[111.2674,1.6273],[111.4579,2.7056],[113.0078,3.1617],[113.9758,4.5947],[114.6278,4.0167],[115.0158,4.9164],[115.3463,4.3138],[115.1462,4.9085]]],[[[111.4114,2.3911],[111.3699,2.3598],[111.3127,2.4313],[111.3154,2.7845],[111.381,2.6979],[111.4114,2.3911]]],[[[104.2227,2.7856],[104.2108,2.7151],[104.1306,2.7458],[104.1707,2.8911],[104.2227,2.7856]]],[[[118.7262,4.4919],[118.7561,4.4572],[118.6748,4.4366],[118.6441,4.4953],[118.7262,4.4919]]],[[[118.5103,4.6489],[118.5996,4.6426],[118.5352,4.6013],[118.3464,4.6762],[118.4563,4.6973],[118.5103,4.6489]]],[[[115.2485,5.3655],[115.2593,5.2912],[115.1592,5.2522],[115.1891,5.3448],[115.2485,5.3655]]],[[[100.3098,5.4508],[100.3434,5.4176],[100.2887,5.2627],[100.1843,5.2685],[100.1795,5.4582],[100.3098,5.4508]]],[[[99.7863,6.2418],[99.837,6.2942],[99.817,6.1765],[99.7863,6.2418]]],[[[117.4688,6.7667],[117.5066,6.6735],[117.443,6.6357],[117.3469,6.655],[117.4439,6.6986],[117.3999,6.7393],[117.4688,6.7667]]],[[[117.0026,7.3557],[117.01,7.28],[116.8518,7.1981],[117.0026,7.3557]]],[[[117.1712,7.3427],[117.2819,7.3323],[117.2624,7.202],[117.0715,7.1025],[117.0677,7.28],[117.1712,7.3427]]],[[[101.2712,3.0465],[101.2673,3.0353],[101.2596,3.0302],[101.2438,3.0262],[101.237,3.0351],[101.2444,3.049],[101.2629,3.0563],[101.2712,3.0465]]],[[[101.3377,3.0518],[101.2681,2.9652],[101.3059,3.064],[101.3377,3.0518]]]]}},{"type":"Feature","properties":{"name":"Chile","ISO3166-1-Alpha-2":"CL"},"geometry":{"type":"MultiPolygon","coordinates":[[[[-69.5101,-17.5066],[-69.0817,-18.04],[-68.9896,-18.9465],[-68.4476,-19.4346],[-68.7654,-20.4212],[-68.2075,-21.2843],[-67.8871,-22.8187],[-67.014,-23.0007],[-67.3624,-24.0304],[-68.5724,-24.7699],[-68.3666,-25.1234],[-68.5953,-26.4573],[-68.3305,-27.045],[-68.8143,-27.1203],[-69.653,-28.3979],[-70.0407,-29.2975],[-69.8358,-30.1619],[-70.5414,-31.1882],[-70.1095,-33.1696],[-69.7877,-33.3794],[-69.8289,-34.2333],[-70.5789,-35.2597],[-70.3869,-36.0587],[-71.1952,-36.8391],[-70.8376,-38.5845],[-71.3999,-38.9105],[-71.7144,-39.6014],[-71.9556,-40.7204],[-71.7363,-42.0839],[-72.1484,-42.5926],[-72.1293,-43.0422],[-71.743,-43.1901],[-71.8606,-44.3771],[-71.1224,-44.5494],[-72.0887,-44.7828],[-71.3172,-45.2672],[-71.7651,-45.5724],[-71.6872,-46.6901],[-71.9501,-46.814],[-71.8807,-47.2219],[-72.3612,-47.451],[-72.5439,-47.9148],[-72.2951,-48.3333],[-72.5923,-48.7911],[-73.5866,-49.53],[-73.1777,-50.7495],[-72.3028,-50.6489],[-72.4501,-51.5527],[-71.9652,-51.9706],[-68.4482,-52.3104],[-69.2347,-52.2031],[-70.8638,-52.7214],[-70.9736,-53.756],[-71.285,-53.886],[-72.4533,-53.4073],[-71.8556,-53.2254],[-71.8142,-53.5207],[-71.1188,-52.9196],[-71.3988,-52.7282],[-72.022,-53.1254],[-72.5631,-53.0789],[-72.1914,-53.1806],[-72.6451,-53.3178],[-72.3646,-53.5369],[-73.303,-53.1534],[-72.7196,-53.2926],[-72.9604,-52.825],[-71.5716,-52.5613],[-72.858,-52.5022],[-72.9884,-52.7043],[-72.6739,-52.6525],[-73.1985,-53.1049],[-73.5637,-52.7971],[-72.9058,-52.496],[-73.6995,-52.7145],[-73.4949,-52.4755],[-73.735,-52.03],[-72.8664,-52.2568],[-72.8028,-51.9374],[-72.5359,-52.2218],[-72.9305,-52.4482],[-72.5222,-52.4483],[-72.4669,-51.7897],[-73.2604,-51.4711],[-72.5495,-51.7413],[-73.28,-51.6062],[-72.9194,-51.8586],[-73.2237,-52.0915],[-73.3862,-51.6525],[-73.3162,-52.1661],[-73.6456,-51.8487],[-73.3998,-52.0157],[-73.4607,-51.6867],[-73.8995,-51.6252],[-73.8804,-51.3679],[-73.6045,-51.6114],[-73.6941,-51.1393],[-74.2564,-50.9394],[-73.8033,-50.9605],[-73.5637,-50.405],[-74.0427,-50.822],[-74.2974,-50.4806],[-73.8797,-50.5427],[-74.0162,-50.3639],[-74.6947,-50.183],[-73.8579,-50.2895],[-74.3649,-49.9511],[-73.8859,-50.0766],[-74.3483,-49.7921],[-74.0785,-49.5369],[-73.712,-49.7656],[-74.1235,-49.4226],[-73.8218,-49.0423],[-74.2411,-49.5279],[-74.4687,-49.0317],[-74.0572,-48.7403],[-74.3922,-48.5991],[-73.8927,-48.4113],[-74.6326,-48.0349],[-73.5563,-48.2468],[-73.2818,-48.0793],[-73.6531,-47.898],[-73.2279,-48.0041],[-73.7214,-47.5274],[-73.9237,-47.8427],[-74.7356,-47.7187],[-74.0435,-47.6095],[-74.5286,-47.4317],[-73.9735,-47.255],[-74.1261,-46.8285],[-75.0065,-46.7535],[-74.9342,-46.4376],[-75.661,-46.7672],[-75.4106,-46.9316],[-75.7083,-46.6547],[-74.3596,-45.7903],[-73.9706,-46.0842],[-74.4899,-46.1894],[-73.8449,-46.342],[-73.8818,-46.1418],[-73.9892,-46.5597],[-73.7419,-46.5338],[-73.3446,-46.0265],[-73.6879,-46.322],[-73.6606,-45.9757],[-73.1858,-45.6625],[-73.5917,-45.7802],[-73.5109,-45.4518],[-72.8306,-45.4181],[-73.4481,-45.2795],[-73.3978,-44.9882],[-72.598,-44.5053],[-73.29,-44.1524],[-72.8246,-43.8079],[-73.0846,-43.3163],[-72.7345,-43.0797],[-72.8403,-42.5248],[-72.5394,-42.5583],[-72.8437,-42.2783],[-72.4198,-42.4396],[-72.4643,-41.9762],[-72.8886,-41.9108],[-72.3031,-41.3808],[-72.4262,-41.664],[-72.9573,-41.4836],[-73.515,-41.8036],[-73.9406,-41.05],[-73.7112,-39.9687],[-73.3788,-39.9005],[-73.2245,-39.4173],[-73.6804,-37.3478],[-73.2091,-37.1603],[-71.6247,-33.5414],[-71.7619,-33.102],[-71.4079,-32.3863],[-71.7134,-30.6149],[-71.2826,-29.8801],[-71.522,-28.9401],[-70.63,-26.341],[-70.3907,-23.5769],[-70.6001,-23.2442],[-70.0587,-21.4334],[-70.3947,-18.3377],[-69.9703,-18.2506],[-69.5101,-17.5066]]],[[[-68.642,-54.7992],[-70.7588,-54.8406],[-70.491,-54.6139],[-71.0276,-54.777],[-72.0077,-54.5053],[-70.8006,-54.3159],[-70.7644,-54.5995],[-70.1307,-54.545],[-70.9327,-54.1135],[-69.7754,-54.5549],[-69.8591,-54.2804],[-69.5005,-54.3422],[-69.2279,-54.4638],[-69.3772,-54.6816],[-68.9949,-54.4684],[-70.1782,-53.8334],[-69.3527,-53.3557],[-70.4735,-53.3093],[-70.0892,-52.9111],[-70.4161,-52.7581],[-69.9114,-52.8479],[-69.4176,-52.4515],[-68.6276,-52.6396],[-68.642,-54.7992]]],[[[-80.7593,-33.7668],[-80.7408,-33.6852],[-80.7047,-33.7668],[-80.7593,-33.7668]]],[[[-78.789,-33.6091],[-78.7576,-33.6432],[-78.9917,-33.6569],[-78.8849,-33.5756],[-78.789,-33.6091]]],[[[-109.2316,-27.0925],[-109.4513,-27.1955],[-109.3796,-27.0595],[-109.2316,-27.0925]]],[[[-105.4595,-26.4648],[-105.4709,-26.4577],[-105.4659,-26.4555],[-105.4635,-26.457],[-105.4619,-26.4606],[-105.4595,-26.4648]]],[[[-79.9018,-26.3474],[-79.8907,-26.3517],[-79.8902,-26.3561],[-79.8974,-26.3588],[-79.9094,-26.3582],[-79.9018,-26.3474]]],[[[-80.0957,-26.266],[-80.0948,-26.2678],[-80.0927,-26.2695],[-80.0907,-26.2714],[-80.0904,-26.2745],[-80.0992,-26.2753],[-80.1078,-26.275],[-80.0957,-26.266]]],[[[-67.2451,-55.8396],[-67.2241,-55.8976],[-67.4171,-55.8336],[-67.2451,-55.8396]]],[[[-67.0943,-55.8261],[-67.0784,-55.9101],[-67.17,-55.8738],[-67.1404,-55.8173],[-67.0943,-55.8261]]],[[[-67.6431,-55.4973],[-67.5878,-55.5859],[-67.7386,-55.6169],[-67.6839,-55.5654],[-67.6994,-55.5055],[-67.6431,-55.4973]]],[[[-69.7145,-55.345],[-69.6373,-55.3884],[-69.8017,-55.4078],[-69.8017,-55.3326],[-69.7145,-55.345]]],[[[-70.014,-55.3059],[-69.9451,-55.2985],[-70.0065,-55.3744],[-70.0277,-55.3189],[-70.1102,-55.2923],[-70.014,-55.3059]]],[[[-66.8553,-55.2712],[-66.8396,-55.3025],[-66.9381,-55.3346],[-67.0602,-55.3263],[-67.0745,-55.278],[-66.9923,-55.2287],[-66.8653,-55.233],[-66.8553,-55.2712]]],[[[-66.4267,-55.1855],[-66.5155,-55.2643],[-66.6431,-55.2643],[-66.6322,-55.206],[-66.5348,-55.1628],[-66.4267,-55.1855]]],[[[-66.869,-55.0241],[-66.8069,-55.1129],[-67.0709,-55.0095],[-66.869,-55.0241]]],[[[-67.9993,-55.6275],[-68.8653,-55.5053],[-68.8011,-55.1887],[-69.4386,-55.1619],[-69.1616,-55.5143],[-70.0311,-55.1476],[-68.4412,-54.9397],[-69.057,-55.0608],[-68.2092,-55.2629],[-68.746,-55.2712],[-67.9993,-55.6275]]],[[[-67.8832,-55.2438],[-68.3453,-54.9211],[-67.0534,-55.0937],[-67.8832,-55.2438]]],[[[-70.4218,-54.846],[-70.401,-54.8733],[-70.5809,-54.8979],[-70.7477,-54.8733],[-70.4218,-54.846]]],[[[-71.9468,-54.7026],[-71.9264,-54.7367],[-71.9975,-54.7531],[-71.9915,-54.6989],[-72.1043,-54.6448],[-72.0282,-54.6293],[-71.9468,-54.7026]]],[[[-70.3846,-54.1881],[-70.2187,-54.2346],[-70.2694,-54.2711],[-70.4591,-54.2359],[-70.5211,-54.1744],[-70.4917,-54.1484],[-70.3846,-54.1881]]],[[[-73.1801,-54.072],[-73.1785,-54.1272],[-73.3134,-54.1212],[-73.3374,-54.0659],[-73.4744,-54.072],[-73.3583,-54.0236],[-73.1801,-54.072]]],[[[-72.0151,-54.2023],[-72.2591,-53.9299],[-71.6529,-53.9264],[-71.9523,-54.0149],[-71.8301,-54.3315],[-72.0151,-54.2023]]],[[[-70.455,-53.6116],[-70.3428,-54.0281],[-70.8227,-54.1135],[-70.8815,-53.8423],[-70.455,-53.6116]]],[[[-73.8245,-53.4721],[-73.6879,-53.5232],[-73.8485,-53.5883],[-73.8245,-53.5369],[-73.8923,-53.5263],[-73.8334,-53.5058],[-73.8548,-53.4482],[-73.8245,-53.4721]]],[[[-72.5297,-54.0754],[-73.0089,-54.0925],[-72.8017,-53.8175],[-73.3089,-53.9738],[-73.2454,-53.7158],[-73.6153,-53.614],[-72.9529,-53.6645],[-73.4203,-53.4789],[-73.0377,-53.3855],[-72.8841,-53.6813],[-72.8585,-53.4527],[-72.4642,-53.5751],[-72.1387,-53.7976],[-72.5297,-54.0754]]],[[[-74.1459,-53.2428],[-74.0581,-53.2503],[-74.1161,-53.3074],[-74.2422,-53.311],[-74.1459,-53.2428]]],[[[-73.331,-52.694],[-73.331,-52.7009],[-73.3692,-52.7286],[-73.3886,-52.7374],[-73.3998,-52.7282],[-73.3719,-52.7077],[-73.3629,-52.7033],[-73.331,-52.694]]],[[[-73.8374,-52.7009],[-74.1844,-52.5868],[-73.7252,-52.4047],[-73.8374,-52.7009]]],[[[-73.7698,-52.3793],[-73.8727,-52.3762],[-73.8245,-52.3385],[-74.0928,-52.1666],[-74.0422,-52.1413],[-73.8153,-52.2411],[-73.7698,-52.3793]]],[[[-74.7908,-52.1795],[-74.7939,-52.124],[-74.6018,-52.0641],[-74.6719,-52.163],[-74.7908,-52.1795]]],[[[-74.4923,-51.9787],[-74.7356,-52.0846],[-74.5438,-51.9207],[-74.4923,-51.9787]]],[[[-75.0611,-51.8823],[-75.1169,-51.8941],[-75.0954,-51.7765],[-74.9827,-51.7214],[-75.0009,-51.8438],[-75.0611,-51.8823]]],[[[-73.7897,-51.735],[-73.7716,-51.781],[-73.8388,-51.8126],[-73.9405,-51.6632],[-73.7897,-51.735]]],[[[-74.1971,-51.4267],[-74.2386,-51.4096],[-74.2546,-51.2908],[-74.1651,-51.287],[-74.1124,-51.3788],[-74.1194,-51.4474],[-74.1971,-51.4267]]],[[[-73.7931,-51.2587],[-73.7549,-51.2976],[-73.7937,-51.371],[-73.8956,-51.3352],[-73.8245,-51.3036],[-73.9206,-51.3036],[-73.7931,-51.2587]]],[[[-74.8653,-51.1215],[-74.8769,-51.1585],[-75.0205,-51.1728],[-74.969,-51.1044],[-74.8653,-51.1215]]],[[[-74.2489,-51.2348],[-74.2846,-51.2356],[-74.352,-50.9257],[-74.3013,-50.9392],[-74.1969,-51.1754],[-74.2489,-51.2348]]],[[[-74.3856,-50.9811],[-74.9664,-50.9499],[-74.6605,-50.7277],[-74.3856,-50.9811]]],[[[-74.9815,-50.7978],[-75.0839,-50.7836],[-75.1131,-50.7213],[-75.0441,-50.7072],[-75.0817,-50.6549],[-74.9854,-50.6572],[-74.9815,-50.7978]]],[[[-74.6087,-50.5148],[-74.6027,-50.5631],[-74.6735,-50.5769],[-74.681,-50.5148],[-74.6087,-50.5148]]],[[[-75.126,-50.4943],[-75.4618,-50.7625],[-75.4686,-50.4943],[-75.126,-50.4943]]],[[[-74.3104,-50.8342],[-74.6735,-50.4738],[-74.3831,-50.456],[-74.3104,-50.8342]]],[[[-74.7834,-50.4806],[-74.7367,-50.3718],[-74.5446,-50.3821],[-74.7203,-50.4894],[-74.7834,-50.4806]]],[[[-75.0406,-50.2895],[-75.4549,-50.3639],[-75.1198,-50.1388],[-75.4004,-50.0392],[-74.7997,-50.1254],[-75.0406,-50.2895]]],[[[-75.5213,-49.3791],[-75.4294,-49.4664],[-75.4404,-49.5178],[-75.5443,-49.4529],[-75.5016,-49.4384],[-75.5476,-49.4113],[-75.5213,-49.3791]]],[[[-75.1983,-49.7712],[-75.462,-49.3066],[-74.8932,-49.364],[-75.058,-48.8167],[-74.5438,-48.7062],[-74.4742,-49.9445],[-74.9137,-49.9259],[-74.6462,-49.3498],[-74.9877,-49.4793],[-75.0099,-49.8985],[-75.1983,-49.7712]]],[[[-75.085,-48.6373],[-75.0607,-48.6994],[-75.1094,-48.8092],[-75.2461,-48.7848],[-75.085,-48.6373]]],[[[-75.0236,-48.6887],[-74.9752,-48.685],[-75.0099,-48.6373],[-74.8249,-48.6584],[-74.9883,-48.7405],[-75.0441,-48.7328],[-75.0236,-48.6887]]],[[[-75.3389,-48.6242],[-75.297,-48.7271],[-75.3842,-48.6965],[-75.4932,-48.7756],[-75.6479,-48.7789],[-75.6418,-48.7013],[-75.5076,-48.7175],[-75.3389,-48.6242]]],[[[-74.4721,-48.456],[-74.5102,-48.4083],[-74.4769,-48.4055],[-74.3031,-48.4799],[-74.429,-48.5258],[-74.4721,-48.456]]],[[[-74.0907,-48.4796],[-74.2508,-48.378],[-74.0572,-48.4256],[-74.0907,-48.4796]]],[[[-74.4954,-48.3499],[-74.3588,-48.3703],[-74.3932,-48.3132],[-74.3141,-48.2809],[-74.2233,-48.4449],[-74.2717,-48.4627],[-74.4954,-48.3499]]],[[[-74.4991,-48.5832],[-75.0331,-48.5045],[-74.7172,-48.4535],[-74.7377,-48.1257],[-74.4991,-48.5832]]],[[[-74.5438,-48.322],[-74.5219,-48.1945],[-74.6037,-48.2354],[-74.6052,-48.1574],[-74.5582,-48.1223],[-74.3726,-48.2532],[-74.5438,-48.322]]],[[[-75.1608,-48.2984],[-75.2563,-48.0686],[-74.8045,-48.1745],[-75.1608,-48.2984]]],[[[-75.2706,-48.0278],[-74.7883,-47.8123],[-74.7274,-48.1059],[-75.2706,-48.0278]]],[[[-75.1824,-47.8315],[-75.3425,-47.7829],[-75.3559,-47.7361],[-75.0916,-47.6805],[-75.0594,-47.7499],[-75.1232,-47.7819],[-75.0237,-47.8033],[-75.1824,-47.8315]]],[[[-74.8852,-47.7121],[-74.868,-47.7632],[-74.9577,-47.7748],[-75.0544,-47.6896],[-75.0004,-47.6622],[-74.8852,-47.7121]]],[[[-74.4687,-47.075],[-74.3567,-47.045],[-74.3158,-47.0781],[-74.4547,-47.1677],[-74.4687,-47.075]]],[[[-74.0746,-47.0203],[-73.9753,-47.0476],[-74.0674,-47.1375],[-74.1725,-47.1692],[-74.2265,-47.122],[-74.1774,-47.0165],[-74.1112,-47.0539],[-74.0746,-47.0203]]],[[[-73.7251,-46.0505],[-73.6841,-46.1054],[-73.7755,-46.1995],[-73.9405,-46.0681],[-73.8965,-46.0115],[-73.7251,-46.0505]]],[[[-73.7077,-45.9236],[-73.6832,-46.0177],[-73.8195,-45.9987],[-73.7721,-45.8987],[-73.7077,-45.9236]]],[[[-73.7419,-45.7939],[-73.6941,-45.8888],[-73.7897,-45.8757],[-73.8566,-45.9675],[-73.9343,-45.9719],[-73.9114,-45.8753],[-73.7419,-45.7939]]],[[[-73.9268,-45.7454],[-74.0156,-45.914],[-74.0946,-45.7639],[-73.9268,-45.7454]]],[[[-74.7908,-45.6325],[-74.7751,-45.7053],[-74.8793,-45.6246],[-74.7908,-45.6325]]],[[[-74.5544,-45.5748],[-74.5839,-45.7353],[-74.6857,-45.7433],[-74.6797,-45.6207],[-74.5544,-45.5748]]],[[[-74.0714,-45.6909],[-74.1147,-45.5997],[-74.0504,-45.5446],[-73.9102,-45.591],[-73.9206,-45.6977],[-74.0714,-45.6909]]],[[[-73.8859,-45.4711],[-73.817,-45.4748],[-73.8705,-45.5617],[-74.0297,-45.5173],[-74.1426,-45.575],[-74.064,-45.4233],[-73.8859,-45.4711]]],[[[-74.5544,-45.5468],[-74.5198,-45.4441],[-74.4457,-45.4282],[-74.5013,-45.5881],[-74.5544,-45.5468]]],[[[-73.8245,-45.3959],[-73.9217,-45.4304],[-74.023,-45.3927],[-73.8245,-45.3959]]],[[[-74.3414,-45.3377],[-74.3104,-45.3893],[-74.378,-45.401],[-74.5258,-45.295],[-74.3893,-45.2817],[-74.3414,-45.3377]]],[[[-73.8245,-45.2663],[-73.7862,-45.3339],[-74.0123,-45.3536],[-74.1295,-45.324],[-74.1671,-45.2526],[-74.0704,-45.2043],[-73.9861,-45.2708],[-73.8245,-45.2663]]],[[[-74.2735,-45.2079],[-74.3253,-45.3023],[-74.4203,-45.2321],[-74.3876,-45.1552],[-74.2735,-45.2079]]],[[[-74.2701,-44.9441],[-74.1637,-44.8647],[-73.9132,-44.9504],[-74.2801,-45.0274],[-74.3636,-44.9972],[-74.2701,-44.9441]]],[[[-73.9616,-44.8102],[-74.0714,-44.8542],[-74.1875,-44.8063],[-73.9957,-44.7721],[-73.9616,-44.8102]]],[[[-73.9305,-44.7892],[-73.8545,-44.7687],[-73.7623,-44.9299],[-73.8137,-44.9609],[-73.8832,-44.9282],[-73.9267,-44.8544],[-73.8579,-44.8957],[-73.9305,-44.7892]]],[[[-75.0915,-44.7961],[-75.0217,-44.8437],[-75.0313,-44.904],[-75.1524,-44.9212],[-75.1983,-44.8072],[-75.1472,-44.7638],[-75.0915,-44.7961]]],[[[-73.6047,-44.7449],[-73.6273,-44.8298],[-73.7493,-44.8028],[-73.7417,-44.7547],[-73.6047,-44.7449]]],[[[-74.3414,-44.8063],[-74.3124,-44.8414],[-74.3935,-44.857],[-74.5277,-44.7433],[-74.4271,-44.7182],[-74.3414,-44.8063]]],[[[-74.4823,-44.6363],[-74.469,-44.6972],[-74.6695,-44.6702],[-74.6227,-44.622],[-74.4823,-44.6363]]],[[[-74.7772,-44.5812],[-74.7325,-44.5932],[-74.7478,-44.6656],[-74.8039,-44.6738],[-74.8249,-44.5812],[-74.7982,-44.5488],[-74.7772,-44.5812]]],[[[-73.66,-44.6765],[-73.6029,-44.7158],[-73.7525,-44.7414],[-73.8443,-44.6525],[-73.8214,-44.5787],[-73.6799,-44.5449],[-73.6252,-44.622],[-73.66,-44.6765]]],[[[-74.1937,-44.4923],[-74.1542,-44.5597],[-74.3263,-44.5797],[-74.3689,-44.5411],[-74.1937,-44.4923]]],[[[-74.036,-44.4985],[-74.1671,-44.4303],[-73.9574,-44.4793],[-73.9596,-44.5514],[-74.1265,-44.5343],[-74.036,-44.4985]]],[[[-73.7897,-44.4228],[-73.867,-44.4661],[-73.911,-44.3967],[-73.8877,-44.3692],[-73.7897,-44.4228]]],[[[-73.3825,-44.5878],[-72.7212,-44.528],[-73.257,-44.94],[-73.3825,-44.5878]]],[[[-73.7265,-44.4251],[-73.7897,-44.3824],[-73.6541,-44.3508],[-73.7288,-44.3886],[-73.6787,-44.4345],[-73.7265,-44.4251]]],[[[-74.0299,-44.3546],[-73.9268,-44.3546],[-73.9405,-44.4506],[-74.0907,-44.3749],[-74.1124,-44.3272],[-74.0299,-44.3546]]],[[[-73.2628,-44.3884],[-73.3027,-44.3497],[-73.249,-44.3067],[-73.1772,-44.3678],[-73.2628,-44.3884]]],[[[-73.8654,-44.3341],[-73.9753,-44.2896],[-73.8057,-44.2664],[-73.7891,-44.3095],[-73.8654,-44.3341]]],[[[-74.3866,-44.2499],[-74.29,-44.2973],[-74.4099,-44.2844],[-74.3866,-44.2499]]],[[[-73.7419,-44.2651],[-73.6662,-44.2651],[-73.722,-44.3028],[-73.7419,-44.2651]]],[[[-74.1087,-44.2275],[-74.1105,-44.1891],[-74.0497,-44.1969],[-74.0643,-44.149],[-73.8936,-44.2394],[-74.0093,-44.2573],[-74.0179,-44.3277],[-74.1087,-44.2275]]],[[[-74.277,-44.149],[-74.2582,-44.1731],[-74.3374,-44.1899],[-74.3856,-44.1596],[-74.277,-44.149]]],[[[-73.8828,-44.1183],[-73.8323,-44.1608],[-73.8592,-44.1948],[-74.0162,-44.1428],[-73.8828,-44.1183]]],[[[-73.745,-43.9535],[-73.6388,-44.0051],[-73.6334,-44.1238],[-73.7288,-44.0466],[-73.745,-43.9535]]],[[[-73.2279,-44.0119],[-73.2842,-43.9357],[-73.1597,-43.8815],[-73.1516,-44.0158],[-73.2279,-44.0119]]],[[[-74.8182,-43.635],[-74.825,-43.5624],[-74.7449,-43.5659],[-74.7379,-43.5302],[-74.5575,-43.6274],[-74.7585,-43.6769],[-74.8182,-43.635]]],[[[-73.6047,-42.5793],[-73.6168,-42.6388],[-73.755,-42.5988],[-73.6047,-42.5793]]],[[[-73.4123,-42.5256],[-73.4212,-42.5636],[-73.6127,-42.4518],[-73.6463,-42.3738],[-73.5432,-42.3792],[-73.4123,-42.5256]]],[[[-73.0876,-42.2475],[-73.0732,-42.289],[-73.1416,-42.3137],[-73.1939,-42.2491],[-73.0876,-42.2475]]],[[[-72.5427,-42.141],[-72.6178,-42.1036],[-72.5597,-42.0517],[-72.5093,-42.0733],[-72.508,-42.1389],[-72.5427,-42.141]]],[[[-74.3346,-43.2817],[-74.064,-41.8059],[-73.5649,-41.8049],[-73.3788,-42.2783],[-73.8245,-42.5144],[-73.5023,-43.128],[-73.8475,-43.4235],[-74.3346,-43.2817]]],[[[-73.0876,-41.8434],[-73.0669,-41.737],[-73.003,-41.8443],[-73.0876,-41.8434]]],[[[-73.0372,-54.4565],[-72.9538,-54.4569],[-72.9891,-54.4957],[-73.0983,-54.4858],[-73.0372,-54.4565]]],[[[-70.4026,-54.0786],[-70.3133,-54.0528],[-70.2981,-54.126],[-70.3497,-54.1559],[-70.4671,-54.1241],[-70.5048,-54.073],[-70.4026,-54.0786]]],[[[-70.6868,-52.8474],[-70.6193,-52.8434],[-70.6763,-52.8948],[-70.7897,-52.9005],[-70.6868,-52.8474]]],[[[-74.4278,-52.5037],[-74.3493,-52.623],[-74.482,-52.5708],[-74.4278,-52.5037]]],[[[-74.4764,-52.3097],[-74.4822,-52.4417],[-74.5364,-52.3687],[-74.4764,-52.3097]]],[[[-74.359,-51.3379],[-74.3062,-51.4178],[-74.3965,-51.4131],[-74.412,-51.367],[-74.359,-51.3379]]],[[[-74.9703,-50.2875],[-74.8893,-50.2949],[-74.9763,-50.4329],[-75.0445,-50.476],[-75.1716,-50.4622],[-74.9703,-50.2875]]],[[[-74.426,-49.6149],[-74.4686,-49.5012],[-74.427,-49.4265],[-74.288,-49.5484],[-74.426,-49.6149]]],[[[-74.6499,-47.7977],[-74.5262,-47.8129],[-74.5247,-47.8684],[-74.594,-47.8644],[-74.644,-47.9231],[-74.6892,-47.8341],[-74.6499,-47.7977]]],[[[-75.3231,-46.6851],[-75.174,-46.678],[-75.1322,-46.778],[-75.3231,-46.6851]]],[[[-73.6911,-43.1882],[-73.6612,-43.2448],[-73.7185,-43.216],[-73.6911,-43.1882]]],[[[-73.0092,-42.6953],[-72.9304,-42.7233],[-72.9188,-42.7865],[-72.9565,-42.8078],[-73.0336,-42.7139],[-73.0092,-42.6953]]],[[[-73.8824,-38.3608],[-73.9121,-38.4099],[-73.9534,-38.3136],[-73.8824,-38.3608]]],[[[-73.5408,-36.9894],[-73.4465,-37.0592],[-73.5189,-37.0799],[-73.5408,-36.9894]]]]}},{"type":"Feature","properties":{"name":"Bolivia","ISO3166-1-Alpha-2":"BO"},"geometry":{"type":"Polygon","coordinates":[[[-69.5101,-17.5066],[-69.6228,-17.1856],[-68.8335,-16.329],[-69.43,-15.6263],[-69.1481,-15.2333],[-69.3705,-14.8015],[-68.8644,-14.1912],[-69.1016,-13.6666],[-68.6843,-12.5025],[-69.5776,-10.9523],[-68.6157,-11.1125],[-66.6426,-9.9079],[-65.4162,-9.6801],[-65.3873,-11.2776],[-65.0094,-11.9843],[-64.2875,-12.4971],[-63.075,-12.6527],[-61.8364,-13.5406],[-61.0472,-13.4646],[-60.4726,-13.7979],[-60.2698,-15.0834],[-60.5822,-15.0989],[-60.1607,-16.2648],[-58.3497,-16.2804],[-58.3991,-17.2374],[-57.8007,-17.5335],[-57.4668,-18.2396],[-58.1246,-19.7299],[-57.8597,-19.9801],[-58.1588,-20.1651],[-58.1753,-19.8214],[-59.0895,-19.2867],[-61.7532,-19.6459],[-62.6504,-22.2345],[-63.9332,-22.0018],[-64.3253,-22.8719],[-64.5962,-22.2066],[-66.2225,-21.7869],[-67.1939,-22.8222],[-67.7714,-22.8887],[-68.7654,-20.4212],[-68.4476,-19.4346],[-68.9896,-18.9465],[-69.0817,-18.04],[-69.5101,-17.5066]]]}},{"type":"Feature","properties":{"name":"Peru","ISO3166-1-Alpha-2":"PE"},"geometry":{"type":"MultiPolygon","coordinates":[[[[-69.5101,-17.5066],[-69.9703,-18.2506],[-70.3947,-18.3377],[-71.3844,-17.6978],[-71.5145,-17.2846],[-75.0487,-15.4607],[-75.9307,-14.6493],[-76.394,-13.908],[-76.2211,-13.3576],[-77.6473,-11.2923],[-78.9857,-8.2174],[-80.0045,-6.7409],[-81.1308,-6.0346],[-80.8562,-5.6505],[-81.3289,-4.4767],[-80.8076,-3.7394],[-80.2797,-3.4156],[-80.1653,-3.89],[-80.492,-4.0149],[-80.4835,-4.434],[-79.658,-4.4387],[-79.0639,-5.0114],[-78.3508,-3.3896],[-76.6253,-2.5377],[-75.573,-1.5373],[-75.2275,-0.9631],[-75.6376,-0.1115],[-74.8247,-0.1705],[-74.2668,-0.9723],[-73.6366,-1.2552],[-72.9354,-2.4253],[-70.9927,-2.1974],[-70.0504,-2.7143],[-70.7341,-3.782],[-70.3111,-3.8293],[-69.9894,-4.3146],[-70.6468,-4.1157],[-72.9179,-5.1321],[-73.1478,-6.4762],[-73.7594,-6.8874],[-74.0185,-7.5435],[-72.9761,-8.9854],[-73.215,-9.409],[-72.3127,-9.5325],[-72.1957,-10.0056],[-71.2997,-9.9934],[-70.525,-9.4309],[-70.6413,-11.0108],[-69.5776,-10.9523],[-68.6843,-12.5025],[-69.1016,-13.6666],[-68.8644,-14.1912],[-69.3705,-14.8015],[-69.1481,-15.2333],[-69.43,-15.6263],[-68.8335,-16.329],[-69.6228,-17.1856],[-69.5101,-17.5066]]]]}},{"type":"Feature","properties":{"name":"Argentina","ISO3166-1-Alpha-2":"AR"},"geometry":{"type":"MultiPolygon","coordinates":[[[[-67.1939,-22.8222],[-66.2225,-21.7869],[-64.5962,-22.2066],[-64.3253,-22.8719],[-63.9476,-22.0076],[-62.8044,-22.0041],[-61.0063,-23.8055],[-57.7541,-25.1809],[-57.5753,-25.5644],[-58.6042,-27.3163],[-55.7547,-27.4437],[-54.7931,-26.645],[-54.6002,-25.5749],[-53.91,-25.6292],[-53.6616,-26.2598],[-53.83,-27.1568],[-55.7725,-28.232],[-57.8898,-30.5508],[-58.5704,-34.2882],[-57.2488,-35.2488],[-57.3664,-35.9879],[-56.6723,-36.6005],[-57.5584,-38.1209],[-59.7969,-38.8385],[-62.3798,-38.7984],[-62.0239,-39.3648],[-62.2839,-39.3107],[-62.1144,-39.8215],[-62.4901,-40.3079],[-62.1815,-40.6266],[-62.7294,-41.0411],[-63.7794,-41.1588],[-65.1317,-40.8424],[-65.005,-42.0932],[-64.4451,-42.4467],[-63.7686,-42.0777],[-63.6203,-42.7512],[-64.946,-42.6542],[-64.3021,-42.9809],[-65.3308,-43.6633],[-65.2169,-44.3664],[-65.7271,-44.8096],[-65.5214,-44.9319],[-66.9293,-45.2565],[-67.5785,-45.9929],[-67.4232,-46.5674],[-66.7864,-47.0066],[-65.7449,-47.2042],[-65.8456,-47.7422],[-66.3892,-47.8639],[-65.762,-47.9486],[-67.5565,-49.0158],[-67.8949,-49.9969],[-68.3419,-50.1176],[-68.7397,-49.7277],[-68.5773,-49.9276],[-69.0135,-50.0077],[-68.3499,-50.1488],[-68.8764,-50.3306],[-69.4107,-51.0839],[-69.1678,-50.9782],[-68.9626,-51.5602],[-69.6168,-51.6252],[-68.9735,-51.62],[-68.4347,-52.3907],[-69.9528,-52.0074],[-71.9652,-51.9706],[-72.4501,-51.5527],[-72.3028,-50.6489],[-73.1777,-50.7495],[-73.5727,-49.9324],[-72.3023,-48.3475],[-72.5439,-47.9148],[-71.6872,-46.6901],[-71.7651,-45.5724],[-71.3172,-45.2672],[-72.0887,-44.7828],[-71.1224,-44.5494],[-71.8606,-44.3771],[-71.743,-43.1901],[-72.1293,-43.0422],[-72.1484,-42.5926],[-71.7363,-42.0839],[-71.9556,-40.7204],[-71.7144,-39.6014],[-71.3999,-38.9105],[-70.8376,-38.5845],[-71.1952,-36.8391],[-70.3869,-36.0587],[-70.5789,-35.2597],[-69.8289,-34.2333],[-69.7877,-33.3794],[-70.1095,-33.1696],[-70.569,-31.3042],[-69.8358,-30.1619],[-70.0407,-29.2975],[-69.653,-28.3979],[-68.8143,-27.1203],[-68.3305,-27.045],[-68.5953,-26.4573],[-68.3666,-25.1234],[-68.5724,-24.7699],[-67.3398,-24.0006],[-67.014,-23.0007],[-67.1939,-22.8222]]],[[[-68.6541,-54.8862],[-68.642,-54.7992],[-68.5682,-54.8784],[-68.6541,-54.8862]]],[[[-68.6419,-54.783],[-68.6276,-52.6396],[-68.2258,-53.1025],[-68.5508,-53.2385],[-67.5715,-53.908],[-66.4822,-54.4658],[-65.1419,-54.6469],[-65.359,-54.9267],[-66.4507,-55.052],[-68.6419,-54.783]]],[[[-61.9072,-39.1367],[-61.8617,-39.2099],[-61.8885,-39.2407],[-62.0268,-39.1829],[-62.098,-39.0878],[-61.9072,-39.1367]]],[[[-62.1553,-40.3742],[-62.094,-40.3774],[-62.0285,-40.4549],[-62.1087,-40.5641],[-62.2373,-40.5099],[-62.1553,-40.3742]]],[[[-62.119,-40.1307],[-62.0147,-40.1752],[-62.0212,-40.3436],[-62.1332,-40.1811],[-62.119,-40.1307]]]]}},{"type":"Feature","properties":{"name":"Cyprus","ISO3166-1-Alpha-2":"CY"},"geometry":{"type":"MultiPolygon","coordinates":[[[[33.7029,34.9879],[32.9625,34.625],[32.2717,35.0728],[33.7029,34.9879]]],[[[33.8981,35.0613],[34.022,35.057],[34.0991,34.9652],[33.8458,34.9597],[33.8044,35.0495],[33.8981,35.0613]]]]}},{"type":"Feature","properties":{"name":"India","ISO3166-1-Alpha-2":"IN"},"geometry":{"type":"MultiPolygon","coordinates":[[[[77.8003,35.4954],[78.0443,35.4916],[78.296,34.6247],[78.9512,34.3492],[78.8009,33.4942],[79.4561,33.2504],[79.6139,32.765],[78.9434,32.3464],[78.3848,32.5475],[78.7451,31.3081],[79.1314,31.4384],[81.0033,30.2127],[80.369,29.7579],[80.0364,28.837],[82.7521,27.495],[84.1172,27.5133],[85.8285,26.5661],[87.9755,26.3666],[88.0999,27.9283],[88.6105,28.1058],[88.8551,27.8592],[88.7301,27.151],[89.0965,26.8214],[91.8787,26.803],[92.0888,27.2923],[91.5644,27.8514],[92.575,27.8478],[94.5999,29.3166],[95.3674,29.0365],[96.0745,29.3693],[96.5926,28.7579],[96.3019,28.4207],[97.1155,28.3666],[97.3623,27.9949],[96.8621,27.5993],[97.1192,27.0873],[96.1426,27.2575],[95.1228,26.6116],[95.1512,26.0499],[94.608,25.3946],[94.7086,25.0259],[94.1319,23.857],[93.3097,24.064],[93.3749,23.1297],[92.8775,21.957],[92.5759,21.9776],[92.2593,23.7065],[91.9227,23.723],[91.5861,22.9445],[91.1363,23.6295],[92.4838,24.9282],[89.819,25.285],[89.653,26.2227],[89.3353,25.9986],[88.3725,26.6116],[88.4976,26.3527],[88.0876,25.831],[88.9849,25.285],[88.4413,25.1897],[88.0218,24.6456],[88.7375,24.2871],[88.5401,23.65],[88.96,23.2027],[89.0827,21.6173],[88.7075,21.5783],[88.6602,22.205],[88.5723,21.5579],[88.4956,21.9518],[88.2544,21.5547],[87.9066,22.4247],[88.1643,22.0898],[86.9177,21.3274],[87.0432,20.698],[86.4263,19.9992],[85.2681,19.78],[85.124,19.4783],[85.5765,19.6906],[84.1131,18.2983],[82.3704,17.1101],[82.3074,16.5798],[81.2596,16.3327],[81.0125,15.7778],[80.8965,16.0311],[80.8071,15.7164],[80.2796,15.7007],[80.0466,14.2066],[80.3137,13.4409],[80.053,13.6191],[80.3328,13.1981],[79.6763,11.2965],[79.8567,10.2933],[79.2861,10.2528],[78.9133,9.4743],[79.4536,9.159],[78.4121,9.0998],[78.0559,8.3637],[77.5109,8.076],[76.544,8.9125],[76.2402,10.239],[74.8276,12.8247],[74.4277,14.4763],[73.447,16.0689],[72.8553,18.6811],[73.0568,19.0153],[72.7704,18.9482],[72.7854,19.3139],[73.0497,19.2177],[72.6492,19.852],[72.9468,20.7595],[72.5646,21.3858],[73.132,21.7578],[72.5503,21.6667],[72.7345,21.994],[72.5017,21.976],[72.9175,22.2714],[72.1488,22.2779],[72.1047,21.2051],[70.7402,20.7185],[68.9446,22.2951],[70.1785,22.562],[70.5029,23.1044],[69.5857,22.7612],[68.4237,23.4458],[68.8216,23.8784],[68.1434,23.6127],[68.2639,23.9359],[68.7245,23.9652],[68.7473,24.3312],[69.972,24.1652],[71.0828,24.4115],[70.6539,25.6745],[70.2492,25.7077],[70.1581,26.5301],[69.5042,26.7352],[69.5344,27.1256],[70.3419,28.0115],[70.8316,27.7015],[71.8744,27.9597],[74.6588,31.0838],[74.5504,31.827],[75.359,32.2617],[74.6893,32.4714],[74.6853,32.8312],[74.3462,32.7669],[74.0023,33.1777],[73.9662,33.7345],[74.2723,33.9621],[73.8937,34.0543],[73.9193,34.6425],[75.7958,34.5079],[77.8003,35.4954]]],[[[80.9683,15.7952],[80.9426,15.741],[80.8685,15.812],[80.8884,15.8467],[80.9683,15.7952]]],[[[72.5488,10.7794],[72.5488,10.7793],[72.5412,10.7729],[72.5409,10.7765],[72.5425,10.7779],[72.5454,10.7783],[72.5488,10.7794]]],[[[73.6714,10.8297],[73.6812,10.8281],[73.6844,10.8275],[73.6763,10.8244],[73.6729,10.8247],[73.6719,10.8271],[73.6714,10.8297],[73.6714,10.8297]]],[[[73.0132,11.5022],[73.0109,11.4901],[73.0088,11.4847],[73.0056,11.4796],[73.0044,11.4888],[73.0044,11.4965],[73.0071,11.5013],[73.0132,11.5022]]],[[[93.8728,12.2689],[93.8538,12.2606],[93.8519,12.2716],[93.8606,12.2812],[93.8728,12.2689]]],[[[94.2809,13.4435],[94.2908,13.4229],[94.2749,13.4203],[94.2619,13.4293],[94.2809,13.4435]]],[[[93.9203,7.0243],[93.8342,6.7456],[93.6497,7.1196],[93.9203,7.0243]]],[[[93.7312,7.3694],[93.6179,7.26],[93.594,7.3148],[93.697,7.4451],[93.7312,7.3694]]],[[[93.4295,7.9553],[93.4544,7.8693],[93.3543,7.8833],[93.305,7.9499],[93.3703,8.0173],[93.4295,7.9553]]],[[[93.5659,7.9993],[93.574,7.9249],[93.5108,7.9802],[93.5659,7.9993]]],[[[93.5319,8.0347],[93.4844,7.9919],[93.5169,8.0633],[93.4663,8.0744],[93.4466,8.1544],[93.5046,8.227],[93.5319,8.0347]]],[[[93.1345,8.2402],[93.0658,8.2681],[93.0838,8.3559],[93.1345,8.2402]]],[[[92.8114,9.2312],[92.832,9.145],[92.7996,9.1102],[92.7312,9.1308],[92.7085,9.2016],[92.751,9.2612],[92.8114,9.2312]]],[[[92.5851,10.7713],[92.5354,10.5249],[92.3841,10.5293],[92.417,10.6291],[92.3767,10.784],[92.429,10.8508],[92.5276,10.8955],[92.5851,10.7713]]],[[[92.6765,11.4125],[92.6732,11.3673],[92.5935,11.3784],[92.6356,11.508],[92.6963,11.4544],[92.6765,11.4125]]],[[[92.2668,11.5895],[92.2521,11.5292],[92.2173,11.5981],[92.2668,11.5895]]],[[[93.0425,11.9612],[93.0493,11.8961],[92.947,11.9897],[93.0147,12.0372],[93.0425,11.9612]]],[[[93.1033,12.1905],[93.0942,12.091],[93.0593,12.1536],[93.1033,12.1905]]],[[[92.7331,12.9725],[92.6828,12.7973],[92.6828,12.9617],[92.7331,12.9725]]],[[[93.0527,13.2839],[92.717,11.4945],[92.5249,11.8575],[92.8474,13.3449],[93.0425,13.5712],[93.0527,13.2839]]],[[[88.8729,21.5955],[88.908,21.5307],[88.8387,21.5319],[88.8413,21.614],[88.8729,21.5955]]],[[[88.0505,21.7054],[88.1467,21.8699],[88.1394,21.6303],[88.0518,21.6416],[88.0505,21.7054]]],[[[88.6362,21.9214],[88.6706,21.9074],[88.6463,21.7879],[88.585,21.8266],[88.6362,21.9214]]]]}},{"type":"Feature","properties":{"name":"China","ISO3166-1-Alpha-2":"CN"},"geometry":{"type":"MultiPolygon","coordinates":[[[[78.9177,33.3863],[78.7211,33.9944],[78.9762,34.3092],[78.296,34.6247],[78.0443,35.4916],[76.166,35.8062],[75.8498,36.6447],[74.3826,37.1266],[75.1641,37.4006],[74.8919,37.5992],[74.8358,38.4552],[73.8164,38.5866],[73.6326,39.4483],[73.9767,40.0436],[74.8354,40.5116],[75.5599,40.6329],[75.6818,40.2917],[76.3135,40.3433],[76.861,41.0132],[78.075,41.0395],[78.6583,41.5325],[80.2312,42.0337],[80.1438,42.6448],[80.7934,43.1495],[80.3389,44.1215],[80.4923,44.728],[79.8582,44.9037],[81.6652,45.348],[82.5397,45.1237],[82.632,45.4158],[82.2915,45.5332],[83.0215,47.2059],[84.7396,46.8148],[85.4986,47.0518],[85.7187,48.3588],[86.5651,48.5273],[86.8595,49.1053],[87.8163,49.1658],[87.983,48.5523],[90.3448,47.6586],[91.0475,46.5664],[90.6511,45.4931],[90.8732,45.1862],[93.5253,44.9513],[95.3977,44.2805],[95.319,44.0171],[96.3578,42.7245],[101.5249,42.5375],[102.0342,42.1846],[104.9738,41.5861],[106.7678,42.2866],[110.4067,42.7686],[111.9334,43.6966],[111.3971,44.3874],[111.9583,45.0845],[113.6048,44.7397],[114.5337,45.3855],[115.6674,45.4543],[116.5683,46.2909],[117.3938,46.5714],[119.8544,46.6597],[119.7,47.1595],[118.5423,47.9662],[115.9145,47.6839],[115.5142,48.1316],[116.6843,49.8233],[117.8369,49.509],[119.3162,50.0927],[119.1376,50.3925],[120.7792,52.1176],[120.724,52.5422],[120.033,52.7607],[120.8743,53.2802],[123.6143,53.5633],[125.6214,53.0621],[126.556,52.1306],[127.5906,50.2087],[127.5387,49.7899],[130.6743,48.8708],[130.6747,48.0639],[131.0234,47.6823],[132.5247,47.7075],[133.092,48.1068],[134.7187,48.2634],[134.7726,47.7107],[134.1836,47.3275],[133.9025,46.259],[133.0988,45.1078],[131.8531,45.3376],[130.9334,44.8417],[131.2809,43.3802],[131.103,42.9104],[130.4072,42.7354],[130.5308,42.5305],[129.8798,42.996],[129.7033,42.4424],[128.0346,41.9937],[128.1461,41.3763],[126.6795,41.736],[126.0078,40.8993],[124.1372,39.8424],[123.252,39.8171],[121.1795,38.7209],[121.1179,38.9434],[121.943,39.3994],[121.2234,39.5286],[122.3019,40.5023],[121.8679,40.9958],[120.9819,40.8268],[118.926,39.1306],[117.7154,39.1114],[117.7161,38.3785],[118.95,38.0973],[119.2596,37.7158],[118.97,37.5935],[119.1455,37.1789],[119.7706,37.1518],[120.738,37.834],[121.5703,37.4287],[122.6882,37.4098],[122.5074,36.898],[120.7506,36.6168],[120.95,36.4592],[120.6278,36.1165],[120.0972,36.2264],[120.2988,35.9731],[119.1929,35.0004],[119.1922,34.7182],[120.2571,34.3118],[120.8303,32.6977],[121.9221,31.7544],[120.1314,31.9432],[119.6129,32.3546],[120.0064,31.9503],[120.7504,31.9783],[121.9508,30.9821],[120.1471,30.1989],[120.6216,30.3726],[120.7922,30.0661],[121.2541,30.3484],[122.1291,29.9038],[121.4434,29.5242],[121.9712,29.5933],[121.943,29.1959],[121.4085,29.1611],[121.6214,28.7359],[121.1423,28.8459],[121.6563,28.3393],[121.3458,28.1452],[121.169,28.3848],[120.9652,27.9871],[120.5596,28.1128],[120.8684,27.8826],[120.5178,27.2016],[120.1958,27.2978],[120.4217,27.147],[120.032,26.8999],[120.1344,26.6461],[119.5521,26.7491],[119.6819,26.3171],[119.95,26.3649],[119.4585,25.9825],[119.0935,26.1458],[119.6954,26.0026],[119.4491,25.6872],[119.6546,25.3581],[119.3052,25.6046],[119.1025,25.4203],[119.3442,25.2424],[118.8756,25.2438],[119.0177,24.9603],[118.572,24.8852],[118.6205,24.5455],[117.7913,24.4675],[118.1265,24.262],[117.5917,23.7371],[117.4166,23.9468],[117.2571,23.6156],[116.5232,23.4185],[116.8048,23.2361],[116.5089,23.2341],[116.4947,22.9394],[113.8903,22.4527],[113.5288,23.0108],[113.8301,23.1175],[113.4175,23.097],[113.213,22.9045],[113.5992,22.5752],[113.4837,22.1551],[113.1653,22.5756],[113.402,22.1796],[112.9116,21.8563],[112.5509,21.7729],[112.3975,22.0685],[112.2862,21.7088],[111.8904,21.9251],[111.6305,21.5299],[110.4312,21.1915],[110.3585,21.4357],[110.1567,20.8489],[110.5342,20.4783],[110.2803,20.253],[109.9172,20.2393],[109.6612,20.9276],[109.9444,21.4931],[109.5945,21.7464],[109.1387,21.4016],[108.5733,21.9518],[108.471,21.562],[107.3482,21.5994],[106.6531,21.9689],[106.5269,22.4383],[106.7898,22.7972],[105.8539,22.9047],[105.3122,23.3658],[103.9595,22.5071],[103.6469,22.799],[103.029,22.4302],[102.4678,22.7686],[102.218,22.4107],[101.6891,22.4789],[101.756,21.1433],[101.2443,21.1929],[101.0828,21.7667],[100.1625,21.4364],[99.9424,22.0455],[99.1445,22.1535],[99.538,22.9264],[98.859,23.1794],[98.6588,23.9611],[98.8657,24.1457],[97.5165,23.9428],[97.801,25.2376],[98.6902,25.8656],[98.6793,27.5773],[98.2947,27.5366],[97.6705,28.5113],[97.3235,28.2175],[96.3019,28.4207],[96.5926,28.7579],[96.1953,28.9411],[96.3662,29.2572],[96.142,29.3685],[95.3674,29.0365],[94.5999,29.3166],[92.6837,27.9105],[91.9522,27.7248],[90.2256,28.3584],[89.5615,28.1346],[88.9719,27.3124],[88.6105,28.1058],[87.3691,27.8039],[86.156,28.1565],[85.9803,27.8852],[85.6929,28.3352],[85.0874,28.3041],[85.161,28.595],[84.4508,28.7339],[84.0897,29.2566],[83.5237,29.1836],[82.0888,30.3301],[81.3875,30.3739],[81.0978,30.0169],[79.1314,31.4384],[78.7451,31.3081],[78.3848,32.5475],[78.9434,32.3464],[79.6207,32.7287],[79.4561,33.2504],[78.9177,33.3863]]],[[[111.0105,19.6838],[110.4792,19.1693],[110.5344,18.7856],[109.7088,18.2072],[108.6849,18.5152],[108.627,19.275],[109.2551,19.8983],[110.6058,19.9232],[110.6779,20.1636],[111.0105,19.6838]]],[[[111.9627,21.6576],[111.9998,21.6212],[111.8093,21.5655],[111.8353,21.6439],[111.9627,21.6576]]],[[[112.6454,21.7128],[112.6504,21.6404],[112.5254,21.5989],[112.5559,21.6781],[112.6454,21.7128]]],[[[113.3914,22.0275],[113.3094,22.0241],[113.3827,22.0896],[113.3914,22.0275]]],[[[113.3648,22.1579],[113.2791,22.0747],[113.2717,22.12],[113.3648,22.1579]]],[[[113.5935,22.7848],[113.5583,22.7579],[113.3962,22.8981],[113.4756,22.9007],[113.5935,22.7848]]],[[[117.0715,23.4731],[117.1259,23.4827],[117.1288,23.3994],[116.943,23.4301],[117.0715,23.4731]]],[[[119.3054,26.036],[119.405,25.9779],[119.2576,26.0015],[119.2092,26.0986],[119.3054,26.036]]],[[[121.2555,28.14],[121.2791,28.0854],[121.1516,28.0412],[121.1204,28.1357],[121.2306,28.2197],[121.2555,28.14]]],[[[122.2388,30.3131],[122.2023,30.2419],[122.0736,30.2914],[122.2114,30.3466],[122.2388,30.3131]]],[[[122.3989,30.4565],[122.4231,30.4149],[122.2728,30.436],[122.28,30.4826],[122.3989,30.4565]]],[[[121.8377,31.3751],[121.8818,31.3366],[121.8347,31.2925],[121.7942,31.3688],[121.8377,31.3751]]],[[[119.8807,32.1252],[119.9019,32.0734],[119.792,32.1218],[119.8193,32.2038],[119.7162,32.2726],[119.8143,32.2756],[119.8807,32.1252]]],[[[122.3213,39.166],[122.4026,39.2138],[122.4026,39.1591],[122.3213,39.166]]],[[[122.636,39.2343],[122.742,39.2361],[122.6907,39.1933],[122.636,39.2343]]],[[[121.4225,39.4745],[121.4217,39.3737],[121.3369,39.3774],[121.3643,39.4455],[121.2595,39.3915],[121.3406,39.4813],[121.4225,39.4745]]],[[[110.5959,20.9587],[110.6325,20.9367],[110.5892,20.8835],[110.5475,20.9177],[110.5959,20.9587]]],[[[110.617,21.1915],[110.5432,21.105],[110.4177,21.1785],[110.5432,21.2042],[110.5549,21.1567],[110.617,21.1915]]],[[[118.0925,24.5562],[118.1814,24.5351],[118.1365,24.4293],[118.07,24.4603],[118.0925,24.5562]]],[[[121.9575,29.1195],[121.9353,29.0629],[121.8887,29.0723],[121.8682,29.1474],[121.9266,29.1667],[121.9575,29.1195]]],[[[122.1432,29.7334],[122.1629,29.6545],[122.0329,29.7309],[122.1074,29.7896],[122.1432,29.7334]]],[[[122.3952,29.8836],[122.3952,29.8333],[122.3654,29.8498],[122.3255,29.9539],[122.4067,29.9527],[122.3952,29.8836]]],[[[121.8818,30.0764],[121.9105,30.0241],[121.8601,29.9781],[121.8347,30.045],[121.8818,30.0764]]],[[[122.3275,30.0245],[122.2936,29.9338],[122.099,30.0145],[122.0191,29.9972],[121.9631,30.1424],[122.1033,30.1437],[122.3275,30.0245]]],[[[121.8441,31.6079],[121.9866,31.5039],[121.8173,31.4467],[121.3145,31.6556],[121.1763,31.7843],[121.2193,31.8295],[121.3226,31.8293],[121.8441,31.6079]]],[[[111.7634,16.0434],[111.7531,16.0447],[111.7534,16.0474],[111.7614,16.0487],[111.7659,16.0453],[111.7634,16.0434]]],[[[120.9142,38.3841],[120.9076,38.3852],[120.9069,38.3926],[120.9178,38.3955],[120.9246,38.3869],[120.9232,38.3832],[120.9172,38.3844],[120.9142,38.3841]]],[[[123.1807,39.0919],[123.1607,39.0292],[123.1436,39.0809],[123.1807,39.0919]]],[[[112.735,16.6579],[112.7302,16.6602],[112.7253,16.6662],[112.7262,16.669],[112.7288,16.6693],[112.7334,16.6661],[112.7368,16.6602],[112.735,16.6579]]],[[[112.3332,16.825],[112.3272,16.8297],[112.3259,16.8332],[112.3279,16.8371],[112.3306,16.8376],[112.3355,16.8326],[112.3372,16.8284],[112.3332,16.825]]],[[[110.4714,20.6474],[110.4573,20.5869],[110.4177,20.6548],[110.4714,20.6474]]],[[[113.278,21.925],[113.2585,21.8804],[113.2258,21.9008],[113.278,21.925]]],[[[113.4735,22.0985],[113.5189,22.1273],[113.5476,22.0926],[113.4735,22.0985]]],[[[113.6234,22.4399],[113.6578,22.4238],[113.6212,22.3914],[113.6234,22.4399]]],[[[113.5468,22.7419],[113.6418,22.6016],[113.4765,22.7195],[113.5468,22.7419]]],[[[119.551,25.2095],[119.529,25.1654],[119.4447,25.2291],[119.551,25.2095]]],[[[119.3465,25.5667],[119.335,25.438],[119.2969,25.4229],[119.2815,25.4829],[119.3465,25.5667]]],[[[119.627,26.1079],[119.6204,26.0642],[119.554,26.0956],[119.627,26.1079]]],[[[120.3268,26.9397],[120.3449,26.972],[120.3857,26.9352],[120.3268,26.9397]]],[[[121.074,27.4795],[121.1034,27.4519],[121.0673,27.4368],[121.074,27.4795]]],[[[121.1817,27.8647],[121.1712,27.8188],[121.098,27.8178],[121.1817,27.8647]]],[[[121.8622,29.1296],[121.8421,29.095],[121.7827,29.1247],[121.8622,29.1296]]],[[[122.3047,29.8175],[122.2956,29.7791],[122.2317,29.8362],[122.3047,29.8175]]],[[[121.9722,29.9448],[121.9924,29.9083],[121.9461,29.904],[121.9722,29.9448]]],[[[122.3457,30.2419],[122.2776,30.2355],[122.3319,30.2737],[122.4077,30.2659],[122.3457,30.2419]]],[[[122.5293,30.7208],[122.4273,30.7039],[122.4299,30.7431],[122.5293,30.7208]]],[[[121.7624,31.3738],[121.7664,31.3206],[121.5845,31.4414],[121.7624,31.3738]]],[[[118.6327,39.0746],[118.5943,38.9722],[118.4803,38.9348],[118.4785,39.0429],[118.5597,39.0031],[118.6327,39.0746]]],[[[111.6803,16.5782],[111.6789,16.5811],[111.6817,16.5802],[111.6803,16.5782]]]]}},{"type":"Feature","properties":{"name":"Israel","ISO3166-1-Alpha-2":"IL"},"geometry":{"type":"Polygon","coordinates":[[[34.2484,31.2114],[35.0996,33.0876],[35.8211,33.4067],[35.561,32.3847],[35.1908,32.5417],[34.9614,32.2016],[35.2628,31.7486],[34.8788,31.3628],[35.4585,31.4916],[34.9513,29.5456],[34.2484,31.2114]]]}},{"type":"Feature","properties":{"name":"Palestine","ISO3166-1-Alpha-2":"PS"},"geometry":{"type":"MultiPolygon","coordinates":[[[[34.4812,31.5831],[34.556,31.5398],[34.3673,31.3928],[34.3509,31.2893],[34.2484,31.2114],[34.2003,31.3143],[34.4812,31.5831]]],[[[34.9867,31.9672],[35.0643,32.4631],[35.561,32.3847],[35.4587,31.4916],[34.8788,31.3628],[35.2628,31.7486],[34.9867,31.9672]]]]}},{"type":"Feature","properties":{"name":"Lebanon","ISO3166-1-Alpha-2":"LB"},"geometry":{"type":"Polygon","coordinates":[[[35.1052,33.089],[35.6652,34.3113],[36.4402,34.6294],[36.6041,34.1991],[36.3696,33.837],[35.1052,33.089]]]}},{"type":"Feature","properties":{"name":"Ethiopia","ISO3166-1-Alpha-2":"ET"},"geometry":{"type":"Polygon","coordinates":[[[34.0707,9.4546],[34.2795,10.5655],[34.5748,10.8841],[34.8385,10.7291],[35.0727,11.8189],[35.6877,12.6592],[36.115,12.7018],[36.5264,14.2635],[37.2938,14.4574],[37.5537,14.1055],[37.8915,14.8795],[38.4268,14.4172],[39.0097,14.6512],[40.8332,14.106],[42.3795,12.4659],[41.7924,11.7045],[41.7613,10.9962],[42.9237,10.9988],[42.6472,10.6322],[42.8363,10.2081],[43.9848,9.0083],[46.9792,7.9966],[47.9792,7.9966],[44.9415,4.9115],[43.5285,4.8416],[41.8359,3.9495],[41.163,3.9427],[40.7637,4.2849],[39.5044,3.4033],[38.1019,3.6126],[37.0157,4.3706],[35.9405,4.508],[35.8041,5.318],[35.2875,5.3741],[34.7035,6.6849],[33.7161,7.6572],[32.9898,7.9172],[33.2352,8.4556],[34.0902,8.5565],[34.0707,9.4546]]]}},{"type":"Feature","properties":{"name":"South Sudan","ISO3166-1-Alpha-2":"SS"},"geometry":{"type":"Polygon","coordinates":[[[35.9208,4.6193],[35.2457,4.9817],[34.3812,4.6202],[33.4906,3.7497],[32.9972,3.8855],[32.168,3.5122],[31.7779,3.8164],[30.5535,3.6045],[29.535,4.6607],[29.2213,4.3407],[28.7554,4.554],[28.3574,4.2829],[27.7724,4.5958],[27.1238,5.7687],[26.4248,6.0724],[26.378,6.6533],[25.1904,7.5012],[25.2169,7.8641],[24.1529,8.3179],[24.177,8.7099],[24.5584,8.8867],[25.077,10.2869],[25.8285,10.4195],[26.6257,9.4807],[27.8951,9.5954],[28.0451,9.3314],[28.8438,9.3245],[30.013,10.2705],[31.1644,9.764],[32.4307,11.0822],[32.0822,11.9998],[33.2092,12.2104],[33.14,10.739],[33.917,10.1745],[34.1118,8.6266],[33.2352,8.4556],[32.9898,7.9172],[33.7161,7.6572],[34.7035,6.6849],[35.2875,5.3741],[35.8041,5.318],[35.9208,4.6193]]]}},{"type":"Feature","properties":{"name":"Somalia","ISO3166-1-Alpha-2":"SO"},"geometry":{"type":"Polygon","coordinates":[[[46.467,6.5383],[47.9792,7.9966],[48.9391,9.4512],[48.9391,11.2491],[50.6411,11.9544],[51.2927,11.8331],[51.0101,10.434],[51.3975,10.3958],[50.9274,10.3278],[50.8303,9.4196],[48.6467,5.48],[46.8342,3.2325],[43.7819,0.9216],[41.9528,-0.8945],[41.5351,-1.6963],[40.9798,-0.8708],[40.9798,2.8419],[42.0684,4.1746],[43.9323,4.9452],[44.9415,4.9115],[46.467,6.5383]]]}},{"type":"Feature","properties":{"name":"Kenya","ISO3166-1-Alpha-2":"KE"},"geometry":{"type":"MultiPolygon","coordinates":[[[[35.7058,4.6194],[37.0157,4.3706],[38.1019,3.6126],[39.5044,3.4033],[40.7637,4.2849],[41.163,3.9427],[41.885,3.9772],[40.9654,2.8141],[40.9798,-0.8708],[41.5351,-1.6963],[40.2321,-2.669],[39.3962,-4.629],[37.5991,-3.5134],[37.6449,-3.046],[33.9042,-1.0026],[33.8936,0.1098],[35.0065,1.9169],[33.9771,4.2197],[35.4116,5.0304],[35.7058,4.6194]]],[[[41.054,-2.0496],[41.1433,-2.0595],[41.1553,-2.1121],[40.9956,-2.1438],[40.9937,-2.1972],[40.9692,-2.1198],[41.054,-2.0496]]]]}},{"type":"Feature","properties":{"name":"Malawi","ISO3166-1-Alpha-2":"MW"},"geometry":{"type":"MultiPolygon","coordinates":[[[[34.9646,-11.5736],[34.6167,-11.5783],[34.3588,-12.1544],[34.5453,-13.3257],[35.9043,-14.8869],[35.7851,-16.0423],[35.1319,-16.5376],[35.2348,-17.1353],[34.2332,-15.8898],[34.5652,-15.2973],[34.5018,-14.5757],[33.6448,-14.6017],[32.6633,-13.5963],[33.0248,-12.6127],[33.5271,-12.3556],[33.2527,-12.1395],[33.2326,-10.8833],[33.6742,-10.577],[32.9363,-9.3917],[34.3179,-9.7192],[34.9646,-11.5736]]],[[[34.6941,-12.0004],[34.7624,-12.0403],[34.689,-12.1245],[34.6559,-12.0763],[34.6941,-12.0004]]],[[[34.5616,-11.9786],[34.6275,-11.9873],[34.6111,-12.0725],[34.5441,-12.0114],[34.5616,-11.9786]]]]}},{"type":"Feature","properties":{"name":"United Republic of Tanzania","ISO3166-1-Alpha-2":"TZ"},"geometry":{"type":"MultiPolygon","coordinates":[[[[32.9209,-9.4079],[30.9595,-8.5505],[29.5255,-6.2731],[29.4042,-4.4498],[30.003,-4.2719],[30.8322,-3.1728],[30.4158,-2.8517],[30.8878,-2.0825],[30.481,-1.0591],[34,-1.0026],[37.6449,-3.046],[37.5991,-3.5134],[39.2151,-4.6887],[38.7791,-6.0549],[39.5537,-7.0007],[39.2526,-7.8233],[39.6908,-10.0434],[40.427,-10.3001],[40.3892,-10.5353],[38.4923,-11.4135],[37.9381,-11.284],[37.4697,-11.7195],[36.1997,-11.7015],[35.8264,-11.4135],[34.9646,-11.5736],[34.3179,-9.7192],[32.9209,-9.4079]]],[[[39.8957,-7.6376],[39.8233,-7.914],[39.6297,-7.9858],[39.5872,-7.9455],[39.7039,-7.8194],[39.8143,-7.7885],[39.7734,-7.7755],[39.8957,-7.6376]]],[[[39.5435,-6.3212],[39.1986,-6.2208],[39.3135,-5.7184],[39.5435,-6.3212]]],[[[39.742,-7.9948],[39.8015,-8.0066],[39.7028,-8.0914],[39.742,-7.9948]]]]}},{"type":"Feature","properties":{"name":"Syria","ISO3166-1-Alpha-2":"SY"},"geometry":{"type":"Polygon","coordinates":[[[35.7576,32.7443],[35.9484,33.7092],[36.6041,34.1991],[36.4402,34.6294],[35.9699,34.6498],[35.7234,35.5821],[36.6643,36.229],[36.6399,36.8281],[39.2396,36.6613],[42.3467,37.2398],[41.277,36.3548],[40.9653,34.4019],[36.8194,32.3168],[35.7576,32.7443]]]}},{"type":"Feature","properties":{"name":"Somaliland","ISO3166-1-Alpha-2":"-99"},"geometry":{"type":"Polygon","coordinates":[[[48.9391,11.2491],[48.9391,9.4512],[47.9792,7.9966],[46.9792,7.9966],[44.0239,8.9855],[42.6486,10.611],[43.2827,11.4989],[44.5861,10.3836],[45.7693,10.8781],[46.4478,10.6931],[47.4059,11.1846],[48.9391,11.2491]]]}},{"type":"Feature","properties":{"name":"France","ISO3166-1-Alpha-2":"-99"},"geometry":{"type":"MultiPolygon","coordinates":[[[[-54.1115,2.1143],[-54.6153,2.3263],[-54.003,3.4554],[-54.4867,4.903],[-53.934,5.7448],[-52.8965,5.4057],[-52.0245,4.6935],[-52.0463,4.3336],[-51.8015,4.6127],[-51.649,4.1523],[-52.6906,2.373],[-54.1115,2.1143]]],[[[2.5218,51.0875],[2.7867,50.7234],[4.1976,50.2585],[4.1317,49.975],[4.8156,50.1613],[4.849,49.7942],[5.4561,49.4989],[8.2003,48.9586],[7.5857,48.1297],[7.586,47.5846],[6.9733,47.4891],[5.9548,46.1999],[6.7871,46.4142],[7.0221,45.9253],[6.7959,45.7181],[7.1607,45.4109],[6.6027,45.1035],[7.0071,44.8221],[6.8661,44.3721],[7.6899,44.0673],[6.1801,43.0359],[5.034,43.3355],[5.0291,43.5586],[4.8558,43.3418],[3.953,43.5399],[3.114,43.1063],[3.181,42.4315],[2.6622,42.339],[-1.4571,43.0451],[-1.7964,43.3744],[-1.0447,44.6694],[-1.2604,44.6274],[-1.1337,45.5048],[-0.4938,44.998],[-1.2473,45.7099],[-0.9872,45.7174],[-1.1107,46.3027],[-2.1188,46.82],[-2.1606,47.2712],[-1.727,47.2108],[-2.542,47.3001],[-2.3639,47.5062],[-2.7065,47.6427],[-3.1317,47.4782],[-3.2826,47.7873],[-4.3718,47.8072],[-4.7281,48.0406],[-4.1875,48.3075],[-4.7646,48.5202],[-3.2297,48.8723],[-2.6824,48.509],[-1.3566,48.6433],[-1.9352,49.7241],[-1.2631,49.6955],[-1.1229,49.3454],[0.4113,49.4521],[0.0786,49.5155],[0.1859,49.7032],[1.6725,50.1925],[1.5806,50.8688],[2.5218,51.0875]]],[[[-61.194,15.9321],[-61.2749,15.8738],[-61.332,15.932],[-61.2683,16.0093],[-61.194,15.9321]]],[[[-60.9892,16.3464],[-61.0399,16.3139],[-61.0686,16.3022],[-61.0916,16.3054],[-61.0785,16.3122],[-61.0391,16.3445],[-61.0149,16.354],[-60.9892,16.3464]]],[[[-61.5517,16.2855],[-61.566,16.0335],[-61.6949,15.9492],[-61.7686,16.0876],[-61.7974,16.3122],[-61.7379,16.3653],[-61.5517,16.2855]]],[[[-61.5442,16.2854],[-61.4955,16.3651],[-61.5343,16.4493],[-61.4625,16.5131],[-61.3657,16.3488],[-61.1636,16.253],[-61.4621,16.2023],[-61.5442,16.2854]]],[[[55.7879,-21.1034],[55.575,-21.3679],[55.2254,-21.0297],[55.7879,-21.1034]]],[[[45.2007,-12.7229],[45.1864,-12.9688],[45.0972,-12.9824],[45.0625,-12.8985],[45.1365,-12.9039],[45.0425,-12.6984],[45.0908,-12.6472],[45.2007,-12.7229]]],[[[9.4566,42.6474],[9.4821,42.6201],[9.4769,42.6201],[9.4768,42.6191],[9.4566,42.6474]]],[[[8.5658,42.2086],[9.464,42.9901],[9.5596,42.1466],[9.2232,41.3725],[8.7918,41.5612],[8.5658,42.2086]]],[[[-1.2194,45.9439],[-1.1761,45.8987],[-1.2269,45.8198],[-1.4049,46.0532],[-1.2476,46.0018],[-1.2194,45.9439]]],[[[-1.2814,46.1562],[-1.5558,46.2518],[-1.3081,46.2069],[-1.2814,46.1562]]],[[[-2.3372,46.7316],[-2.269,46.6974],[-2.3714,46.7043],[-2.3372,46.7316]]],[[[-2.2001,46.9854],[-2.1448,46.9575],[-2.1591,46.9165],[-2.2956,47.0332],[-2.2,47.0244],[-2.2001,46.9854]]],[[[-3.1147,47.3315],[-3.0628,47.3206],[-3.0936,47.2966],[-3.2235,47.3122],[-3.2621,47.3832],[-3.1147,47.3315]]],[[[-61.6247,15.8712],[-61.6211,15.8677],[-61.6161,15.8601],[-61.6188,15.8523],[-61.6276,15.847],[-61.6383,15.8532],[-61.6346,15.8662],[-61.6247,15.8712]]]]}},{"type":"Feature","properties":{"name":"Suriname","ISO3166-1-Alpha-2":"SR"},"geometry":{"type":"Polygon","coordinates":[[[-54.0808,3.3093],[-54.5316,2.3402],[-54.9591,2.609],[-55.971,2.5303],[-55.9538,1.8533],[-56.6778,2.0184],[-57.3084,3.3949],[-57.6499,3.3859],[-58.0321,3.9877],[-57.9185,4.8298],[-57.2805,5.0261],[-56.9565,6.0116],[-55.8977,5.6767],[-55.8444,5.976],[-54.0367,5.8424],[-54.4867,4.903],[-54.0808,3.3093]]]}},{"type":"Feature","properties":{"name":"Guyana","ISO3166-1-Alpha-2":"GY"},"geometry":{"type":"MultiPolygon","coordinates":[[[[-56.4818,1.9416],[-57.3194,1.9771],[-58.834,1.1858],[-59.7588,1.8621],[-60.0001,2.694],[-59.5277,3.9395],[-59.6867,4.3812],[-60.16,4.5278],[-60.1317,5.2434],[-60.7399,5.2021],[-61.3967,5.9456],[-61.1298,6.7158],[-60.3036,7.0541],[-60.7306,7.5254],[-59.8293,8.2451],[-60.021,8.558],[-58.4897,7.3761],[-58.6796,6.3762],[-58.3122,6.8922],[-57.1673,6.0851],[-57.1898,5.1692],[-57.8503,4.9228],[-58.0677,4.1511],[-56.4818,1.9416]]],[[[-58.3786,6.9721],[-58.3347,6.961],[-58.4605,6.8834],[-58.447,6.9431],[-58.3786,6.9721]]]]}},{"type":"Feature","properties":{"name":"South Korea","ISO3166-1-Alpha-2":"KR"},"geometry":{"type":"MultiPolygon","coordinates":[[[[128.3649,38.6243],[129.4302,37.0731],[129.4546,35.5133],[129.0004,35.0459],[127.7192,34.9901],[127.3436,34.445],[127.2481,34.7665],[126.5213,34.2942],[126.2903,34.7502],[126.6653,34.8081],[126.2542,35.1234],[126.8375,35.8933],[126.5214,35.9705],[126.8707,36.062],[126.4934,36.1308],[126.4796,36.7471],[126.1282,36.7613],[127.042,36.9936],[126.6856,37.1301],[126.8707,37.2679],[126.5349,37.7682],[126.7552,37.6379],[126.6658,37.9376],[127.0905,38.2859],[128.0399,38.3043],[128.3649,38.6243]]],[[[126.4054,36.4588],[126.4321,36.4079],[126.3638,36.4114],[126.3638,36.4735],[126.3281,36.4711],[126.3412,36.6041],[126.4054,36.4588]]],[[[126.2953,37.8025],[126.3425,37.7921],[126.3182,37.7623],[126.2245,37.7604],[126.2464,37.8118],[126.2953,37.8025]]],[[[127.173,34.4837],[127.2419,34.4455],[127.1174,34.4376],[127.173,34.4837]]],[[[126.3801,34.4984],[126.3459,34.409],[126.21,34.3588],[126.1033,34.4028],[126.2683,34.522],[126.2477,34.5748],[126.3801,34.4984]]],[[[127.7821,34.6846],[127.7979,34.5797],[127.7358,34.6252],[127.7625,34.7128],[127.7821,34.6846]]],[[[125.989,34.7133],[125.9769,34.6564],[125.916,34.6876],[125.989,34.7133]]],[[[126.0072,34.781],[125.8926,34.7366],[125.9129,34.7769],[126.0072,34.781]]],[[[126.056,34.9136],[126.0807,34.871],[125.9865,34.8627],[126.056,34.9136]]],[[[126.1106,35.0512],[126.056,35.0613],[126.0691,35.1024],[126.1652,35.1435],[126.1106,35.0512]]],[[[126.5633,37.5144],[126.5831,37.4904],[126.4434,37.4206],[126.3555,37.4662],[126.5148,37.5343],[126.5633,37.5144]]],[[[130.9036,37.5458],[130.8967,37.4631],[130.811,37.487],[130.9036,37.5458]]],[[[126.3567,37.6951],[126.3499,37.6574],[126.282,37.6993],[126.32,37.7472],[126.3567,37.6951]]],[[[126.5078,37.5969],[126.3701,37.631],[126.4167,37.6518],[126.367,37.7272],[126.4071,37.8207],[126.5164,37.7672],[126.542,37.631],[126.5078,37.5969]]],[[[124.7327,37.9805],[124.6849,37.92],[124.6136,37.9451],[124.624,37.9805],[124.7327,37.9805]]],[[[127.5319,34.4506],[127.4946,34.4143],[127.4534,34.4706],[127.5319,34.4506]]],[[[126.1001,34.5967],[126.0352,34.5339],[126.0813,34.5808],[126.0601,34.6208],[126.1001,34.5967]]],[[[126.1741,34.7328],[126.1113,34.7177],[126.0696,34.7697],[126.1741,34.7328]]],[[[126.0794,34.8227],[126.0671,34.8505],[126.152,34.8712],[126.1159,34.8031],[126.0794,34.8227]]],[[[128.0728,34.8451],[127.9636,34.8598],[128.0178,34.9166],[128.0134,34.8691],[128.0459,34.8936],[128.0728,34.8451]]],[[[128.8428,35.0219],[128.8267,34.9924],[128.8044,35.0563],[128.8428,35.0219]]],[[[126.0999,37.228],[126.1047,37.2675],[126.1592,37.2319],[126.0999,37.228]]],[[[126.6139,37.2552],[126.5393,37.1981],[126.543,37.285],[126.6139,37.2552]]],[[[126.599,34.1686],[126.5071,34.1389],[126.5329,34.1791],[126.599,34.1686]]],[[[126.672,34.1533],[126.6387,34.1281],[126.6453,34.1972],[126.672,34.1533]]],[[[126.9094,34.1977],[126.9136,34.1577],[126.8532,34.159],[126.8679,34.2075],[126.9094,34.1977]]],[[[126.6122,34.2182],[126.5498,34.1912],[126.5597,34.2345],[126.6122,34.2182]]],[[[126.8539,34.3085],[126.7576,34.3361],[126.8845,34.3455],[126.8539,34.3085]]],[[[127.0916,34.3449],[127.0388,34.3129],[126.9915,34.3563],[127.0916,34.3449]]],[[[126.7639,34.3092],[126.689,34.3011],[126.6458,34.3856],[126.71,34.3929],[126.7639,34.3092]]],[[[126.7625,34.383],[126.823,34.4398],[126.8611,34.3928],[126.7625,34.383]]],[[[128.3858,34.8201],[128.438,34.8196],[128.4231,34.7633],[128.3342,34.8191],[128.3858,34.8201]]],[[[128.2399,34.8362],[128.2385,34.7969],[128.2058,34.8156],[128.2399,34.8362]]],[[[126.3407,34.8641],[126.3421,34.8225],[126.2307,34.8546],[126.2974,34.9175],[126.3407,34.8641]]],[[[126.2342,35.0471],[126.1587,35.0942],[126.236,35.0984],[126.265,35.0342],[126.2342,35.0471]]],[[[131.861,37.244],[131.8625,37.2431],[131.8617,37.2416],[131.8601,37.2424],[131.861,37.244]]]]}},{"type":"Feature","properties":{"name":"North Korea","ISO3166-1-Alpha-2":"KP"},"geometry":{"type":"MultiPolygon","coordinates":[[[[128.3649,38.6243],[128.0399,38.3043],[127.0905,38.2859],[126.5933,37.7744],[125.5969,38.0322],[125.3475,37.6756],[125.5101,37.8943],[124.9795,37.9252],[125.2649,38.0779],[124.6672,38.1257],[125.1234,38.6663],[125.6578,38.631],[125.1372,38.8035],[125.4518,39.5713],[124.6375,39.5905],[124.37,40.0983],[126.0078,40.8993],[126.6795,41.736],[128.1461,41.3763],[128.0346,41.9937],[128.9401,42.0354],[130.1215,42.9818],[130.7,42.2951],[129.6908,41.6497],[129.7166,40.8346],[127.5038,39.7155],[127.3934,39.2017],[128.3649,38.6243]]],[[[124.9267,39.6048],[124.9336,39.5505],[124.8186,39.4954],[124.8805,39.6125],[124.9267,39.6048]]],[[[124.8835,38.5286],[124.904,38.4944],[124.7903,38.5174],[124.8442,38.5552],[124.8835,38.5286]]]]}},{"type":"Feature","properties":{"name":"Morocco","ISO3166-1-Alpha-2":"MA"},"geometry":{"type":"Polygon","coordinates":[[[-8.817,27.6615],[-8.7939,27.1202],[-11.3916,26.8829],[-12.4301,24.8302],[-13.8901,23.6905],[-14.75,21.5001],[-17.0137,21.42],[-15.9396,23.7748],[-14.8956,24.7057],[-14.4661,26.1942],[-13.5611,26.7491],[-12.9524,27.9286],[-11.4856,28.3256],[-10.2484,29.2994],[-9.6551,30.1269],[-9.8475,31.4024],[-9.2599,32.5769],[-8.5292,33.2687],[-6.8221,34.0396],[-5.908,35.7973],[-5.3989,35.9245],[-5.0663,35.4175],[-4.376,35.1518],[-2.9686,35.4464],[-2.8561,35.1313],[-2.2226,35.0893],[-1.7695,34.7413],[-1.5588,32.9337],[-1.032,32.4944],[-1.2103,32.0897],[-2.8812,32.0763],[-2.8278,31.7946],[-3.6595,31.6478],[-3.6455,30.7113],[-4.3724,30.5086],[-5.5395,29.5232],[-7.6536,29.3762],[-8.6676,28.7117],[-8.817,27.6615]]]}},{"type":"Feature","properties":{"name":"Western Sahara","ISO3166-1-Alpha-2":"EH"},"geometry":{"type":"Polygon","coordinates":[[[-8.817,27.6615],[-8.6877,26],[-12.0153,25.9949],[-12.0193,23.461],[-13.1523,22.82],[-13.0152,21.3334],[-16.9588,21.3329],[-17.0569,20.7669],[-17.0137,21.42],[-14.75,21.5001],[-13.8901,23.6905],[-12.4301,24.8302],[-11.3916,26.8829],[-8.7939,27.1202],[-8.817,27.6615]]]}},{"type":"Feature","properties":{"name":"Costa Rica","ISO3166-1-Alpha-2":"CR"},"geometry":{"type":"MultiPolygon","coordinates":[[[[-83.6965,10.9366],[-82.5628,9.5387],[-82.9417,9.4563],[-82.7194,8.9215],[-83.0521,8.3276],[-82.8976,8.0347],[-83.1714,8.6375],[-83.4817,8.7126],[-83.2874,8.3767],[-83.7368,8.5927],[-83.6348,9.0441],[-84.6166,9.5781],[-84.7336,9.9669],[-85.2892,10.2823],[-84.8646,9.8292],[-85.1178,9.5554],[-85.844,10.231],[-85.6317,10.6212],[-85.9464,10.8986],[-85.5978,11.2099],[-83.9173,10.7135],[-83.6965,10.9366]]],[[[-83.8966,8.7065],[-83.8835,8.713],[-83.8691,8.7136],[-83.8703,8.7018],[-83.8781,8.6988],[-83.8906,8.7012],[-83.8966,8.7065]]]]}},{"type":"Feature","properties":{"name":"Nicaragua","ISO3166-1-Alpha-2":"NI"},"geometry":{"type":"MultiPolygon","coordinates":[[[[-85.7017,11.0809],[-87.667,12.9822],[-87.035,12.9798],[-86.704,13.2988],[-86.7662,13.7453],[-86.0967,14.0441],[-85.7425,13.8237],[-84.9042,14.817],[-84.4827,14.6195],[-83.1304,14.997],[-83.4246,14.8039],[-83.1866,14.3476],[-83.5592,13.4158],[-83.4818,12.4167],[-83.564,12.8127],[-83.7746,12.5335],[-83.663,10.807],[-85.7017,11.0809]]],[[[-83.0539,12.1439],[-83.056,12.1662],[-83.0465,12.1837],[-83.0325,12.1908],[-83.0211,12.1818],[-83.0251,12.1752],[-83.0539,12.1439]]],[[[-82.7673,14.4141],[-82.7325,14.3696],[-82.8083,14.3664],[-82.7673,14.4141]]]]}},{"type":"Feature","properties":{"name":"Republic of the Congo","ISO3166-1-Alpha-2":"CG"},"geometry":{"type":"Polygon","coordinates":[[[18.6264,3.4769],[18.0724,2.16],[17.7495,-0.5234],[16.1946,-2.182],[16.2256,-3.3132],[15.9121,-3.9174],[14.6727,-4.8999],[14.4007,-4.8863],[14.3871,-4.2771],[13.715,-4.453],[13.3926,-4.8853],[12.7617,-4.3912],[12.0096,-5.0196],[11.114,-3.9369],[11.4826,-3.5093],[11.9055,-3.6435],[11.5662,-2.3297],[12.4593,-2.3299],[12.6324,-1.8252],[12.969,-2.3724],[13.4589,-2.441],[13.7432,-2.0971],[14.09,-2.4986],[14.4488,-1.6863],[14.49,-0.6009],[13.8312,-0.2054],[14.4681,0.9132],[14.1445,1.3916],[13.1502,1.2566],[13.2946,2.1611],[14.5621,2.2088],[16.0699,1.6546],[16.5985,3.5017],[17.4589,3.7083],[18.6264,3.4769]]]}},{"type":"Feature","properties":{"name":"Democratic Republic of the Congo","ISO3166-1-Alpha-2":"CD"},"geometry":{"type":"MultiPolygon","coordinates":[[[[18.6264,3.4769],[18.5419,4.3279],[19.409,5.1304],[20.5803,4.415],[22.3033,4.1287],[22.8984,4.8236],[23.4145,4.5908],[24.3964,5.1223],[25.3076,5.0323],[25.5437,5.3753],[27.3019,5.132],[28.3815,4.2753],[29.6185,4.6416],[30.8964,3.52],[30.7106,2.4451],[31.2715,2.103],[29.9473,0.8246],[29.5779,-1.3884],[28.8572,-2.5183],[29.2346,-3.0466],[29.5377,-6.3124],[30.7521,-8.1941],[28.8892,-8.4831],[28.3525,-9.272],[28.6985,-9.792],[28.3603,-11.5336],[29.0351,-12.3789],[29.4997,-12.4531],[29.7993,-12.1541],[29.7822,-13.4557],[29.5744,-13.2254],[28.994,-13.3959],[28.4227,-12.5213],[27.6382,-12.2936],[27.1801,-11.5696],[26.7174,-12.013],[25.9811,-11.903],[25.3449,-11.6422],[25.3103,-11.1948],[24.2939,-11.3992],[24.3705,-11.1002],[24.0015,-10.8734],[22.2376,-11.2495],[22.3134,-10.3686],[21.792,-9.4061],[21.785,-7.2834],[20.5205,-7.2864],[20.6115,-6.916],[19.5218,-7.0019],[19.3555,-8.002],[17.6002,-8.0985],[16.9457,-7.2046],[16.5529,-5.9024],[12.8962,-5.8145],[12.4495,-6.0519],[12.2493,-5.8288],[12.509,-5.7263],[12.4444,-5.0551],[13.088,-4.5795],[13.3926,-4.8853],[13.715,-4.453],[14.3871,-4.2771],[14.4007,-4.8863],[14.6727,-4.8999],[15.9121,-3.9174],[16.2256,-3.3132],[16.1946,-2.182],[17.7495,-0.5234],[18.0724,2.16],[18.6264,3.4769]]],[[[12.9053,-5.8695],[12.9693,-5.888],[12.7451,-5.9402],[12.9053,-5.8695]]]]}},{"type":"Feature","properties":{"name":"Bhutan","ISO3166-1-Alpha-2":"BT"},"geometry":{"type":"Polygon","coordinates":[[[90.4752,28.0723],[91.638,27.9397],[92.0728,26.8878],[89.8137,26.6961],[88.8517,26.9454],[88.7544,27.2126],[89.5615,28.1346],[90.2256,28.3584],[90.4752,28.0723]]]}},{"type":"Feature","properties":{"name":"Ukraine","ISO3166-1-Alpha-2":"UA"},"geometry":{"type":"MultiPolygon","coordinates":[[[[31.7643,52.1006],[33.8041,52.3546],[34.4127,51.7777],[34.0891,51.6666],[34.186,51.2489],[35.0787,51.2076],[35.6114,50.3517],[37.4152,50.4319],[38.0004,49.8998],[38.2999,50.0605],[40.1307,49.5798],[40.1417,49.2458],[39.6811,49.0203],[40.0538,48.8692],[39.6317,48.5869],[39.9932,48.2732],[39.7591,47.8329],[38.8309,47.8482],[38.2934,47.5628],[38.1423,47.0377],[35.9016,46.6527],[35,46.0736],[35.3421,46.3358],[35.1883,46.5124],[34.8123,46.1767],[34.9757,45.7173],[33.8462,46.1957],[31.8011,46.2851],[32.0536,46.406],[31.5083,46.5876],[32.6455,46.6496],[32.0228,46.6291],[31.7417,47.2591],[31.8994,46.6496],[31.4407,46.8005],[29.8601,45.6689],[29.6382,45.8263],[29.7088,45.2233],[29.3221,45.4438],[28.577,45.2481],[28.2016,45.4689],[28.9569,46.0014],[28.9458,46.4548],[30.1316,46.4228],[29.5587,46.9457],[29.5566,47.324],[29.1556,47.45],[29.124,47.976],[27.583,48.486],[24.8966,47.7101],[22.8776,47.9467],[22.1328,48.4048],[22.5396,49.0722],[22.867,49.01],[22.6658,49.5674],[24.1077,50.5408],[23.6167,51.6248],[25.7679,51.9285],[30.5396,51.2352],[30.9188,52.0592],[31.7643,52.1006]]],[[[31.9403,46.2046],[31.5803,46.2628],[31.5044,46.3734],[31.6182,46.2592],[31.9403,46.2046]]]]}},{"type":"Feature","properties":{"name":"Belarus","ISO3166-1-Alpha-2":"BY"},"geometry":{"type":"Polygon","coordinates":[[[23.6062,51.5174],[23.6375,52.0845],[23.1656,52.2894],[23.9225,52.7426],[23.4856,53.9393],[25.7631,54.1564],[25.5287,54.321],[25.7827,54.8697],[26.8007,55.2733],[26.45,55.3271],[26.6156,55.688],[28.111,56.1568],[30.8862,55.6005],[30.7706,54.786],[31.8226,54.0534],[31.7447,53.7949],[32.7195,53.4395],[32.1173,53.0811],[31.3785,53.182],[31.7643,52.1006],[30.9188,52.0592],[30.5507,51.2368],[25.7679,51.9285],[24.3908,51.88],[23.6062,51.5174]]]}},{"type":"Feature","properties":{"name":"Namibia","ISO3166-1-Alpha-2":"NA"},"geometry":{"type":"Polygon","coordinates":[[[16.4871,-28.5729],[15.2953,-27.3224],[14.4592,-24.0983],[14.5086,-22.548],[12.0319,-18.5053],[11.7551,-17.2667],[13.1663,-16.9511],[13.9806,-17.4236],[18.4536,-17.3899],[18.89,-17.7993],[20.8062,-18.0314],[25.037,-17.5812],[25.2598,-17.7941],[23.6099,-18.4777],[23.2928,-17.999],[20.9751,-18.3193],[20.9848,-21.964],[19.9783,-22.0007],[19.9817,-28.4223],[19.1202,-28.9575],[18.1665,-28.9019],[17.4036,-28.7043],[17.0764,-28.0268],[16.4871,-28.5729]]]}},{"type":"Feature","properties":{"name":"South Africa","ISO3166-1-Alpha-2":"ZA"},"geometry":{"type":"MultiPolygon","coordinates":[[[[19.9814,-24.7525],[20.6565,-25.4678],[20.6908,-26.8918],[21.6645,-26.8631],[22.5451,-26.2074],[23.0307,-25.2994],[24.665,-25.8233],[25.4584,-25.7112],[25.8684,-24.7482],[26.4044,-24.6328],[27.1274,-23.525],[29.0387,-22.2239],[31.1526,-22.3164],[31.9866,-24.4231],[31.9958,-25.6369],[31.8919,-25.9838],[31.4015,-25.736],[31.1198,-25.91],[30.8024,-26.8089],[31.5265,-27.3109],[31.9683,-27.3163],[31.9901,-26.8083],[32.8652,-27.0173],[32.3921,-28.5353],[31.365,-29.3326],[30.0628,-31.2387],[27.1009,-33.5253],[24.8342,-34.2057],[22.5837,-33.9941],[19.6532,-34.7741],[19.1399,-34.2944],[18.8176,-34.3769],[18.8001,-34.0895],[18.4701,-34.3474],[18.3163,-34.1575],[18.4844,-33.8439],[17.843,-32.8233],[18.2964,-32.6086],[18.2769,-31.8927],[16.47,-28.62],[17.0764,-28.0268],[17.4036,-28.7043],[18.1665,-28.9019],[19.1202,-28.9575],[19.9817,-28.4223],[19.9814,-24.7525]],[[28.9808,-28.909],[28.6343,-28.5708],[27.7474,-28.9086],[27.0022,-29.6665],[27.3662,-30.311],[28.0788,-30.6588],[28.3839,-30.1442],[29.1442,-29.9197],[29.4359,-29.3424],[28.9808,-28.909]]],[[[37.6624,-46.8285],[37.8958,-46.8899],[37.8065,-46.9658],[37.6188,-46.9544],[37.5754,-46.9035],[37.6624,-46.8285]]],[[[37.8611,-46.6362],[37.9778,-46.6157],[37.9387,-46.6544],[37.8611,-46.6362]]]]}},{"type":"Feature","properties":{"name":"Saint Martin","ISO3166-1-Alpha-2":"MF"},"geometry":{"type":"Polygon","coordinates":[[[-63.0176,18.0334],[-63.1468,18.0703],[-63.0176,18.1221],[-63.0176,18.0334]]]}},{"type":"Feature","properties":{"name":"Oman","ISO3166-1-Alpha-2":"OM"},"geometry":{"type":"MultiPolygon","coordinates":[[[[56.2606,25.3311],[56.3444,25.2665],[56.22,25.2153],[56.2606,25.3311]],[[56.263,25.2492],[56.283,25.2555],[56.2883,25.2719],[56.2738,25.2813],[56.2651,25.2812],[56.2596,25.276],[56.263,25.2492]]],[[[56.0774,26.061],[56.501,26.3587],[56.2791,25.6274],[56.0774,26.061]]],[[[56.3833,24.9782],[57.1515,23.9536],[58.7621,23.5421],[59.8118,22.2374],[58.5186,20.4168],[58.2057,20.6133],[57.8561,20.2606],[57.8157,18.9918],[56.8078,18.7456],[56.3563,17.94],[55.4452,17.841],[55.0269,17.0111],[53.0903,16.6424],[51.9786,18.9956],[54.9784,19.9954],[55.6376,21.979],[55.1868,22.7036],[55.4568,23.9632],[55.9979,24.0813],[55.7557,24.2303],[55.8294,24.9212],[56.0991,24.7305],[56.3833,24.9782]]],[[[56.0553,17.5598],[56.0956,17.5189],[55.9728,17.4984],[56.0553,17.5598]]]]}},{"type":"Feature","properties":{"name":"Uzbekistan","ISO3166-1-Alpha-2":"UZ"},"geometry":{"type":"MultiPolygon","coordinates":[[[[71.7855,39.9897],[71.7573,39.9031],[71.6655,39.9402],[71.7855,39.9897]]],[[[70.959,40.2384],[70.3714,40.3649],[70.7671,40.7376],[70.4457,41.0259],[69.6909,40.63],[69.3551,40.7804],[69.2853,40.195],[68.5811,40.1642],[68.987,40.0917],[68.5174,39.5484],[67.4273,39.4766],[67.3501,39.2198],[68.1009,38.9793],[68.3562,38.2126],[67.7805,37.1889],[66.5196,37.3642],[66.6243,37.9938],[63.7093,39.1909],[62.4528,40.0092],[61.8779,41.125],[60.0942,41.3895],[60.0282,42.1995],[58.5879,42.7912],[58.1213,42.6242],[58.4906,42.2976],[58.016,42.4997],[56.9784,41.8951],[57.0295,41.2626],[55.9784,41.3217],[55.9758,44.9944],[58.5549,45.5572],[61.0363,44.3828],[62.0261,43.4806],[64.9229,43.7191],[65.7952,42.8772],[66.1013,42.9903],[66.0087,42.0027],[66.5041,41.9935],[66.733,41.1581],[67.9374,41.2004],[67.9909,40.8111],[68.4617,40.5847],[69.0362,41.374],[71.0776,42.2812],[70.1665,41.5202],[71.1801,41.1081],[71.6714,41.5474],[72.1651,40.9994],[73.1486,40.8137],[71.7072,40.1443],[70.959,40.2384]]]]}},{"type":"Feature","properties":{"name":"Kazakhstan","ISO3166-1-Alpha-2":"KZ"},"geometry":{"type":"MultiPolygon","coordinates":[[[[87.3238,49.0853],[86.8595,49.1053],[86.5651,48.5273],[85.7187,48.3588],[85.4986,47.0518],[84.7396,46.8148],[83.0215,47.2059],[82.2915,45.5332],[82.632,45.4158],[82.5397,45.1237],[81.6652,45.348],[79.8582,44.9037],[80.4923,44.728],[80.3389,44.1215],[80.7934,43.1495],[80.2275,42.791],[80.2491,42.2049],[79.1483,42.791],[75.6204,42.8053],[74.1788,43.2617],[73.5709,43.0319],[73.5051,42.4029],[71.2454,42.7471],[70.6102,42.0274],[69.0362,41.374],[68.4617,40.5847],[67.9909,40.8111],[67.9374,41.2004],[66.733,41.1581],[66.5041,41.9935],[66.0087,42.0027],[66.1013,42.9903],[65.7952,42.8772],[64.9229,43.7191],[62.0261,43.4806],[61.0363,44.3828],[58.5549,45.5572],[55.9761,44.9951],[55.9784,41.3217],[55.4503,41.2789],[54.1226,42.3376],[52.4377,41.7489],[52.7363,42.7014],[51.2757,43.1545],[50.8472,44.1893],[50.2246,44.5677],[51.5603,44.5114],[50.9624,44.8637],[51.4157,45.39],[53.2612,45.3428],[52.7319,45.5541],[53.1184,46.1143],[53.0604,46.8923],[51.2126,47.1209],[49.3053,46.5876],[49.2271,46.3279],[48.4551,46.6608],[49.0063,46.7691],[48.1744,47.7129],[47.3597,47.6833],[47.0989,48.2654],[46.4783,48.4106],[47.0209,49.0968],[46.7751,49.3325],[47.3057,50.2949],[47.5993,50.4527],[48.2393,49.8648],[48.7846,49.9334],[48.5683,50.6365],[50.3254,51.3035],[50.767,51.7594],[51.3042,51.4716],[52.3078,51.7745],[52.5458,51.4595],[53.4073,51.4842],[54.4786,50.8535],[54.4994,50.5233],[54.6382,51.0277],[55.66,50.53],[56.4783,51.073],[57.4676,50.8585],[58.3084,51.15],[59.5228,50.4746],[60.0213,50.8541],[61.3721,50.7825],[61.6637,51.2584],[61.4738,51.4258],[59.9857,51.9523],[61.0399,52.335],[60.6726,52.6722],[60.9746,52.9712],[62.0942,52.9925],[61.1627,53.2992],[61.5553,53.5057],[60.8802,53.6328],[61.1991,53.7971],[60.9961,53.9414],[62.5253,53.8719],[63.1567,54.1801],[65.1842,54.3104],[65.4498,54.6275],[68.1661,54.9561],[68.9432,55.4346],[70.2137,55.132],[70.8204,55.2941],[71.2647,54.6617],[70.9708,54.305],[71.1613,54.102],[72.1551,54.1284],[72.0432,54.378],[72.4829,54.1356],[72.3922,53.9082],[73.7406,54.0579],[73.2297,53.6624],[73.4109,53.43],[74.3884,53.4622],[74.772,53.8309],[76.8959,54.4639],[76.4952,53.9923],[77.8668,53.2723],[80.0213,50.7669],[80.6828,51.302],[81.4602,50.7303],[83.434,50.9927],[84.25,50.2599],[84.9867,50.067],[85.2236,49.5957],[86.1773,49.4633],[86.7484,49.783],[86.5993,49.5735],[87.3238,49.0853]],[[63.3839,45.5658],[63.9409,45.8557],[63.5015,46.3824],[62.8125,46.0614],[63.3839,45.5658]]],[[[50.2603,45.0099],[50.2771,45.0715],[50.3484,45.0849],[50.3246,44.9732],[50.2644,44.9638],[50.2603,45.0099]]],[[[50.7437,44.8861],[50.6978,44.8579],[50.6279,44.967],[50.7137,44.9538],[50.7437,44.8861]]],[[[52.6929,45.4597],[52.6771,45.397],[52.552,45.4783],[52.6355,45.5256],[52.6929,45.4597]]],[[[49.8224,46.314],[49.8047,46.2105],[49.72,46.3568],[49.8224,46.314]]]]}},{"type":"Feature","properties":{"name":"Tajikistan","ISO3166-1-Alpha-2":"TJ"},"geometry":{"type":"MultiPolygon","coordinates":[[[[70.959,40.2384],[70.4772,39.9009],[69.518,40.1251],[69.3003,39.5156],[71.4595,39.6121],[72.2289,39.1892],[73.6043,39.4596],[73.8164,38.5866],[74.8329,38.4636],[74.8919,37.5992],[75.1641,37.4006],[73.7092,37.217],[73.7535,37.4284],[73.2963,37.4649],[71.653,36.687],[71.4311,37.067],[71.5977,37.8984],[71.2583,37.9265],[71.3582,38.2513],[70.9507,38.4731],[70.1721,37.9461],[70.1579,37.5414],[69.5287,37.586],[69.3239,37.121],[68.8879,37.3381],[68.0111,36.9309],[67.8012,37.4664],[68.3562,38.2126],[68.1009,38.9793],[67.3501,39.2198],[67.4273,39.4766],[68.5174,39.5484],[68.987,40.0917],[68.5811,40.1642],[69.2853,40.195],[69.3551,40.7804],[69.7177,40.6363],[70.3635,41.0324],[70.7671,40.7376],[70.3714,40.3649],[70.959,40.2384]]],[[[70.4987,39.8819],[70.6989,39.8584],[70.7048,39.8221],[70.5816,39.7666],[70.4987,39.8819]]]]}},{"type":"Feature","properties":{"name":"Lithuania","ISO3166-1-Alpha-2":"LT"},"geometry":{"type":"MultiPolygon","coordinates":[[[[26.5945,55.667],[26.45,55.3271],[26.8007,55.2733],[25.7827,54.8697],[25.5287,54.321],[25.7631,54.1564],[23.6271,53.8982],[22.707,54.4187],[22.8484,54.8138],[22.5655,55.0678],[21.2676,55.2487],[21.0534,56.0726],[22.0941,56.4174],[24.871,56.4426],[26.5945,55.667]]],[[[20.9894,55.2731],[20.9246,55.2827],[21.0824,55.4976],[21.0852,55.7228],[21.1315,55.6556],[21.1062,55.4212],[20.9894,55.2731]]]]}},{"type":"Feature","properties":{"name":"Brazil","ISO3166-1-Alpha-2":"BR"},"geometry":{"type":"MultiPolygon","coordinates":[[[[-57.6028,-30.1905],[-55.7725,-28.232],[-53.83,-27.1568],[-53.6616,-26.2598],[-53.91,-25.6292],[-54.6002,-25.5749],[-54.2453,-24.0506],[-54.6392,-23.8044],[-55.4207,-23.9545],[-55.861,-22.2895],[-57.9862,-22.0745],[-57.8176,-20.9536],[-58.1588,-20.1651],[-57.8597,-19.9801],[-58.1246,-19.7299],[-57.4657,-18.2177],[-57.8007,-17.5335],[-58.3991,-17.2374],[-58.3396,-16.2893],[-60.1607,-16.2648],[-60.5822,-15.0989],[-60.2698,-15.0834],[-60.4726,-13.7979],[-61.0472,-13.4646],[-61.8364,-13.5406],[-63.075,-12.6527],[-64.2875,-12.4971],[-64.9974,-11.9963],[-65.3873,-11.2776],[-65.398,-9.6867],[-66.6426,-9.9079],[-68.6157,-11.1125],[-70.6413,-11.0108],[-70.525,-9.4309],[-71.2997,-9.9934],[-72.1957,-10.0056],[-72.3127,-9.5325],[-73.215,-9.409],[-72.9761,-8.9854],[-74.0185,-7.5435],[-73.7594,-6.8874],[-73.1478,-6.4762],[-72.9179,-5.1321],[-70.6468,-4.1157],[-69.9718,-4.291],[-69.3995,-1.1827],[-70.068,-0.1601],[-70.0542,0.5881],[-69.1375,0.6501],[-69.2888,1.0384],[-69.8522,1.0594],[-69.8562,1.7077],[-68.1633,1.7213],[-68.1922,2.0149],[-67.9288,1.7413],[-67.4246,2.1381],[-67.0861,1.176],[-66.2851,0.7458],[-65.596,0.9836],[-65.4978,0.6587],[-63.3726,2.2668],[-64.048,2.4713],[-64.203,3.5947],[-64.7916,4.2844],[-64.0377,3.8825],[-63.3517,3.9587],[-62.8894,3.5608],[-62.7662,4.0207],[-60.9773,4.535],[-60.5919,4.9497],[-60.7399,5.2021],[-60.2134,5.2672],[-59.9831,5.0859],[-60.16,4.5278],[-59.6867,4.3812],[-59.5277,3.9395],[-59.9937,2.8573],[-59.7588,1.8621],[-58.834,1.1858],[-57.3194,1.9771],[-55.9538,1.8533],[-55.971,2.5303],[-54.9591,2.609],[-54.1349,2.1107],[-53.7648,2.3687],[-52.9597,2.1752],[-51.5853,4.2338],[-51.4368,3.9295],[-51.5165,4.4411],[-51.1761,3.6483],[-51.0799,3.8823],[-50.7797,2.0709],[-49.9506,1.7213],[-49.883,1.3077],[-50.1497,1.2212],[-49.8876,1.1749],[-51.327,-0.0795],[-51.9346,-1.3395],[-52.7081,-1.6],[-52.204,-1.6902],[-50.8396,-0.9128],[-50.8442,-1.9553],[-49.9769,-1.8261],[-49.8125,-2.108],[-49.422,-1.779],[-49.6637,-2.6777],[-48.9656,-1.5997],[-49.0333,-1.8466],[-48.6569,-1.3834],[-48.4283,-1.6623],[-48.0379,-0.6617],[-46.8192,-0.7117],[-46.7494,-1.0187],[-46.2003,-0.9076],[-46.2621,-1.1832],[-45.4157,-1.2877],[-45.4608,-1.5462],[-45.3262,-1.3129],[-45.3236,-1.7448],[-44.868,-1.4213],[-44.8104,-1.8132],[-44.598,-1.7448],[-44.4944,-2.0458],[-44.824,-2.2792],[-44.3636,-2.3339],[-44.796,-3.3002],[-44.2926,-2.4811],[-44.0344,-2.4152],[-44.2002,-2.8689],[-43.4263,-2.3378],[-41.2445,-3.0152],[-39.9857,-2.8484],[-38.4774,-3.6974],[-37.1829,-4.9109],[-35.5106,-5.1437],[-34.7936,-7.1762],[-35.3051,-9.193],[-35.963,-9.6108],[-36.4081,-10.5021],[-37.2751,-11.0227],[-38.3204,-12.9352],[-38.5327,-13.0165],[-38.691,-12.5715],[-38.9237,-12.7366],[-38.7245,-12.8732],[-39.1488,-13.7369],[-38.8617,-15.8543],[-39.1371,-17.6796],[-39.6594,-18.2736],[-39.7862,-19.602],[-41.0572,-21.4838],[-40.9953,-22.0143],[-41.9663,-22.5354],[-42.0135,-22.9817],[-43.0314,-22.9743],[-43.0756,-22.6657],[-43.5604,-23.0675],[-44.4114,-22.9374],[-44.7005,-23.1077],[-44.5012,-23.2965],[-45.4267,-23.8307],[-46.3854,-23.8735],[-48.0516,-25.0368],[-48.2091,-25.4576],[-48.3253,-25.2286],[-48.743,-25.3521],[-48.3612,-25.571],[-48.7694,-25.8674],[-48.5925,-26.1839],[-48.7965,-26.0685],[-48.4761,-27.154],[-48.7561,-28.5284],[-49.8107,-29.4431],[-50.7214,-31.0445],[-52.0686,-32.1624],[-52.0873,-31.8278],[-51.245,-31.464],[-50.565,-30.4501],[-51.2835,-30.0074],[-51.2697,-30.7818],[-52.2186,-31.7407],[-52.0912,-32.1661],[-52.6449,-33.137],[-53.3791,-33.7407],[-53.5369,-33.1708],[-53.1108,-32.7224],[-53.7573,-32.055],[-55.5919,-30.8483],[-56.0114,-31.0821],[-56.8313,-30.102],[-57.6028,-30.1905]]],[[[-38.6146,-12.925],[-38.5875,-12.9869],[-38.7865,-13.1339],[-38.7912,-13.0584],[-38.6693,-12.9618],[-38.6971,-12.8805],[-38.6146,-12.925]]],[[[-44.4978,-2.8068],[-44.4973,-2.9493],[-44.598,-3.0602],[-44.5763,-2.8],[-44.4808,-2.7044],[-44.4978,-2.8068]]],[[[-42.0414,-2.7044],[-42.0278,-2.7448],[-42.0852,-2.7587],[-42.1029,-2.7044],[-42.186,-2.6764],[-42.0414,-2.7044]]],[[[-43.6273,-2.252],[-43.6348,-2.3999],[-43.7329,-2.4199],[-43.7154,-2.2892],[-43.6273,-2.252]]],[[[-49.288,-1.7585],[-49.3674,-1.8951],[-49.4425,-1.8678],[-49.3522,-1.7224],[-49.288,-1.7585]]],[[[-44.8922,-1.2719],[-44.8854,-1.3264],[-44.9195,-1.3059],[-44.8985,-1.3327],[-44.9639,-1.3906],[-45.0189,-1.3777],[-44.9744,-1.2603],[-44.8922,-1.2719]]],[[[-48.339,-1.0665],[-48.2974,-1.1285],[-48.3341,-1.205],[-48.4621,-1.1645],[-48.4215,-1.0795],[-48.339,-1.0665]]],[[[-48.1949,-0.8194],[-48.1559,-0.8663],[-48.2019,-1.0115],[-48.3071,-1.0207],[-48.3127,-0.9533],[-48.1949,-0.8194]]],[[[-47.9486,-0.6413],[-47.8871,-0.6691],[-47.9621,-0.7306],[-47.9486,-0.6413]]],[[[-50.8192,-0.6202],[-50.8431,-0.716],[-51.1004,-0.8263],[-51.0663,-0.676],[-50.8608,-0.5656],[-50.8744,-0.6139],[-50.8409,-0.5587],[-50.8192,-0.6202]]],[[[-47.6605,-0.5792],[-47.6434,-0.693],[-47.7015,-0.7096],[-47.7614,-0.5758],[-47.7347,-0.5417],[-47.6605,-0.5792]]],[[[-51.186,-0.6139],[-51.2756,-1.0252],[-51.9303,-1.4708],[-51.534,-0.6347],[-51.186,-0.6139]]],[[[-51.1653,-0.1403],[-51.1203,-0.1454],[-51.1667,-0.3056],[-51.4051,-0.4596],[-51.2643,-0.2195],[-51.1653,-0.1403]]],[[[-48.4625,-0.5761],[-48.9901,-1.2924],[-48.8392,-1.45],[-49.1977,-1.3884],[-49.2228,-1.6212],[-50.155,-1.779],[-50.2582,-1.4841],[-50.4052,-1.831],[-50.8032,-1.435],[-50.7926,-1.0862],[-50.4766,-1.0392],[-50.7926,-1.0187],[-50.6964,-0.36],[-50.3682,-0.1056],[-48.4272,-0.2599],[-48.4625,-0.5761]]],[[[-49.8323,-0.1031],[-49.7405,-0.0003],[-49.4966,0.0856],[-49.3475,-0.0097],[-49.4634,-0.128],[-49.7162,-0.1477],[-49.8323,-0.1031]]],[[[-50.6343,0.0713],[-50.6485,0.1505],[-50.6106,0.1834],[-50.4902,0.1594],[-50.4465,0.1259],[-50.4377,0],[-50.5597,-0.0038],[-50.6343,0.0713]]],[[[-50.0908,0.3059],[-50.2205,0.2462],[-50.1133,0.3382],[-50.0908,0.3059]]],[[[-50.0369,0.2997],[-49.5304,0.3538],[-50.0045,-0.0528],[-50.3837,0.1299],[-50.0369,0.2997]]],[[[-50.378,0.245],[-50.419,0.1679],[-50.5181,0.2149],[-50.4083,0.4207],[-50.4308,0.548],[-50.3667,0.6199],[-50.317,0.3088],[-50.378,0.245]]],[[[-50.3121,0.414],[-50.2582,0.5852],[-50.1204,0.5716],[-50.134,0.6125],[-50.0657,0.6473],[-50.0427,0.5103],[-50.2496,0.361],[-50.3121,0.414]]],[[[-50.2024,0.7497],[-50.2834,0.7692],[-50.2255,0.8592],[-50.1117,0.9183],[-50.0157,0.8925],[-50.1034,0.7557],[-50.2024,0.7497]]],[[[-50.0626,0.9233],[-50.1003,0.9591],[-49.9264,1.0699],[-49.964,0.9738],[-50.0626,0.9233]]],[[[-50.4544,2.1109],[-50.3996,2.1151],[-50.314,1.9683],[-50.4191,1.863],[-50.5238,2.0015],[-50.5042,2.0957],[-50.4544,2.1109]]],[[[-50.5435,2.1462],[-50.4633,2.1869],[-50.4152,2.1269],[-50.4979,2.1074],[-50.5435,2.1462]]],[[[-48.5444,-26.3419],[-48.5832,-26.4211],[-48.7033,-26.3119],[-48.5476,-26.1672],[-48.4891,-26.236],[-48.5444,-26.3419]]],[[[-47.5172,-24.7009],[-47.4483,-24.6935],[-47.9001,-25.0368],[-47.8319,-24.9133],[-47.5172,-24.7009]]],[[[-46.328,-23.9264],[-46.2919,-23.9909],[-46.4204,-23.9474],[-46.328,-23.9264]]],[[[-44.1009,-23.149],[-44.2926,-23.1728],[-44.3277,-23.2213],[-44.3671,-23.1652],[-44.2351,-23.0688],[-44.1009,-23.149]]],[[[-29.408,0.8848],[-29.349,0.8526],[-29.4103,0.8349],[-29.408,0.8848]]],[[[-48.3223,-25.3837],[-48.2554,-25.3482],[-48.2911,-25.4891],[-48.3223,-25.3837]]],[[[-34.8528,-7.6974],[-34.8454,-7.8135],[-34.8842,-7.804],[-34.8528,-7.6974]]],[[[-42.2287,-2.6933],[-42.1058,-2.7727],[-42.2498,-2.7364],[-42.2287,-2.6933]]],[[[-43.8329,-2.4541],[-43.8235,-2.4077],[-43.8136,-2.4546],[-43.7568,-2.4477],[-43.8092,-2.5128],[-43.8329,-2.4541]]],[[[-43.5648,-2.3613],[-43.5737,-2.4235],[-43.6117,-2.385],[-43.5648,-2.3613]]],[[[-49.4795,-1.6554],[-49.424,-1.6968],[-49.5086,-1.7449],[-49.5255,-1.6729],[-49.4795,-1.6554]]]]}},{"type":"Feature","properties":{"name":"Uruguay","ISO3166-1-Alpha-2":"UY"},"geometry":{"type":"Polygon","coordinates":[[[-57.6028,-30.1905],[-56.8313,-30.102],[-56.0114,-31.0821],[-55.5919,-30.8483],[-53.1198,-32.7074],[-53.5116,-33.0994],[-53.3791,-33.7407],[-53.7649,-34.3904],[-54.9393,-34.9699],[-56.1561,-34.9412],[-58.2087,-34.1476],[-58.4394,-33.6985],[-58.0485,-32.9117],[-58.2026,-31.8931],[-57.6028,-30.1905]]]}},{"type":"Feature","properties":{"name":"Mongolia","ISO3166-1-Alpha-2":"MN"},"geometry":{"type":"Polygon","coordinates":[[[116.6843,49.8233],[115.5757,47.9097],[117.3608,47.6509],[117.7669,47.9931],[118.4728,47.9894],[119.7,47.1595],[119.8544,46.6597],[117.3938,46.5714],[116.5683,46.2909],[115.6674,45.4543],[114.5337,45.3855],[113.6048,44.7397],[111.9583,45.0845],[111.3971,44.3874],[111.9334,43.6966],[110.4067,42.7686],[106.7678,42.2866],[104.9738,41.5861],[102.0342,42.1846],[101.5249,42.5375],[96.3578,42.7245],[95.319,44.0171],[95.3977,44.2805],[93.5253,44.9513],[90.8732,45.1862],[90.6511,45.4931],[91.0475,46.5664],[90.3448,47.6586],[88.6358,48.1758],[87.7357,48.8867],[88.1748,49.4439],[89.1607,49.5027],[92.3609,50.8684],[94.2587,50.5575],[94.6035,50.0197],[97.3433,49.7342],[98.2625,50.2838],[97.8064,51.0011],[98.8864,52.1286],[102.0747,51.3748],[102.3029,50.5639],[103.2768,50.1976],[105.3286,50.4765],[106.6565,50.327],[107.9465,49.9335],[108.5381,49.3274],[110.7314,49.1377],[112.7771,49.5014],[114.2863,50.2769],[116.6843,49.8233]]]}},{"type":"Feature","properties":{"name":"Russia","ISO3166-1-Alpha-2":"RU"},"geometry":{"type":"MultiPolygon","coordinates":[[[[87.8163,49.1658],[87.0245,49.2489],[86.5918,49.5872],[86.7484,49.783],[86.1773,49.4633],[85.2236,49.5957],[84.9867,50.067],[84.25,50.2599],[83.434,50.9927],[81.4602,50.7303],[80.6828,51.302],[80.0213,50.7669],[77.8668,53.2723],[76.4952,53.9923],[76.8959,54.4639],[74.772,53.8309],[74.3884,53.4622],[73.4109,53.43],[73.2297,53.6624],[73.7406,54.0579],[72.3922,53.9082],[72.4829,54.1356],[72.0432,54.378],[72.1551,54.1284],[71.1613,54.102],[70.9708,54.305],[71.2647,54.6617],[70.8204,55.2941],[70.2137,55.132],[68.9273,55.4337],[68.1661,54.9561],[65.4498,54.6275],[65.1842,54.3104],[63.1567,54.1801],[62.5253,53.8719],[60.9961,53.9414],[61.1991,53.7971],[60.8802,53.6328],[61.5553,53.5057],[61.1627,53.2992],[62.0942,52.9925],[60.9746,52.9712],[60.6726,52.6722],[61.0399,52.335],[59.9857,51.9523],[61.4738,51.4258],[61.6637,51.2584],[61.3721,50.7825],[60.0213,50.8541],[59.5228,50.4746],[58.3084,51.15],[57.4676,50.8585],[56.4783,51.073],[55.66,50.53],[54.6382,51.0277],[54.4994,50.5233],[54.4786,50.8535],[53.4073,51.4842],[52.5458,51.4595],[52.3078,51.7745],[51.3042,51.4716],[50.767,51.7594],[50.3254,51.3035],[48.5683,50.6365],[48.7846,49.9334],[48.2393,49.8648],[47.4698,50.4118],[46.8999,49.8203],[46.7751,49.3325],[47.04,49.1503],[46.4783,48.4106],[47.0989,48.2654],[47.3597,47.6833],[48.1744,47.7129],[49.0063,46.7691],[48.4551,46.6608],[49.306,46.2631],[48.627,46.0873],[48.7163,45.8135],[47.5601,45.7716],[47.6537,45.5591],[47.3848,45.7502],[47.3701,45.1856],[46.6804,44.5285],[47.2459,44.212],[47.4043,43.5114],[47.7015,43.8745],[47.4619,43.0208],[48.5789,41.8453],[47.8711,41.2082],[47.2684,41.3028],[45.123,42.7023],[43.9397,42.5522],[42.8298,43.1688],[40.2331,43.5758],[39.9626,43.3926],[38.7583,44.2736],[36.5773,45.1942],[36.9617,45.2829],[36.6681,45.3264],[36.8333,45.443],[37.7293,45.3017],[37.5951,45.6353],[37.9401,46.0203],[38.0396,45.8161],[38.1675,46.1205],[38.5599,46.0327],[37.7307,46.6701],[38.5754,46.6538],[38.4353,46.8467],[39.3887,47.1152],[38.2166,47.1033],[38.1906,47.3169],[38.8309,47.8482],[39.7591,47.8329],[39.9932,48.2732],[39.6317,48.5869],[40.0538,48.8692],[39.6811,49.0203],[40.1417,49.2458],[40.1307,49.5798],[38.2999,50.0605],[38.0004,49.8998],[37.4152,50.4319],[35.6114,50.3517],[35.0787,51.2076],[34.186,51.2489],[34.0891,51.6666],[34.4127,51.7777],[33.8041,52.3546],[31.7643,52.1006],[31.2471,53.0144],[32.2011,53.0976],[32.7012,53.4621],[31.7447,53.7949],[31.8226,54.0534],[30.7706,54.786],[30.8862,55.6005],[28.1691,56.1253],[28.1261,56.5478],[27.6284,56.8442],[27.8403,57.2906],[27.3285,57.5706],[27.7993,57.8611],[27.4106,58.7549],[28.1818,59.3561],[28.007,59.7582],[30.2461,59.9749],[28.617,60.382],[28.439,60.5599],[28.7028,60.4612],[28.6904,60.7385],[27.8079,60.553],[31.5695,62.9059],[29.9808,63.7415],[30.5585,64.2197],[29.6336,64.9072],[29.7029,65.6294],[30.1117,65.712],[29.0515,66.9078],[30.0094,67.6858],[28.4474,68.5149],[28.8015,68.8355],[28.4102,68.8985],[30.1191,69.6346],[30.8982,69.5442],[30.841,69.8058],[33.1203,69.7442],[31.9683,69.6542],[33.085,69.4761],[32.8133,69.3015],[33.5237,69.4283],[33.0234,68.9547],[33.724,69.3368],[35.967,69.1768],[41.0399,67.6778],[41.3904,67.1249],[41.1781,66.8096],[38.5544,66.055],[31.8509,67.1528],[33.5368,66.5359],[32.9409,66.5285],[33.6231,66.4912],[33.3108,66.3168],[34.8524,65.9003],[34.6819,65.4534],[34.297,65.3851],[35.009,64.7432],[34.7433,64.5559],[37.4378,63.7923],[38.0737,64.0174],[38.0202,64.3085],[36.5598,64.7174],[36.44,64.9171],[36.82,65.1471],[38.385,64.8446],[38.0481,64.6459],[40.5171,64.5414],[39.7493,65.5521],[42.1559,66.5264],[43.3021,66.426],[43.6926,66.2372],[43.3528,66.0415],[43.8364,66.1858],[44.1797,65.8643],[44.0964,66.2619],[44.5217,66.9194],[43.7667,67.2777],[44.4118,68.0634],[43.3172,68.6666],[45.5821,68.5142],[46.5349,68.1326],[46.6983,67.8165],[45.3504,67.7304],[44.9121,67.372],[46.4067,66.7462],[47.5814,66.8699],[47.8457,67.6009],[49.1067,67.6395],[48.5859,67.9343],[52.1771,68.5824],[52.402,68.3377],[52.7313,68.4742],[52.3285,68.6334],[53.8786,68.9741],[54.5569,68.9929],[53.5949,68.9069],[54.0262,68.8454],[53.7205,68.6569],[53.9443,68.406],[53.3274,68.2421],[54.8319,68.1733],[55.3929,68.5643],[57.3298,68.5648],[58.8788,69.0031],[59.423,68.757],[59.0871,68.4169],[59.6748,68.3362],[59.9639,68.466],[59.8112,68.6879],[60.9688,68.9069],[60.1388,69.5779],[60.9266,69.8675],[64.1276,69.5501],[65.0044,69.3041],[64.7859,69.1471],[67.0901,68.8557],[68.2881,68.1883],[69.2189,68.9621],[68.458,68.9846],[68.1066,69.5487],[66.7957,69.5862],[66.8848,70.0129],[67.3276,70.106],[67.0942,70.2209],[67.3345,70.7578],[66.6887,70.7698],[66.8895,71.0787],[66.6205,71.0578],[68.3488,71.6752],[69.3538,72.9526],[71.5632,72.916],[72.8369,72.7099],[72.8743,72.2811],[71.8034,71.4803],[72.8369,70.8596],[72.4356,70.2859],[72.6917,69.8369],[72.5774,68.9404],[73.6463,68.4578],[73.0908,68.2143],[73.1143,67.6904],[72.5813,67.6202],[71.7476,66.9161],[71.3019,66.9536],[71.5769,66.6588],[68.965,66.8096],[69.9028,66.4155],[72.0757,66.2358],[74.7303,67.6863],[74.7254,68.1524],[74.3316,68.3856],[74.6279,68.7746],[76.5824,68.9752],[77.3257,68.5233],[77.0798,67.7904],[79.0525,67.5705],[77.4942,67.7513],[77.537,68.1286],[78.1726,68.2744],[77.647,68.9111],[76.042,69.2391],[73.7588,69.1694],[73.8996,69.4208],[73.516,69.7464],[74.3179,70.6678],[73.0225,71.4288],[74.9949,72.1378],[75.0588,72.595],[74.7511,72.82],[75.7082,72.5659],[75.7424,72.2655],[75.2537,71.9422],[75.5329,71.5423],[75.263,71.3655],[76.9142,71.0725],[79.1145,71.0042],[78.4424,70.9143],[78.279,71.2589],[76.2723,71.5729],[75.9968,71.9079],[78.1095,71.8804],[77.3772,72.1102],[78.1245,72.3846],[79.3914,72.3856],[81.7367,71.6999],[83.2517,71.7257],[82.2726,71.2788],[82.4172,70.777],[82.082,70.5654],[82.3489,70.2023],[82.1572,70.5716],[82.9016,71.001],[83.1372,70.764],[82.6438,70.1812],[83.1111,70.0695],[82.9517,70.3251],[83.7747,70.4766],[83.1161,71.1135],[83.6189,71.6312],[80.7041,72.5454],[80.8143,72.9743],[80.2311,73.176],[80.5635,73.2215],[80.2549,73.3297],[80.5358,73.5808],[86.7832,73.9022],[87.0266,73.7836],[85.7845,73.4558],[86.7825,73.0009],[85.8823,73.4962],[87.6641,73.8909],[85.9487,74.2926],[87.0208,74.273],[87.2624,74.3547],[86.7825,74.5607],[85.7404,74.6359],[86.9575,74.6088],[86.7621,74.7041],[87.1729,74.9853],[87.7899,75.0263],[87.0246,75.1642],[94.053,75.9154],[92.8882,75.8965],[93.6858,76.1323],[95.8729,76.1381],[96.1926,76.0798],[95.5752,75.889],[96.4614,75.8719],[98.8164,76.267],[99.7549,76.049],[99.5706,75.7797],[99.8778,76.0957],[98.8489,76.5173],[102.2495,76.3831],[100.8783,76.555],[101.2346,76.7673],[100.9193,76.9759],[104.2903,77.7375],[106.292,77.37],[104.1419,77.0889],[107.4998,76.9245],[106.417,76.5092],[111.0903,76.7623],[112.1991,76.4719],[111.8291,76.3415],[112.7478,76.3353],[112.5697,76.0473],[113.2593,76.2664],[113.4808,75.8555],[113.8901,75.854],[113.5559,75.5402],[112.3369,75.8481],[113.6377,75.5241],[113.6052,75.285],[109.5612,74.3137],[109.8901,74.197],[108.0666,73.6353],[107.1468,73.6177],[105.073,72.7651],[107.1033,72.8564],[106.2238,72.9774],[106.333,73.1896],[110.8986,73.6859],[109.6737,73.6782],[110.0215,74.0145],[111.5365,74.0512],[111.2952,73.8691],[112.3718,73.7053],[112.9453,73.7905],[112.8469,73.9945],[113.4279,73.634],[113.1314,73.4497],[113.4983,73.3359],[113.4871,72.9637],[113.1773,72.733],[114.0903,72.6007],[113.1582,72.8227],[114.0358,73.3473],[113.4666,73.5049],[114.1091,73.5996],[118.4502,73.5888],[118.9976,73.4914],[118.3942,73.238],[119.7225,72.9589],[122.7322,72.8266],[122.4647,73.019],[123.6638,73.1698],[123.2181,73.4088],[123.3696,73.6627],[124.3831,73.8064],[125.5625,73.4088],[126.2881,73.5573],[126.1585,73.3815],[126.5652,73.2335],[127.0505,73.549],[129.4435,73.0289],[128.1292,72.7861],[129.1984,72.6552],[127.9054,72.6671],[129.2583,72.4639],[129.489,72.1276],[127.6658,72.4301],[128.9266,71.7388],[129.1839,71.8093],[129.0412,72.0188],[129.5437,71.723],[128.8205,71.6581],[129.6262,71.0861],[131.042,70.7388],[132.1883,71.2159],[131.9419,71.2674],[132.0916,71.4981],[132.7178,71.9462],[133.3414,71.8863],[132.7151,71.8107],[133.1516,71.5792],[134.6686,71.2643],[135.6216,71.6231],[137.813,71.1196],[138.363,71.3189],[137.8286,71.3872],[138.0986,71.5814],[140.0332,71.4721],[139.3362,71.9495],[140.1971,72.2138],[139.094,72.2482],[141.1108,72.587],[140.7258,72.8986],[146.854,72.3542],[144.1055,72.2779],[146.9292,72.3126],[145.9725,71.8563],[146.3469,72.1276],[145.6133,72.2443],[145.8057,71.929],[144.971,71.9803],[145.216,71.8433],[144.8932,71.6752],[146.0363,71.7864],[147.1956,72.3299],[149.6113,72.1484],[150.0564,71.8666],[148.8272,71.6752],[150.635,71.515],[150.0467,71.2097],[151.5912,71.3102],[152.1367,71.0173],[151.6815,70.9759],[152.5408,70.7913],[155.9364,71.0994],[159.2378,70.8293],[160.0942,70.3099],[159.6886,70.134],[159.9146,70.0986],[159.7691,69.762],[161.0064,69.5773],[160.9629,69.1055],[161.4154,68.982],[160.8211,68.5274],[161.5741,68.9211],[161.4154,69.3314],[161.7026,69.4959],[164.027,69.7738],[166.8938,69.4959],[167.802,69.7752],[168.2883,69.2427],[170.6252,68.7486],[171.1594,69.0441],[170.6061,69.5898],[170.1607,69.6134],[170.5918,69.7647],[170.4816,70.142],[173.198,69.7834],[176.1276,69.8938],[180,68.981],[180,65.0662],[178.5615,64.5915],[176.9369,65.0828],[176.3063,65.0555],[177.2038,64.7949],[176.0457,64.9628],[174.4417,64.6924],[177.4919,64.7675],[177.4536,64.4206],[178.1838,64.2058],[178.2,64.4402],[178.5886,64.0351],[178.3826,63.973],[178.6432,64.001],[178.7593,63.623],[178.2688,63.5654],[178.699,63.3857],[178.777,63.5952],[179.3865,63.1612],[179.563,62.6247],[179.0736,62.2872],[176.9922,62.8695],[177.2393,62.5698],[172.7156,61.4307],[172.9551,61.314],[172.0093,61.1011],[172.0471,60.8607],[170.5159,60.4506],[170.2651,59.9204],[169.2144,60.6287],[167.0249,60.4277],[166.2451,59.8306],[166.3733,60.4995],[164.9993,60.1353],[165.2121,59.9914],[164.8386,59.7874],[164.4885,60.111],[164.1904,59.8542],[163.6287,60.0466],[163.1802,59.5583],[163.2619,59.0808],[162.8827,59.1328],[163.0685,58.9681],[161.9932,58.0874],[162.3545,57.6885],[162.69,57.9697],[163.3295,57.7089],[162.8002,57.3464],[162.7835,56.763],[163.239,56.733],[163.3661,56.1807],[162.5568,56.2285],[163.0201,56.5376],[162.414,56.3839],[162.5925,56.2685],[161.7641,55.5548],[162.1276,54.7604],[160.053,54.1757],[159.791,53.5163],[160.0586,53.0974],[158.4378,53.0253],[158.6471,52.8994],[158.2869,51.9675],[156.67,50.8639],[155.5512,55.2842],[155.9465,56.6219],[157.0013,57.4255],[156.749,57.7296],[158.3382,57.953],[161.9386,60.4168],[163.751,60.8831],[163.4873,61.0017],[164.0288,61.3466],[163.7515,61.4433],[164.1272,62.2624],[165.6509,62.4592],[163.3989,62.5759],[162.9767,61.7996],[163.3265,61.6579],[162.4172,61.6758],[160.1859,60.5784],[160.4442,61.0362],[159.7975,60.9311],[160.0001,61.1061],[159.7756,61.2422],[160.3457,61.9447],[159.5772,61.6528],[159.1178,61.9167],[157.0276,61.6506],[155.9136,60.7036],[154.2208,59.8696],[154.3683,59.5747],[154.1384,59.457],[154.9629,59.4961],[155.1941,59.1758],[153.3692,59.2413],[152.8999,58.9036],[151.3537,58.8326],[151.1021,59.1143],[152.3118,59.2266],[151.3961,59.6042],[150.7799,59.4323],[149.3753,59.7722],[149.0407,59.6429],[149.2121,59.4691],[148.7434,59.4716],[148.9345,59.2333],[143.1648,59.381],[140.9043,58.3828],[138.2235,56.4242],[135.1733,54.8213],[136.8235,54.6475],[136.7752,53.7731],[137.7358,54.321],[137.3079,54.1184],[137.8628,53.9676],[137.3351,53.5294],[138.5786,53.9993],[138.2166,53.5004],[138.4392,53.5137],[138.6436,54.2972],[139.7676,54.3039],[141.4075,53.3038],[141.1888,52.9875],[140.7067,53.111],[141.2606,52.8522],[141.1282,52.4229],[141.5558,52.1623],[140.6863,51.3128],[140.4421,50.5301],[140.6909,50.0803],[140.4152,49.8746],[140.177,48.4618],[135.1399,43.5084],[133.1577,42.6884],[132.3115,42.8454],[132.3458,43.2979],[131.9299,43.0696],[132.052,43.3148],[131.8157,43.3367],[131.2195,42.5547],[130.6567,42.6641],[130.8729,42.5277],[130.6628,42.3206],[130.3797,42.6967],[131.103,42.9104],[131.2809,43.3802],[130.9334,44.8417],[131.8531,45.3376],[133.0988,45.1078],[133.9025,46.259],[134.1836,47.3275],[134.7726,47.7107],[134.7187,48.2634],[133.092,48.1068],[132.5247,47.7075],[130.9657,47.7039],[130.5297,48.6163],[130.6743,48.8708],[127.5387,49.7899],[127.5906,50.2087],[126.088,52.7754],[123.6143,53.5633],[120.8743,53.2802],[120.033,52.7607],[120.724,52.5422],[120.7058,51.98],[120.1005,51.6599],[119.1376,50.3925],[119.3162,50.0927],[117.8738,49.5132],[114.2863,50.2769],[112.7771,49.5014],[110.7314,49.1377],[108.5381,49.3274],[107.9465,49.9335],[106.6565,50.327],[105.3286,50.4765],[103.2768,50.1976],[102.3029,50.5639],[102.0747,51.3748],[98.9276,52.1296],[97.8064,51.0011],[98.2625,50.2838],[97.3433,49.7342],[94.6035,50.0197],[94.2587,50.5575],[92.3609,50.8684],[87.8163,49.1658]]],[[[22.7672,54.3563],[19.6095,54.4567],[19.9767,54.9646],[20.9246,55.2827],[20.5309,54.9647],[21.0907,54.9016],[21.3748,55.29],[22.5807,55.0576],[22.7672,54.3563]]],[[[33.6285,46.1249],[34.6886,45.974],[35.4807,45.2978],[36.6384,45.3513],[36.4401,45.0675],[35.5062,45.1135],[33.721,44.3996],[33.3723,44.5765],[33.5374,45.1174],[32.4816,45.4089],[33.6917,45.8607],[33.6285,46.1249]]],[[[-180,65.0662],[-180,68.9824],[-175.9207,67.851],[-176.2058,67.6452],[-175.2655,67.6586],[-175.3669,67.3578],[-174.7564,67.3032],[-174.6878,66.7324],[-174.9713,66.6654],[-174.4357,66.5315],[-174.4635,66.2797],[-173.6911,66.4391],[-174.2639,66.5659],[-173.9306,66.6676],[-174.0262,66.9611],[-174.612,67.0614],[-173.6465,67.1156],[-173.0713,67.0442],[-173.3025,66.8221],[-171.7185,66.9508],[-170.3852,66.3165],[-170.6257,66.2348],[-169.6414,66.0683],[-170.6063,65.8613],[-170.5882,65.6046],[-171.4633,65.8326],[-171.0387,65.467],[-172.8596,65.6999],[-172.0934,65.4836],[-172.702,65.2476],[-172.0801,65.0759],[-173.1641,64.7646],[-172.2202,64.4073],[-172.8833,64.4947],[-173.1063,64.241],[-173.4145,64.6166],[-173.6354,64.3322],[-174.6532,64.8979],[-175.4115,64.7713],[-176.0441,65.4521],[-178.4611,65.4727],[-178.9784,66.0493],[-178.4771,66.3828],[-179.693,66.1839],[-179.7667,65.8198],[-179.2605,65.5322],[-180,65.0662]]],[[[180,71.5364],[179.807,70.9131],[178.7933,70.805],[178.6227,71.0377],[180,71.5364]]],[[[-180,70.992],[-180,71.5367],[-179.736,71.5864],[-177.4434,71.237],[-180,70.992]]],[[[131.9201,43.0195],[131.8833,42.9608],[131.757,42.9901],[131.7775,43.0446],[131.8594,43.0373],[131.8265,43.0652],[131.9201,43.0195]]],[[[142.5291,54.2972],[143.0129,54.1191],[142.8518,53.872],[143.3605,52.8714],[143.2241,51.5222],[144.7566,48.6433],[144.0579,49.2534],[143.2586,49.3934],[143.6668,49.3149],[143.0088,49.123],[142.5453,47.7667],[143.6257,46.3747],[143.4305,46.0252],[143.3687,46.5555],[142.6184,46.7186],[142.0853,45.9008],[141.8142,46.5384],[142.1911,47.9667],[141.8574,48.7742],[142.2692,51.1124],[141.6868,51.7473],[141.6419,52.3182],[141.9284,53.0207],[141.7688,53.3716],[142.4553,53.3803],[142.8045,53.707],[142.2826,54.2972],[142.5291,54.2972]]],[[[28.6346,60.6014],[28.5755,60.5804],[28.561,60.6295],[28.6045,60.645],[28.6346,60.6014]]],[[[-172.2431,64.8159],[-172.0434,64.7512],[-172.6332,64.6844],[-172.4613,64.8276],[-172.2431,64.8159]]],[[[51.2996,68.4954],[51.4598,68.4739],[50.7925,68.3793],[51.1717,68.5015],[51.2996,68.4954]]],[[[55.3695,68.9479],[55.5066,68.9138],[55.2254,68.9138],[55.3695,68.9479]]],[[[54.6433,69.0093],[54.6857,68.9687],[54.5708,68.9641],[54.6433,69.0093]]],[[[161.4871,69.0267],[161.1348,69.0919],[161.0925,69.4648],[161.3745,69.5459],[161.4871,69.0267]]],[[[161.6311,69.5611],[161.6157,69.4504],[161.3607,69.414],[161.4256,69.465],[161.3948,69.5921],[161.4751,69.638],[161.5901,69.6184],[161.6311,69.5611]]],[[[71.3534,73.3852],[71.3425,73.3314],[71.1375,73.2927],[71.1438,73.3473],[71.2495,73.4179],[71.3534,73.3852]]],[[[51.4095,71.8061],[52.8682,72.3467],[52.6887,72.4894],[53.1021,72.6007],[52.7549,72.6384],[53.2181,72.6484],[52.3753,72.7304],[53.382,72.8886],[53.1419,72.9625],[53.3225,73.2209],[56.4352,73.2301],[55.6165,72.9637],[56.2199,72.8266],[55.4807,72.8058],[55.9461,72.6689],[55.1156,72.4504],[55.575,72.1997],[55.2254,71.929],[56.1057,71.259],[57.6387,70.7299],[55.1626,70.5531],[53.5397,70.805],[53.3001,70.8664],[53.7048,70.8459],[53.5017,71.0944],[54.244,71.1229],[53.4509,71.2643],[53.9512,71.4622],[51.8403,71.456],[51.4095,71.8061]]],[[[127.4048,73.5186],[127.6909,73.5429],[128.0633,73.4914],[127.4048,73.5186]]],[[[86.8923,73.6967],[86.7839,73.6082],[86.3989,73.5944],[86.8923,73.6967]]],[[[97.1581,76.0883],[97.3348,76.1025],[97.0474,76.0063],[96.6986,75.9958],[97.1581,76.0883]]],[[[95.1774,76.1708],[95.006,76.1777],[95.1016,76.2254],[95.1774,76.1708]]],[[[94.9992,76.2733],[94.8552,76.2391],[94.9036,76.2124],[94.8489,76.1861],[94.4102,76.2124],[94.7787,76.2109],[94.7454,76.2596],[94.9992,76.2733]]],[[[96.5749,76.3415],[96.7669,76.3353],[96.6847,76.2943],[96.3833,76.3353],[96.5749,76.3415]]],[[[94.1631,76.596],[94.3164,76.5897],[94.3623,76.5749],[93.8683,76.5886],[93.8864,76.6],[93.9441,76.6164],[94.1631,76.596]]],[[[95.2661,76.6711],[94.8176,76.654],[95.1221,76.7189],[95.2661,76.6711]]],[[[56.987,74.6905],[55.8327,74.8],[56.6785,74.9487],[55.8084,75.1566],[57.7411,75.3279],[57.5008,75.4992],[57.9795,75.6719],[60.7347,76.0054],[61.0769,76.28],[64.0908,76.3128],[67.5881,77.0134],[69.0339,76.7121],[68.2879,76.2813],[61.2766,75.3279],[59.9273,75.0058],[60.6875,74.9238],[59.5088,74.7998],[59.7552,74.5875],[59.0905,74.7383],[59.1458,74.444],[58.1868,74.5812],[58.728,74.2386],[58.1233,73.9867],[57.4121,74.184],[57.9119,73.9158],[57.7487,73.726],[56.5557,73.8886],[57.6175,73.6689],[56.7351,73.6802],[57.2539,73.4572],[56.7298,73.2445],[54.25,73.3283],[55.3496,73.7172],[53.6326,73.7701],[55.8644,74.1059],[55.0759,74.2659],[56.28,74.4848],[55.5296,74.6549],[56.987,74.6905]]],[[[93.8684,78.1471],[93.5929,78.1724],[93.7927,78.203],[93.9149,78.169],[93.8684,78.1471]]],[[[92.9906,79.4195],[92.7918,79.3832],[92.5872,79.4151],[92.9906,79.4195]]],[[[92.3054,79.453],[92.4706,79.4326],[92.2438,79.3823],[91.7847,79.4195],[92.3054,79.453]]],[[[100.2,79.6789],[100.3098,79.666],[99.9058,79.6038],[99.9829,79.6979],[100.2,79.6789]]],[[[94.3276,80.029],[93.9299,79.9744],[93.9844,80.0154],[94.3276,80.029]]],[[[146.1751,43.5382],[146.2267,43.5208],[146.1519,43.4628],[146.0794,43.5176],[146.1751,43.5382]]],[[[146.8817,43.8592],[146.9421,43.8466],[146.9146,43.8027],[146.6819,43.7114],[146.6022,43.7361],[146.6047,43.8086],[146.8817,43.8592]]],[[[146.4692,44.4288],[145.4431,43.7245],[146.1193,44.506],[146.4692,44.4288]]],[[[148.7992,45.4157],[146.8618,44.4453],[147.94,45.4263],[148.7992,45.4157]]],[[[152.5034,47.3832],[152.5244,47.2986],[152.4132,47.3407],[152.4263,47.3835],[152.5034,47.3832]]],[[[153.0213,47.7996],[153.0688,47.7433],[152.9783,47.6843],[152.9702,47.7516],[153.0213,47.7996]]],[[[153.2884,48.0775],[153.2936,48.0422],[153.2333,48.0398],[153.1646,48.1214],[153.2884,48.0775]]],[[[154.2129,48.9177],[154.2214,48.8729],[154.0564,48.7378],[153.9733,48.7395],[154.1195,48.8996],[154.2129,48.9177]]],[[[153.987,48.9654],[154.0143,48.9445],[153.9607,48.9267],[153.9021,48.9565],[153.987,48.9654]]],[[[154.563,49.1572],[154.6013,49.1111],[154.5117,49.0802],[154.4395,49.1572],[154.563,49.1572]]],[[[154.4476,49.817],[154.4913,49.7833],[154.4119,49.7331],[154.3739,49.7785],[154.4476,49.817]]],[[[156.4605,50.8737],[156.511,50.7658],[156.4058,50.6301],[156.2724,50.6334],[156.18,50.6884],[156.1994,50.7805],[156.4605,50.8737]]],[[[155.5635,50.8083],[155.4676,50.8525],[155.4741,50.9218],[155.6313,50.9123],[155.6729,50.8703],[155.6699,50.812],[155.5635,50.8083]]],[[[142.5497,54.3022],[142.5676,54.3098],[142.5872,54.3133],[142.6042,54.3102],[142.5881,54.3039],[142.5407,54.2978],[142.5497,54.3022]]],[[[137.8218,54.4578],[137.918,54.5094],[137.9217,54.4641],[137.7151,54.3672],[137.8218,54.4578]]],[[[137.6226,54.5708],[137.6411,54.4005],[137.5681,54.3966],[137.5467,54.5163],[137.6226,54.5708]]],[[[168.0593,54.5466],[168.0838,54.5045],[167.7349,54.6634],[167.4489,54.8205],[167.4391,54.8663],[167.7341,54.7626],[168.0593,54.5466]]],[[[138.0467,55.0581],[137.7189,54.6243],[137.2259,54.7778],[137.5679,55.1946],[138.0467,55.0581]]],[[[166.6644,54.7564],[165.7464,55.2971],[166.2537,55.3319],[166.6644,54.7564]]],[[[150.7253,59.128],[150.7828,59.0909],[150.6107,59.0057],[150.4721,59.0042],[150.7253,59.128]]],[[[164.7069,58.9768],[163.4129,58.5354],[163.7493,59.019],[164.5581,59.2397],[164.7069,58.9768]]],[[[27.0222,60.0422],[26.9847,60.0177],[26.95,60.0996],[27.0222,60.0422]]],[[[28.7118,60.295],[28.6242,60.2702],[28.5414,60.3474],[28.7118,60.295]]],[[[35.9431,64.4051],[36.0449,64.3603],[35.9531,64.3398],[35.8568,64.3874],[35.9431,64.4051]]],[[[-169.0834,65.8159],[-168.9946,65.8159],[-169.0765,65.7551],[-169.0834,65.8159]]],[[[42.6458,66.7423],[42.681,66.6819],[42.6437,66.6661],[42.4265,66.752],[42.6458,66.7423]]],[[[32.386,67.1323],[32.3937,67.1003],[32.3377,67.1249],[32.386,67.1323]]],[[[59.242,69.1776],[58.7621,69.3389],[59.1507,69.2546],[59.242,69.1776]]],[[[34.0301,69.3935],[34.2158,69.4078],[34.4069,69.3525],[34.0266,69.3539],[33.9756,69.3696],[34.0301,69.3935]]],[[[50.323,69.1505],[49.2485,68.78],[48.2194,68.8957],[48.3042,69.2768],[48.9063,69.508],[50.323,69.1505]]],[[[169.4465,69.8491],[168.8745,69.5679],[167.7538,69.8323],[169.4465,69.8491]]],[[[60.5398,69.8187],[59.5635,69.715],[58.4121,70.2603],[59.0236,70.4798],[60.5398,69.8187]]],[[[57.1174,70.5585],[57.2217,70.5261],[57.0354,70.5449],[57.1384,70.4971],[57.0637,70.5024],[56.929,70.5322],[56.843,70.6064],[57.1174,70.5585]]],[[[162.3817,70.6815],[162.4841,70.6541],[162.2378,70.6541],[162.3817,70.6815]]],[[[161.6623,70.7913],[161.6652,70.7524],[161.4631,70.805],[161.5305,70.8416],[161.6623,70.7913]]],[[[160.7235,70.8384],[160.764,70.804],[160.5041,70.805],[160.5528,70.8848],[160.4507,70.8722],[160.408,70.9143],[160.6744,70.9142],[160.7235,70.8384]]],[[[53.2318,71.2159],[53.0098,70.9682],[52.2118,71.3081],[53.2318,71.2159]]],[[[78.2791,72.5522],[78.3945,72.4914],[77.7708,72.305],[77.1271,72.2779],[76.8527,72.3331],[77.6102,72.6347],[78.2791,72.5522]]],[[[128.8311,72.6552],[128.9745,72.5938],[128.6533,72.5275],[128.1037,72.6347],[128.8311,72.6552]]],[[[128.3171,72.8123],[128.419,72.8693],[128.9941,72.9325],[129.2197,72.9264],[129.3986,72.866],[129.4171,72.8126],[129.207,72.7619],[128.3171,72.8123]]],[[[79.563,72.7683],[79.3953,72.704],[78.9099,72.7413],[78.5846,72.8419],[79.1731,73.1014],[79.5414,72.9255],[79.4907,72.9084],[79.563,72.7683]]],[[[74.7254,73.1071],[74.9616,73.06],[74.6563,72.8586],[74.0933,73.0278],[74.7254,73.1071]]],[[[120.2786,73.1009],[120.2302,73.0395],[119.7207,73.0338],[119.7647,73.0729],[119.6345,73.1282],[120.022,73.1681],[120.2786,73.1009]]],[[[76.6951,73.1862],[76.7289,73.144],[76.6326,73.1313],[76.3184,73.1481],[76.1333,73.2083],[76.6951,73.1862]]],[[[71.6691,73.2275],[69.8748,73.0383],[69.9593,73.3988],[70.4696,73.4992],[71.6691,73.2275]]],[[[76.7566,73.4497],[76.072,73.5255],[76.2507,73.5542],[76.7566,73.4497]]],[[[143.4749,73.3206],[139.7671,73.4183],[142.0452,73.9166],[143.4749,73.3206]]],[[[124.5859,73.9158],[124.6607,73.892],[124.5142,73.8414],[124.2879,73.8809],[124.381,73.9394],[124.5757,73.95],[124.4588,73.9233],[124.5859,73.9158]]],[[[84.3552,74.0189],[84.4183,73.9704],[84.3342,73.9555],[83.8845,74.0189],[84.3552,74.0189]]],[[[83.5134,74.1213],[83.613,74.0809],[83.3955,74.0745],[83.4334,74.0368],[82.8145,74.094],[83.18,74.1552],[83.5134,74.1213]]],[[[82.568,74.1629],[82.74,74.1014],[82.6196,74.055],[82.3176,74.1168],[82.568,74.1629]]],[[[116.0983,74.3547],[116.1182,74.3074],[116.053,74.2852],[115.8858,74.3236],[115.9807,74.3775],[116.0983,74.3547]]],[[[84.8709,74.5056],[84.9331,74.4929],[84.8981,74.4714],[84.5418,74.4571],[84.7328,74.3957],[84.3866,74.4577],[84.8709,74.5056]]],[[[113.4058,74.444],[112.7749,74.0881],[111.4592,74.3137],[113.4058,74.444]]],[[[85.5389,74.5744],[85.6448,74.5465],[85.4954,74.4994],[85.5013,74.4645],[85.2478,74.4765],[85.1481,74.5372],[85.5389,74.5744]]],[[[79.6141,74.6018],[79.49,74.5169],[79.1487,74.6079],[79.3169,74.5908],[79.1828,74.6291],[79.2443,74.6586],[79.6141,74.6018]]],[[[85.2271,74.7451],[85.1133,74.7657],[85.4959,74.8139],[85.6585,74.7935],[85.7062,74.7314],[85.2271,74.7451]]],[[[82.1366,75.1423],[82.1504,75.0952],[82.0267,75.1287],[82.1366,75.1423]]],[[[150.8276,75.1634],[150.6092,74.8935],[149.209,74.758],[146.0718,75.2403],[146.4362,75.5967],[150.8276,75.1634]]],[[[135.9914,75.5272],[135.45,75.3757],[135.6931,75.8693],[136.1843,75.6159],[135.9914,75.5272]]],[[[83.2795,75.9563],[83.2129,75.9169],[82.8623,75.9172],[82.824,75.9548],[82.259,75.9722],[82.6575,75.9988],[83.2795,75.9563]]],[[[145.3662,75.5402],[143.9985,75.025],[142.8845,75.1468],[142.4943,75.3757],[143.0011,75.708],[142.3379,75.7257],[142.0083,75.6227],[142.4395,75.2031],[143.6958,74.9374],[139.652,74.9808],[139.1272,74.6523],[136.8622,75.362],[137.4224,75.3698],[137.0676,75.7258],[137.7427,75.7491],[137.433,75.9532],[139.0488,76.2391],[140.4758,75.6403],[141.0623,75.6501],[141.001,76.0474],[141.6247,76.0131],[141.3101,76.1845],[145.3662,75.5402]]],[[[113.2925,76.3632],[113.1177,76.3769],[113.2643,76.4443],[113.3094,76.4235],[113.2617,76.3967],[113.4466,76.3695],[113.2925,76.3632]]],[[[96.472,76.6916],[96.3135,76.6225],[95.8899,76.6164],[95.9256,76.6659],[96.2324,76.7121],[96.472,76.6916]]],[[[95.6502,76.6779],[95.8347,76.6916],[95.6844,76.6511],[95.4797,76.6542],[95.417,76.7053],[95.6502,76.6779]]],[[[97.4763,76.6503],[97.5962,76.6022],[97.5652,76.5867],[97.3431,76.5993],[97.387,76.654],[97.2883,76.6916],[97.4463,76.7147],[97.4763,76.6503]]],[[[96.5274,77.2055],[96.5894,77.1441],[96.235,76.9905],[95.6844,76.9523],[95.9185,77.0307],[95.2319,77.0063],[96.5274,77.2055]]],[[[89.6892,77.2806],[89.817,77.2106],[89.7468,77.1644],[89.3012,77.1472],[89.1346,77.2177],[89.3044,77.3079],[89.6892,77.2806]]],[[[107.7451,77.329],[107.7217,77.2697],[107.2048,77.2343],[107.457,77.2806],[107.2796,77.3017],[107.3954,77.3603],[107.7451,77.329]]],[[[106.8612,77.4457],[106.7009,77.3836],[106.5247,77.3904],[106.5596,77.4383],[106.7303,77.4704],[106.9248,77.467],[106.8612,77.4457]]],[[[107.7041,78.1372],[107.451,78.0532],[107.3906,78.1025],[106.395,78.1309],[107.3379,78.1907],[107.7041,78.1372]]],[[[105.4155,78.5834],[99.2683,78.0416],[100.3853,78.7516],[101.1664,78.761],[100.9072,78.9851],[101.6257,78.9869],[100.9881,79.0626],[101.1942,79.2029],[102.3029,79.4328],[103.1532,79.3096],[102.3792,78.8225],[103.6243,79.1712],[105.4155,78.5834]]],[[[93.6282,79.9334],[91.9219,79.6789],[92.3221,79.7568],[90.8665,80.0626],[93.6282,79.9334]]],[[[99.886,79.0415],[97.4422,78.8172],[94.8267,79.0666],[94.3123,79.4792],[93.697,79.4599],[93.882,79.6038],[92.8542,79.5561],[94.6901,79.8161],[94.2246,79.8987],[94.952,80.1045],[97.5921,80.1749],[98.0896,80.0563],[97.2156,79.7006],[98.557,80.0585],[100.0225,79.8236],[99.6667,79.3122],[99.0349,79.296],[99.886,79.0415]]],[[[46.6873,80.5293],[44.8574,80.6174],[47.1382,80.8422],[48.764,80.6596],[46.6873,80.5293]]],[[[62.2219,80.8132],[61.0446,80.4052],[59.2214,80.6528],[62.2219,80.8132]]],[[[51.6893,80.7273],[48.8395,80.3878],[48.627,80.2953],[49.0856,80.1724],[48.3724,80.0918],[46.6184,80.2953],[48.133,80.3265],[47.4152,80.4663],[49.1882,80.5214],[49.682,80.7211],[49.0037,80.7757],[50.2372,80.9335],[51.0452,80.8515],[50.3402,80.7161],[51.6893,80.7273]]],[[[79.8067,80.9743],[80.4372,80.9402],[80.3264,80.8605],[79.1276,80.8067],[78.9746,80.8426],[79.2107,80.9613],[79.8067,80.9743]]],[[[58.6537,81.0438],[58.6966,81.0247],[58.5613,80.957],[58.367,80.9459],[57.841,81.0477],[58.0695,81.1115],[58.6537,81.0438]]],[[[91.5472,81.1538],[91.1862,81.0568],[89.9963,81.1053],[89.8939,81.1736],[90.0715,81.2145],[91.4548,81.1926],[91.5472,81.1538]]],[[[97.7471,80.7416],[97.1306,80.6658],[97.4229,80.327],[97.188,80.2336],[93.7498,79.9968],[92.0658,80.1724],[93.2444,80.3096],[91.4221,80.3096],[92.6276,80.3915],[91.8877,80.4604],[92.7693,80.5168],[93.2703,80.7971],[92.4972,80.7757],[93.0527,80.9954],[95.1035,81.2713],[97.7471,80.7416]]],[[[62.5037,81.6528],[62.1065,81.6801],[62.6477,81.7216],[63.8059,81.6601],[63.4675,81.5891],[62.5037,81.6528]]],[[[150.8433,46.4482],[150.7801,46.4572],[150.8085,46.4864],[150.8433,46.4482]]],[[[154.8367,49.6501],[154.905,49.6308],[154.8027,49.4787],[154.8151,49.3102],[154.72,49.267],[154.606,49.2927],[154.6384,49.4243],[154.8367,49.6501]]],[[[59.0344,75.9599],[59.2341,75.9907],[59.2372,75.9482],[58.6932,75.9033],[59.0344,75.9599]]],[[[55.7121,80.1035],[56.1299,80.3512],[57.1536,80.199],[55.7121,80.1035]]],[[[52.6229,80.1833],[52.1829,80.2761],[52.9059,80.4126],[53.8695,80.2709],[52.6229,80.1833]]],[[[57.5288,80.1314],[56.9461,80.4815],[59.2761,80.33],[57.5288,80.1314]]],[[[60.2562,81.0364],[60.6128,81.0925],[61.7017,81.1053],[61.6062,81.0774],[61.5998,81.0314],[60.9878,80.922],[60.07,80.9796],[60.2562,81.0364]]],[[[62.7705,80.8856],[64.7048,81.2053],[65.4657,80.9349],[63.1307,80.6831],[62.7705,80.8856]]],[[[57.3362,81.2053],[57.8879,81.2456],[58.0838,81.2145],[57.3898,81.1238],[56.9944,81.1662],[57.3362,81.2053]]],[[[58.5635,81.3244],[58.4812,81.3236],[58.4925,81.3519],[59.0179,81.4034],[59.3854,81.3306],[59.0544,81.2871],[58.5635,81.3244]]],[[[61.9037,81.6049],[62.1963,81.5648],[61.8281,81.5644],[61.654,81.6049],[61.9037,81.6049]]],[[[40.4549,64.5819],[40.1948,64.5742],[40.0547,64.6525],[39.8242,64.6798],[40.1885,64.7082],[40.4549,64.5819]]],[[[40.002,64.7374],[39.9805,64.7294],[39.9437,64.728],[39.9497,64.7419],[39.9866,64.7435],[40.002,64.7374]]],[[[40.1452,64.7343],[40.0501,64.7693],[40.3335,64.7724],[40.4067,64.6425],[40.3257,64.6376],[40.1452,64.7343]]],[[[36.2114,65.1583],[36.0661,65.1251],[35.9422,65.1546],[35.9904,65.1912],[36.2114,65.1583]]],[[[54.3298,68.3115],[54.3169,68.2591],[54.1995,68.2565],[54.3298,68.3115]]],[[[53.9123,68.362],[53.9915,68.3459],[53.9577,68.2934],[53.8657,68.307],[53.8579,68.3455],[53.9123,68.362]]],[[[49.0491,68.6784],[49.073,68.676],[49.1243,68.6677],[49.1204,68.663],[48.7659,68.6904],[48.766,68.6966],[48.8123,68.6965],[49.0491,68.6784]]],[[[54.9743,68.9399],[55.0195,68.9154],[54.9119,68.931],[54.9743,68.9399]]],[[[67.2173,69.4206],[67.096,69.3658],[66.9386,69.4394],[67.2173,69.4206]]],[[[67.328,69.5727],[67.345,69.5221],[67.259,69.4386],[67.0218,69.477],[67.1882,69.571],[67.328,69.5727]]],[[[66.8371,70.3919],[66.5903,70.473],[66.6685,70.5383],[66.8371,70.3919]]],[[[66.5593,70.5443],[66.5825,70.5017],[66.5283,70.5068],[66.3973,70.6303],[66.428,70.7995],[66.5593,70.5443]]],[[[66.6004,70.9138],[66.5085,70.8279],[66.4339,70.8271],[66.5996,71.0044],[66.6004,70.9138]]],[[[152.8753,76.1514],[152.8843,76.1161],[152.7734,76.0834],[152.5549,76.1393],[152.8293,76.1962],[152.8777,76.1912],[152.8753,76.1514]]],[[[92.0623,77.6299],[92.1101,77.6109],[91.9845,77.5872],[91.866,77.6286],[92.0623,77.6299]]],[[[58.8148,79.9167],[58.8704,79.9013],[58.7634,79.883],[58.2483,79.9334],[58.6139,79.9794],[58.8148,79.9167]]],[[[54.4077,80.2848],[54.3821,80.2104],[54.1781,80.1893],[54.1012,80.2729],[54.1935,80.3071],[54.4077,80.2848]]],[[[55.4988,80.3168],[55.4983,80.2772],[55.2349,80.2279],[54.9297,80.2596],[55.2964,80.3322],[55.4988,80.3168]]],[[[54.9875,80.4144],[55.2705,80.4094],[55.1299,80.3743],[54.9875,80.4144]]],[[[54.8418,80.4313],[54.7715,80.393],[54.3904,80.3865],[54.6267,80.4772],[54.8418,80.4313]]],[[[54.8215,80.4648],[54.6309,80.5021],[54.709,80.5258],[55.073,80.4841],[54.8215,80.4648]]],[[[60.5628,81.2736],[60.4323,81.2444],[59.8406,81.2916],[60.5628,81.2736]]],[[[58.3689,81.5797],[58.2808,81.5998],[58.4136,81.6252],[58.7023,81.6126],[58.3689,81.5797]]],[[[132.4499,42.8281],[132.4015,42.832],[132.4275,42.8959],[132.4499,42.8281]]],[[[47.8511,43.9992],[47.7629,43.9284],[47.6282,43.9626],[47.8511,43.9992]]],[[[47.9971,45.4678],[47.9177,45.5701],[47.957,45.6505],[47.9971,45.4678]]],[[[149.0328,59.1922],[149.1411,59.2077],[149.1035,59.1615],[149.0328,59.1922]]],[[[-172.4753,64.6418],[-172.4585,64.611],[-172.5194,64.593],[-172.725,64.6265],[-172.4753,64.6418]]],[[[67.3812,68.7923],[67.4012,68.7613],[67.3333,68.7585],[67.1158,68.7984],[67.3812,68.7923]]],[[[-175.5857,71.3799],[-175.6287,71.3518],[-175.8108,71.4117],[-175.5857,71.3799]]],[[[161.8938,69.6538],[161.8669,69.5546],[161.7516,69.5532],[161.6656,69.6205],[161.8938,69.6538]]],[[[170.1249,69.7734],[170.2753,69.7734],[170.1015,69.6872],[169.9552,69.7267],[170.1249,69.7734]]],[[[97.6457,76.7562],[97.4598,76.7185],[97.1607,76.7536],[97.6457,76.7562]]],[[[89.0471,77.1409],[89.1359,77.1271],[88.9196,76.9771],[88.8163,76.9854],[88.6639,77.0804],[89.0471,77.1409]]]]}},{"type":"Feature","properties":{"name":"Czechia","ISO3166-1-Alpha-2":"CZ"},"geometry":{"type":"Polygon","coordinates":[[[14.8104,50.8584],[16.3316,50.644],[16.1996,50.4063],[16.6606,50.093],[17.0148,50.2185],[16.893,50.4329],[17.708,50.311],[17.6328,50.1063],[18.5592,49.9072],[18.8332,49.5103],[16.945,48.6042],[15.004,49.0098],[14.6756,48.5762],[14.0408,48.6012],[12.6435,49.4295],[12.0761,50.3152],[12.3004,50.1608],[14.2875,51.0368],[14.8104,50.8584]]]}},{"type":"Feature","properties":{"name":"Germany","ISO3166-1-Alpha-2":"DE"},"geometry":{"type":"MultiPolygon","coordinates":[[[[13.8157,48.7664],[12.7389,48.1134],[13.0019,47.466],[12.2422,47.732],[11.237,47.394],[10.4292,47.577],[10.1599,47.2711],[8.5582,47.8012],[8.5741,47.5924],[7.6097,47.5647],[7.5789,48.1145],[8.2003,48.9586],[6.3453,49.4553],[6.5026,49.7957],[6.0964,50.0486],[6.3745,50.3155],[5.8582,51.0193],[6.2078,51.3877],[5.9315,51.8156],[6.7438,51.9083],[7.0263,52.2306],[6.6717,52.5417],[7.3665,53.3028],[7.0236,53.3764],[7.2261,53.6665],[8.0314,53.7081],[8.5044,53.3581],[8.5876,53.8704],[9.2107,53.872],[9.832,53.5436],[8.916,53.9374],[8.9631,54.3176],[8.5999,54.3381],[9.0116,54.5063],[8.6608,54.8963],[9.9475,54.7795],[9.8401,54.4753],[10.1418,54.3244],[11.1355,54.3859],[10.9021,53.9614],[12.115,54.0979],[12.5339,54.4883],[12.9212,54.4335],[12.4124,54.2514],[13.0088,54.4381],[13.7119,54.1737],[14.2645,53.7516],[14.4416,53.2518],[14.1239,52.8507],[14.6448,52.5769],[14.5858,51.8039],[14.9553,51.064],[12.3004,50.1608],[12.0761,50.3152],[12.6435,49.4295],[13.8157,48.7664]]],[[[14.2101,53.9385],[13.8401,53.8503],[14.0513,54.0051],[13.7529,54.1531],[14.2101,53.9385]]],[[[6.7981,53.6044],[6.7224,53.5908],[6.7565,53.5629],[6.6595,53.5991],[6.7981,53.6044]]],[[[6.8738,53.6728],[6.9108,53.6837],[7.047,53.6942],[7.0855,53.687],[6.8738,53.6728]]],[[[7.5174,53.7621],[7.6272,53.7509],[7.4819,53.7271],[7.5174,53.7621]]],[[[11.3757,53.9818],[11.4979,54.0228],[11.4577,53.9614],[11.447,53.9971],[11.3757,53.9818]]],[[[8.9631,54.5237],[8.888,54.4685],[8.8128,54.4821],[8.9631,54.5237]]],[[[11.2556,54.4787],[11.3142,54.4138],[11.1126,54.4152],[11.0057,54.4685],[11.1213,54.536],[11.2556,54.4787]]],[[[13.1434,54.5981],[13.0614,54.4685],[13.1023,54.5961],[13.1434,54.5981]]],[[[13.6983,54.3921],[13.1155,54.3381],[13.5071,54.4883],[13.3908,54.6882],[13.6983,54.3921]]],[[[8.3324,54.6938],[8.4014,54.633],[8.3303,54.6314],[8.2915,54.6671],[8.3324,54.6938]]],[[[8.4976,54.7564],[8.5938,54.7285],[8.5658,54.6876],[8.3945,54.7148],[8.4976,54.7564]]],[[[8.3604,54.9482],[8.6545,54.8936],[8.2844,54.7424],[8.3604,54.9482]]],[[[8.6345,54.5426],[8.7009,54.5478],[8.6413,54.4924],[8.5959,54.5137],[8.6345,54.5426]]],[[[7.9124,54.1923],[7.9299,54.1953],[7.9334,54.1899],[7.9177,54.187],[7.9124,54.1923]]]]}},{"type":"Feature","properties":{"name":"Estonia","ISO3166-1-Alpha-2":"EE"},"geometry":{"type":"MultiPolygon","coordinates":[[[[24.3062,57.8682],[24.551,58.3337],[23.741,58.3431],[23.4977,58.6966],[23.8744,58.7717],[23.4295,58.7648],[23.4709,59.2121],[25.4849,59.6698],[28.1865,59.3749],[27.4106,58.7549],[27.7993,57.8611],[27.3529,57.5276],[26.4995,57.5158],[25.2817,58.0734],[24.3062,57.8682]]],[[[23.9434,58.1132],[24.0134,58.1535],[24.0025,58.1085],[23.9434,58.1132]]],[[[23.2306,58.5048],[22.0483,57.9151],[22.203,58.1479],[21.8438,58.2936],[21.8324,58.511],[22.5503,58.6296],[23.2306,58.5048]]],[[[23.3816,58.5799],[23.3622,58.5325],[23.2349,58.5347],[23.0593,58.6035],[23.1978,58.6806],[23.3303,58.6531],[23.3816,58.5799]]],[[[23.364,59.029],[23.3848,58.9805],[23.2991,58.9709],[23.1633,58.9689],[23.1141,59.0218],[23.364,59.029]]],[[[22.2918,58.8952],[22.6405,59.0871],[23.0405,58.8408],[22.2918,58.8952]]],[[[24.5159,59.5981],[24.5428,59.5478],[24.4891,59.5596],[24.5159,59.5981]]]]}},{"type":"Feature","properties":{"name":"Latvia","ISO3166-1-Alpha-2":"LV"},"geometry":{"type":"Polygon","coordinates":[[[27.3529,57.5276],[27.8403,57.2906],[27.6284,56.8442],[28.2173,56.2707],[27.5927,55.7942],[26.481,55.6783],[24.871,56.4426],[20.9734,56.232],[21.4336,57.3065],[22.4837,57.7425],[23.6952,56.9673],[24.4006,57.2581],[24.3062,57.8682],[25.0942,58.0673],[26.4995,57.5158],[27.3529,57.5276]]]}},{"type":"Feature","properties":{"name":"Norway","ISO3166-1-Alpha-2":"-99"},"geometry":{"type":"MultiPolygon","coordinates":[[[[20.6232,69.0364],[20.1023,69.0221],[20.3565,68.8046],[19.9712,68.3513],[18.4362,68.5739],[17.921,67.9729],[16.7829,67.897],[16.1271,67.4228],[16.4156,67.0527],[15.4263,66.4912],[15.4819,66.2749],[14.5405,66.1254],[14.5143,65.3181],[13.6428,64.584],[14.1478,64.169],[12.9824,64.0588],[12.1703,63.5981],[12.1617,61.7248],[12.8882,61.3496],[12.2533,61.0017],[12.6053,60.4192],[11.6749,59.6071],[11.6644,58.9201],[10.7381,59.2167],[10.6887,59.9118],[10.5427,59.5355],[10.2244,59.7238],[10.5142,59.3029],[10.3069,59.0597],[9.5391,59.1206],[9.6898,58.9567],[8.1229,58.102],[6.6185,58.0683],[6.846,58.2714],[5.478,58.7547],[5.5505,59.0386],[6.2289,58.84],[6.6262,59.0528],[5.8755,59.0662],[6.5442,59.56],[5.5054,59.2777],[5.2017,59.5463],[6.2918,59.8403],[5.6462,59.8542],[7.106,60.5058],[6.1775,60.471],[5.7393,59.9945],[5.7366,60.392],[5.4098,60.1313],[5.141,60.3514],[5.7498,60.7182],[5.2228,60.5742],[4.9268,60.8001],[5.4338,60.6287],[5.2359,60.7762],[5.5369,60.8758],[5.0161,61.0465],[6.6006,61.1752],[7.106,60.8616],[7.0003,61.0929],[7.695,61.2321],[7.312,61.2873],[7.572,61.4853],[7.3052,61.1632],[6.5579,61.2246],[6.7019,61.4028],[6.4343,61.1147],[5.1939,61.1053],[4.98,61.2753],[5.6331,61.3618],[4.9479,61.4164],[5.8045,61.458],[4.9881,61.7469],[6.8186,61.8764],[5.1558,61.8961],[5.4002,62.02],[5.085,62.1911],[6.3667,62.0613],[5.926,62.2255],[6.3108,62.3721],[6.5305,62.1091],[6.4002,62.3872],[6.7088,62.4517],[7.1878,62.1023],[7.0281,62.266],[7.3735,62.273],[6.2661,62.593],[8.1475,62.692],[6.9102,62.9294],[7.9739,62.977],[8.5453,62.6572],[7.8772,63.0104],[8.703,62.8223],[8.1655,63.1153],[8.9431,63.2121],[8.4764,63.294],[8.6724,63.4212],[9.0934,63.294],[9.6991,63.6445],[9.8333,63.3288],[10.9081,63.4562],[10.7347,63.6133],[11.4577,63.79],[11.0965,63.8581],[11.3621,64.1171],[10.0803,63.5075],[9.7922,63.6645],[10.1014,63.7676],[9.5459,63.7744],[10.9567,64.603],[11.2249,64.3225],[11.6563,64.4802],[11.3962,64.7067],[12.2249,64.9394],[11.2673,64.8698],[12.931,65.3124],[12.2453,65.2336],[12.7803,65.4596],[12.3552,65.6042],[12.7871,65.6384],[12.6823,65.9267],[13.176,65.8558],[12.6704,66.0629],[14.1439,66.3338],[13.0404,66.1796],[13.5344,66.3093],[12.972,66.5222],[13.7262,66.6048],[13.2254,66.714],[13.993,66.7897],[13.5436,66.9219],[15.7404,67.1733],[14.3283,67.2416],[15.0588,67.5773],[15.6585,67.2757],[15.5287,67.4675],[15.898,67.5569],[14.773,67.816],[15.8601,67.8996],[15.2817,68.0367],[15.9797,68.2501],[16.4847,67.7978],[16.207,68.0026],[16.689,68.071],[16.1034,68.2831],[16.803,68.1323],[16.2201,68.3514],[17.334,68.1671],[17.2479,68.406],[17.8718,68.393],[16.4646,68.51],[17.6794,68.6605],[17.2344,68.756],[17.783,68.7486],[17.4261,68.8995],[18.1524,69.154],[18.1585,69.4596],[19.0054,69.2855],[18.4546,69.4543],[18.8527,69.5523],[19.4772,69.2208],[18.9443,69.6153],[19.7842,69.8044],[19.5303,69.4003],[20.1126,69.5854],[19.8245,69.7119],[20.2927,69.971],[20.3826,69.5988],[19.948,69.2631],[20.853,69.4959],[20.4824,69.7634],[21.2899,70.0211],[22.0863,69.7396],[22.1136,70.0303],[21.7983,70.0372],[22.0994,70.1203],[21.2092,70.2085],[21.553,70.321],[23.3298,69.9484],[23.5132,70.3655],[24.7235,70.621],[24.2451,70.7845],[24.6369,70.9757],[25.9258,70.8637],[25.0599,70.4897],[25.2871,70.4561],[24.9434,70.1024],[25.2285,70.0924],[26.6136,70.9491],[26.6912,70.736],[26.3416,70.6479],[26.657,70.6405],[26.5059,70.3629],[27.1021,70.4698],[27.1106,70.7287],[27.6296,70.805],[27.1338,70.95],[27.6502,71.1271],[28.5488,70.9726],[27.6502,70.6064],[28.3013,70.7026],[27.8494,70.4829],[28.3353,70.5176],[28.0138,70.0714],[28.7947,70.8732],[30.947,70.45],[31.077,70.2842],[30.1589,70.0714],[28.5967,70.1613],[29.6859,69.9695],[29.3638,69.8597],[29.7412,69.9075],[29.4873,69.6611],[30.2892,69.8865],[30.3602,69.6675],[30.841,69.8058],[30.8982,69.5442],[30.1191,69.6346],[28.9541,69.0273],[29.3445,69.4644],[29.1312,69.6742],[27.8669,70.0753],[26.5339,69.9252],[25.9688,69.6632],[25.7958,68.9933],[24.8792,68.5548],[23.929,68.8162],[22.4092,68.7129],[21.6388,69.2714],[20.6232,69.0364]]],[[[14.8724,68.2227],[14.7956,68.2462],[14.9401,68.3022],[14.8724,68.2227]]],[[[14.1992,68.3152],[14.2682,68.2826],[14.2005,68.2488],[14.0404,68.3126],[14.1992,68.3152]]],[[[14.763,68.4949],[14.6042,68.5587],[14.6693,68.5873],[15,68.5548],[14.8919,68.4949],[14.763,68.4949]]],[[[5.6192,60.0739],[5.6604,60.0665],[5.6052,59.9622],[5.6399,59.9156],[5.5081,59.8991],[5.4768,59.963],[5.3618,59.9953],[5.6192,60.0739]]],[[[4.9778,60.5243],[4.9608,60.5599],[5.1502,60.5014],[5.2044,60.4318],[5.125,60.4024],[5.1328,60.4438],[4.9778,60.5243]]],[[[5.6877,60.6766],[5.6814,60.4817],[5.6089,60.4438],[5.5021,60.437],[5.324,60.5468],[5.5697,60.6251],[5.6084,60.6884],[5.6877,60.6766]]],[[[4.8652,61.8894],[5.2228,61.8485],[4.9163,61.781],[4.8708,61.8134],[4.9268,61.8279],[4.8032,61.8416],[4.8652,61.8894]]],[[[5.9886,62.3965],[6.0788,62.3419],[5.8113,62.2457],[5.8516,62.2805],[5.8156,62.3857],[5.917,62.4299],[5.9886,62.3965]]],[[[6.263,62.4238],[6.3184,62.404],[6.165,62.3966],[6.0234,62.4374],[6.263,62.4238]]],[[[6.8528,62.7459],[6.9141,62.6982],[6.6467,62.6783],[6.6847,62.7302],[6.8528,62.7459]]],[[[6.8323,62.8415],[6.9421,62.8259],[6.8867,62.7751],[6.7704,62.817],[6.79,62.8577],[6.8323,62.8415]]],[[[7.7782,63.0817],[7.9147,63.0817],[7.7782,63.0202],[7.6813,63.0551],[7.7782,63.0817]]],[[[8.1133,63.2394],[8.1885,63.1575],[8.0202,63.1379],[7.9284,63.1779],[8.1133,63.2394]]],[[[8.4839,63.2468],[8.5658,63.1779],[8.4232,63.1611],[8.2642,63.2326],[8.2884,63.2772],[8.396,63.2269],[8.4287,63.2878],[8.4839,63.2468]]],[[[7.9147,63.3425],[7.9973,63.3425],[7.7782,63.4113],[8.0041,63.4728],[8.1008,63.4641],[8.1817,63.3902],[8.0867,63.3288],[7.9147,63.3425]]],[[[11.0911,64.9016],[10.8269,64.8501],[11.1013,64.9531],[11.2658,64.8985],[11.1322,64.8389],[11.0461,64.8501],[11.0911,64.9016]]],[[[10.8412,64.8774],[10.7109,64.8637],[10.7656,64.9184],[11.115,64.973],[10.8412,64.8774]]],[[[12.4514,65.4261],[12.0535,65.22],[12.2586,65.5746],[12.4514,65.4261]]],[[[12.0051,65.6896],[11.9168,65.59],[11.7593,65.6179],[11.8245,65.693],[12.0051,65.6896]]],[[[12.698,65.9977],[12.8901,66.0015],[12.4658,65.8733],[12.3688,65.8916],[12.4912,65.9906],[12.698,65.9977]]],[[[14.2737,67.1658],[14.1924,67.0839],[14.1922,67.0036],[13.993,67.0777],[14.0573,67.133],[14.1522,67.1071],[14.2737,67.1658]]],[[[13.2805,68.1291],[13.4377,68.126],[13.3662,68.0128],[13.1727,68.009],[13.2393,68.0921],[13.3284,68.0634],[13.2805,68.1291]]],[[[17.0529,68.8175],[17.1457,68.7703],[16.8167,68.7356],[17.001,68.8586],[17.0529,68.8175]]],[[[17.2064,68.8933],[17.3197,68.9184],[17.4404,68.8659],[17.2236,68.793],[17.0835,68.9138],[17.2064,68.8933]]],[[[16.5286,68.722],[14.9868,68.2695],[15.6305,68.6121],[15.6448,68.9547],[15.9896,68.7635],[15.7404,68.5301],[16.2546,68.9032],[16.5286,68.722]]],[[[16.5662,68.9683],[16.5872,68.8974],[16.4762,68.8858],[16.2617,68.9683],[16.5662,68.9683]]],[[[14.3972,68.6605],[15.1589,68.8175],[15.0845,69.0112],[15.384,68.8523],[15.0627,68.5785],[14.3972,68.6605]]],[[[18.0708,69.4379],[17.9885,69.1874],[16.7731,69.0882],[17.1724,69.2011],[16.9265,69.3935],[17.6453,69.4618],[17.4676,69.5996],[18.0708,69.4379]]],[[[20.9588,70.0031],[21.0994,70.0105],[20.8919,69.938],[20.7605,69.9997],[20.8599,70.044],[20.9588,70.0031]]],[[[21.041,70.0613],[21.0466,70.0391],[21.02,70.0281],[20.9553,70.0241],[20.9663,70.035],[20.9919,70.0515],[21.0205,70.0635],[21.041,70.0613]]],[[[22.4221,70.5107],[21.9865,70.6625],[23.4841,70.7988],[22.4221,70.5107]]],[[[12.8753,66.2856],[12.825,66.2159],[12.7002,66.2432],[12.7938,66.3112],[12.8753,66.2856]]],[[[12.9408,66.4602],[12.8989,66.355],[12.8008,66.3847],[12.8503,66.4096],[12.8172,66.4426],[12.9408,66.4602]]],[[[15.2957,67.9453],[15.1631,67.9107],[14.9612,67.9416],[15.1057,68.0007],[15.1399,67.9584],[15.2957,67.9453]]],[[[15.1662,67.9868],[15.2303,68.0367],[15.2866,67.977],[15.1662,67.9868]]],[[[14.9966,68.9016],[14.8401,68.8917],[14.8997,68.9309],[14.9966,68.9016]]],[[[20.7029,69.8888],[20.7067,69.8173],[20.5267,69.8211],[20.5628,69.896],[20.7029,69.8888]]],[[[30.0212,69.8323],[30.0999,69.8345],[30.0571,69.8096],[29.7132,69.7634],[29.8301,69.8386],[29.8425,69.9089],[29.9945,69.8938],[30.0212,69.8323]]],[[[19.8133,70.0026],[19.8565,69.9731],[19.7206,69.8647],[19.4343,69.8405],[19.5469,69.9255],[19.8133,70.0026]]],[[[18.6668,70.0276],[18.7214,70.116],[18.8065,70.0593],[18.8898,70.1061],[18.9756,70.0736],[18.7017,69.9847],[18.6668,70.0276]]],[[[20.8942,70.0796],[20.8255,70.0731],[20.793,70.119],[20.8569,70.1449],[20.9148,70.1079],[20.8942,70.0796]]],[[[19.5387,70.0937],[19.335,70.1279],[19.408,70.1621],[19.5733,70.1117],[19.5387,70.0937]]],[[[19.2424,70.2009],[19.1742,70.1151],[18.9959,70.1521],[19.0986,70.1579],[19.138,70.2017],[19.0915,70.2379],[19.1683,70.2549],[19.2424,70.2009]]],[[[21.7381,70.3782],[21.7937,70.3234],[21.7031,70.2618],[21.6846,70.3638],[21.7381,70.3782]]],[[[19.1603,74.526],[19.2974,74.4811],[19.2834,74.444],[19.1951,74.369],[19.0737,74.3474],[18.7898,74.4782],[19.1603,74.526]]],[[[25.4784,76.7121],[25.5808,76.6984],[25.0472,76.498],[25.0176,76.4396],[24.9434,76.4451],[25.4784,76.7121]]],[[[24.4248,77.8259],[23.2345,77.2637],[22.4204,77.2689],[22.7783,77.5549],[20.8318,77.5407],[21.6618,77.918],[20.877,78.0986],[21.6968,78.2111],[22.9661,78.2563],[23.4705,78.1583],[23.1205,77.9859],[24.4248,77.8259]]],[[[21.0243,78.2191],[20.1536,78.4754],[21.1782,78.6232],[22.0847,78.595],[22.2713,78.2675],[21.0243,78.2191]]],[[[27.0208,78.6989],[26.7376,78.6265],[26.466,78.7095],[26.3963,78.7752],[26.6155,78.8088],[26.7737,78.7268],[27.0208,78.6989]]],[[[30.0696,79.008],[30.3371,78.9943],[30.1362,78.9689],[30.0696,79.008]]],[[[20.0989,79.1241],[20.4678,79.1258],[20.8318,79.0552],[20.3582,78.9947],[20.0442,79.0415],[20.135,79.0607],[20.1404,79.1179],[20.0989,79.1241]]],[[[20.0579,79.3773],[20.1551,79.3644],[20.1439,79.3362],[19.7015,79.337],[19.6265,79.3916],[20.0579,79.3773]]],[[[11.0325,79.7069],[11.0057,79.6864],[11.074,79.666],[10.8215,79.6505],[10.7381,79.6864],[10.848,79.6933],[10.7109,79.7212],[11.0325,79.7069]]],[[[10.7175,79.7416],[10.6458,79.7611],[10.7129,79.7825],[11.012,79.7416],[10.7175,79.7416]]],[[[20.2088,78.6381],[18.9618,78.4525],[19.0983,78.103],[18.4063,78.0211],[18.2998,77.5202],[17.6248,77.4457],[16.9191,76.7939],[17.1921,76.6968],[16.3438,76.5724],[15.5015,76.8765],[16.5286,77.0001],[14.4478,77.1814],[13.9107,77.5345],[16.2214,77.4409],[14.7405,77.6642],[17.0078,77.9385],[13.957,77.7199],[13.5891,78.0559],[17.2964,78.4326],[16.3299,78.4525],[16.8272,78.648],[16.5542,78.7193],[15.4395,78.4584],[15.1929,78.5896],[15.3815,78.8514],[14.4456,78.6784],[14.7337,78.3911],[13.0096,78.2038],[12.3626,78.4873],[13.198,78.5425],[11.346,78.9542],[12.5066,78.9118],[11.6836,79.0694],[12.115,79.3022],[11.2283,79.1007],[10.6768,79.5424],[13.797,79.8819],[12.4514,79.5691],[13.4517,79.5924],[14.0417,79.2658],[13.8831,79.5424],[14.5486,79.8115],[16.4352,78.9114],[15.6419,79.8319],[16.5415,80.0475],[18.0984,79.7274],[17.6532,79.3694],[18.3469,79.6299],[18.9451,79.157],[21.541,78.8469],[20.2088,78.6381]]],[[[33.0986,80.2277],[33.2986,80.2481],[33.5962,80.2032],[32.8311,80.1332],[31.6111,80.0727],[31.4771,80.1039],[33.0986,80.2277]]],[[[18.2964,80.2761],[18.1188,80.2897],[18.3169,80.3642],[18.7556,80.3027],[18.4914,80.2388],[18.2964,80.2761]]],[[[24.1693,80.4461],[24.3816,80.3915],[24.1672,80.3834],[24.1284,80.4052],[24.1693,80.4461]]],[[[27.1711,80.0734],[25.8291,79.4422],[24.0531,79.1889],[19.6853,79.5539],[22.2874,79.8057],[18.7839,79.7231],[18.112,79.9055],[18.9338,80.0563],[17.783,80.1383],[19.3313,80.091],[18.9816,80.3437],[19.8518,80.2208],[19.4688,80.4089],[19.6567,80.505],[22.2832,79.9831],[22.576,80.299],[22.3377,80.3839],[22.7816,80.5173],[23.3606,80.4331],[23.1223,80.1176],[24.2598,80.3758],[27.1711,80.0734]]],[[[19.907,80.4883],[19.8522,80.505],[19.9588,80.5403],[20.1336,80.515],[19.907,80.4883]]],[[[20.7575,80.6249],[20.4961,80.6596],[20.7915,80.6596],[20.7575,80.6249]]],[[[21.1745,80.6596],[21.0243,80.6938],[21.367,80.6801],[21.1745,80.6596]]],[[[20.6333,80.7348],[20.5178,80.7695],[20.6221,80.7701],[21.0032,80.7143],[20.8215,80.6801],[20.6333,80.7348]]],[[[3.4573,-54.3901],[3.4675,-54.4413],[3.3508,-54.4557],[3.3772,-54.3914],[3.4573,-54.3901]]],[[[11.0703,59.0793],[11.0464,59.0268],[10.9915,59.0336],[11.0033,59.0865],[11.0703,59.0793]]],[[[10.9105,59.1164],[10.8838,59.0722],[10.8291,59.0994],[10.9105,59.1164]]],[[[5.2897,60.0743],[5.2688,59.9949],[5.1717,60.0495],[5.2036,60.0883],[5.2466,60.0515],[5.2053,60.1174],[5.2897,60.0743]]],[[[4.9224,60.8675],[4.7769,60.93],[4.8828,60.93],[4.9224,60.8675]]],[[[4.7214,61.0402],[4.7069,60.9885],[4.6438,61.0576],[4.7,61.0822],[4.7214,61.0402]]],[[[5.1203,62.0258],[5.1521,61.998],[5.0952,61.9274],[5.0215,61.9389],[5.0544,61.9724],[4.9842,62.0095],[5.1203,62.0258]]],[[[8.3148,63.1813],[8.2098,63.1614],[8.1653,63.2134],[8.3148,63.1813]]],[[[9.9308,64.0275],[9.8923,63.997],[9.8438,64.0332],[9.9308,64.0275]]],[[[11.4655,64.5878],[11.4802,64.5561],[11.4329,64.5424],[11.3445,64.5737],[11.3665,64.6344],[11.4655,64.5878]]],[[[11.3508,64.6516],[11.3123,64.5997],[11.168,64.6597],[11.304,64.6921],[11.3508,64.6516]]],[[[11.7617,65.1194],[11.6694,65.0449],[11.5188,65.0546],[11.5803,65.1097],[11.7617,65.1194]]],[[[17.5471,69.0921],[17.419,68.9964],[17.3441,69.0032],[17.4197,69.0792],[17.5471,69.0921]]],[[[24.8369,71.0949],[24.77,71.0262],[24.6143,71.0566],[24.7329,71.0686],[24.7126,71.1076],[24.8369,71.0949]]],[[[5.764,59.1179],[5.7507,59.0723],[5.5752,59.124],[5.764,59.1179]]],[[[5.4621,59.2109],[5.4432,59.1589],[5.3753,59.2188],[5.4621,59.2109]]],[[[6.0164,59.2922],[6.0999,59.2766],[6.0563,59.2407],[5.9299,59.2435],[6.0164,59.2922]]],[[[4.8459,60.6281],[4.8439,60.5897],[4.7795,60.5985],[4.7913,60.6661],[4.8459,60.6281]]],[[[4.8363,61.6745],[4.8799,61.712],[4.9028,61.6525],[4.8363,61.6745]]]]}},{"type":"Feature","properties":{"name":"Sweden","ISO3166-1-Alpha-2":"SE"},"geometry":{"type":"MultiPolygon","coordinates":[[[[20.6232,69.0364],[23.6622,67.9504],[23.4313,67.4855],[23.7652,67.4201],[23.5813,67.1531],[24.004,66.8052],[23.6628,66.3165],[24.1631,65.8227],[22.653,65.9084],[22.2092,65.7612],[22.4053,65.5419],[21.7642,65.7277],[22.203,65.549],[21.2778,65.35],[21.5859,65.0692],[21.0374,64.8327],[21.6065,64.4522],[20.6747,63.7893],[19.4463,63.5609],[18.1951,62.7774],[17.6936,62.9936],[18.0642,62.5958],[17.3308,62.4877],[17.6527,62.232],[17.3446,61.9367],[17.4963,61.6351],[17.0563,61.5822],[17.1867,60.6924],[17.9749,60.5878],[19.0745,59.7497],[18.009,59.4085],[18.6465,59.3303],[17.8928,58.861],[17.6589,59.1689],[17.3578,58.7512],[16.1792,58.6345],[16.9402,58.4911],[16.4126,58.4775],[16.7992,58.3236],[16.7688,57.8878],[16.4603,57.9021],[16.7068,57.7506],[16.4194,57.8947],[16.689,57.4717],[15.8517,56.0864],[14.7249,56.1676],[14.2347,55.8627],[14.1812,55.3908],[12.8328,55.3826],[13.0549,55.694],[12.4514,56.3044],[12.8145,56.2362],[12.6216,56.4193],[12.9344,56.5471],[11.9033,57.3944],[11.6563,57.8394],[11.8828,58.3328],[11.2209,58.3463],[11.1082,58.9536],[11.6644,58.9201],[11.6749,59.6071],[12.6053,60.4192],[12.2533,61.0017],[12.8882,61.3496],[12.1617,61.7248],[12.3143,62.2861],[11.9924,63.2889],[12.7553,63.9914],[14.1478,64.169],[13.6428,64.584],[14.5143,65.3181],[14.5405,66.1254],[15.4819,66.2749],[15.4263,66.4912],[16.3997,67.036],[16.1807,67.4964],[17.3215,68.1053],[17.921,67.9729],[18.1718,68.5359],[20.0103,68.3639],[20.3565,68.8046],[20.1023,69.0221],[20.6232,69.0364]]],[[[17.1245,57.3193],[16.4285,56.218],[16.4194,56.5856],[17.1245,57.3193]]],[[[19.0402,57.8679],[18.7647,57.6269],[18.9263,57.3926],[18.1387,56.922],[18.1282,57.5482],[19.0402,57.8679]]],[[[19.273,57.9765],[19.3386,57.9636],[19.162,57.926],[19.1296,57.8469],[19.0368,57.9052],[19.0983,57.9765],[19.273,57.9765]]],[[[19.3317,58.3676],[19.2503,58.3428],[19.1878,58.395],[19.3317,58.3676]]],[[[18.4304,59.2583],[18.3447,59.2993],[18.6123,59.2583],[18.5161,59.2713],[18.5781,59.2446],[18.5516,59.2259],[18.4304,59.2583]]],[[[18.5501,60.3271],[18.4022,60.3698],[18.3788,60.5078],[18.5501,60.3271]]],[[[18.4854,59.0976],[18.4136,59.0117],[18.3444,59.0257],[18.3748,59.0784],[18.4854,59.0976]]],[[[18.797,59.2949],[18.7752,59.2522],[18.7227,59.2624],[18.797,59.2949]]],[[[18.676,59.3403],[18.638,59.368],[18.6981,59.3736],[18.7471,59.3319],[18.6775,59.2995],[18.676,59.3403]]],[[[18.1067,59.385],[18.2493,59.3667],[18.1655,59.3406],[18.1067,59.385]]],[[[18.8543,59.4025],[18.8651,59.3998],[18.8695,59.3935],[18.8655,59.3897],[18.8557,59.3859],[18.8477,59.3894],[18.8465,59.3959],[18.8543,59.4025]]],[[[18.6566,59.5067],[18.5564,59.4223],[18.5105,59.4831],[18.6325,59.5499],[18.7391,59.5404],[18.6566,59.5067]]],[[[18.8543,59.6011],[18.7568,59.5727],[18.9243,59.6569],[18.8543,59.6011]]],[[[18.9963,59.8098],[18.8858,59.7939],[18.9592,59.8637],[18.9963,59.8098]]],[[[18.724,60.1966],[18.8069,60.1606],[18.7244,60.1555],[18.724,60.1966]]],[[[15.7053,56.1164],[15.6968,56.0743],[15.6423,56.1046],[15.7053,56.1164]]],[[[16.8916,58.3337],[16.8274,58.3275],[16.7852,58.3801],[16.8597,58.4003],[16.8306,58.3559],[16.8916,58.3337]]],[[[18.3215,58.9691],[18.3571,58.977],[18.3164,58.9269],[18.1936,58.9113],[18.3215,58.9691]]],[[[18.1983,59.0097],[18.0506,58.9609],[18.1035,59.0226],[18.1983,59.0097]]],[[[17.7073,58.9934],[17.6912,58.9018],[17.6392,58.931],[17.6522,59.0715],[17.7073,58.9934]]],[[[18.1247,62.6879],[18.0061,62.7056],[18.041,62.7545],[18.1494,62.7498],[18.1247,62.6879]]],[[[20.8981,63.7541],[20.9485,63.7746],[20.9329,63.7153],[20.8648,63.6831],[20.8981,63.7541]]],[[[22.1536,65.4304],[22.174,65.4743],[22.2332,65.4239],[22.1536,65.4304]]],[[[22.2188,65.5068],[22.2114,65.5451],[22.3587,65.504],[22.2188,65.5068]]],[[[22.578,65.5828],[22.6414,65.5891],[22.5974,65.5539],[22.5335,65.5678],[22.578,65.5828]]],[[[22.5702,65.5948],[22.5586,65.601],[22.5545,65.6054],[22.5681,65.6125],[22.5951,65.613],[22.6045,65.6003],[22.5891,65.5937],[22.5702,65.5948]]],[[[22.9627,65.7163],[22.9719,65.6671],[22.8822,65.7204],[22.9627,65.7163]]],[[[23.7972,65.7537],[23.7383,65.6967],[23.6815,65.7217],[23.7972,65.7537]]],[[[22.7411,65.7136],[22.7468,65.7704],[22.8114,65.7141],[22.7411,65.7136]]]]}},{"type":"Feature","properties":{"name":"Finland","ISO3166-1-Alpha-2":"FI"},"geometry":{"type":"MultiPolygon","coordinates":[[[[28.9541,69.0273],[28.4102,68.8985],[28.8015,68.8355],[28.4479,68.5297],[28.6638,68.204],[30.0094,67.6858],[29.0515,66.9078],[30.1117,65.712],[29.7029,65.6294],[29.6336,64.9072],[30.5585,64.2197],[29.9808,63.7415],[31.5695,62.9059],[31.2438,62.5033],[27.7054,60.4854],[26.5534,60.433],[26.6592,60.6518],[26.3421,60.3756],[25.9172,60.4854],[25.9302,60.2452],[22.9051,59.8112],[23.3264,60.0093],[22.8747,60.1496],[23.0806,60.355],[22.5251,60.2043],[22.6243,60.3991],[21.4085,60.5804],[21.4221,61.4853],[21.7163,61.5269],[21.0652,62.5958],[21.6885,63.0271],[21.4966,63.209],[22.3301,63.2838],[22.2814,63.5262],[23.6045,64.0277],[24.5384,64.8053],[25.4435,64.9668],[25.3236,65.5068],[24.6758,65.6354],[24.7106,65.9121],[24.2062,65.7788],[23.6894,66.257],[24.004,66.8052],[23.5813,67.1531],[23.7652,67.4201],[23.4313,67.4855],[23.6622,67.9504],[20.6232,69.0364],[21.6388,69.2714],[22.4092,68.7129],[24.9052,68.557],[25.7958,68.9933],[26.0051,69.6893],[27.8669,70.0753],[29.1471,69.6639],[29.3445,69.4644],[28.9541,69.0273]]],[[[22.4084,60.0528],[22.4495,60.0665],[22.4426,59.9975],[22.3828,59.9926],[22.3489,60.0632],[22.4084,60.0528]]],[[[21.4966,60.1353],[21.6543,60.1558],[21.6131,60.1021],[21.5144,60.0974],[21.4823,60.1148],[21.5581,60.1216],[21.4966,60.1353]]],[[[21.7437,60.1906],[21.8877,60.1763],[21.7202,60.1137],[21.7437,60.1906]]],[[[21.3533,60.2111],[21.4489,60.1837],[21.2707,60.1906],[21.3533,60.2111]]],[[[22.0589,60.2111],[22.0093,60.1373],[21.9354,60.1763],[22.0589,60.2111]]],[[[22.2092,60.2043],[22.2918,60.2452],[22.2693,60.1959],[22.2092,60.2043]]],[[[25.6223,60.2383],[25.5702,60.258],[25.5817,60.2964],[25.6844,60.2452],[25.636,60.2043],[25.6223,60.2383]]],[[[22.1068,60.3135],[22.3396,60.2862],[22.2009,60.2543],[22.0801,60.2695],[22.1068,60.3135]]],[[[22.388,60.321],[22.3128,60.321],[22.3982,60.355],[22.4773,60.321],[22.388,60.321]]],[[[21.9976,60.3339],[21.7941,60.374],[21.846,60.4097],[21.8081,60.4667],[21.932,60.4233],[21.9504,60.396],[21.8945,60.396],[21.9976,60.3339]]],[[[21.3191,60.4817],[21.2503,60.4984],[21.2292,60.5599],[21.3191,60.4817]]],[[[21.3942,60.5599],[21.4823,60.5258],[21.4426,60.4711],[21.3286,60.5253],[21.3942,60.5599]]],[[[21.2987,60.5673],[21.2139,60.6164],[21.2707,60.6431],[21.2987,60.5673]]],[[[21.2644,60.882],[21.2024,60.8895],[21.2987,60.8957],[21.2434,60.9509],[21.27,60.968],[21.3743,60.9304],[21.2644,60.882]]],[[[21.3185,63.2878],[21.2292,63.3288],[21.346,63.3638],[21.3739,63.3334],[21.3185,63.2878]]],[[[22.8874,60.0678],[22.9266,60.0654],[22.8722,60.006],[22.8874,60.0678]]],[[[22.3132,60.192],[22.3856,60.1953],[22.3237,60.1469],[22.2883,60.1498],[22.3132,60.192]]],[[[21.9569,60.2814],[21.8753,60.3049],[21.9738,60.3093],[21.9569,60.2814]]],[[[22.2062,60.3826],[22.2075,60.3756],[22.1125,60.3529],[22.1043,60.3542],[22.1221,60.3716],[22.1379,60.3791],[22.1468,60.3804],[22.2062,60.3826]]],[[[21.3381,60.3834],[21.3553,60.3518],[21.2944,60.3705],[21.3381,60.3834]]],[[[26.6021,60.4465],[26.6365,60.4149],[26.5072,60.4035],[26.6021,60.4465]]],[[[22.0262,63.3222],[22.0466,63.2822],[21.9783,63.28],[22.0262,63.3222]]],[[[22.1442,63.2514],[22.0794,63.2663],[22.0692,63.3185],[22.2313,63.3388],[22.2087,63.2733],[22.1144,63.2842],[22.1442,63.2514]]],[[[21.9572,63.3316],[21.9964,63.3847],[22.096,63.3835],[21.9572,63.3316]]],[[[22.808,63.7795],[22.7396,63.7205],[22.6815,63.7634],[22.808,63.7795]]],[[[21.2085,62.9462],[21.1304,63.0008],[21.1956,62.9944],[21.2085,62.9462]]]]}},{"type":"Feature","properties":{"name":"Vietnam","ISO3166-1-Alpha-2":"VN"},"geometry":{"type":"MultiPolygon","coordinates":[[[[107.5204,14.7046],[107.6641,15.2686],[107.1488,15.7735],[107.4356,16.0688],[106.6707,16.4444],[105.1127,18.6983],[103.8484,19.2999],[104.001,19.6807],[104.6143,19.6074],[104.9495,19.9955],[104.3598,20.4397],[104.6152,20.6465],[104.0923,20.9612],[103.6763,20.6565],[103.1153,20.8684],[102.8013,21.2548],[102.9478,21.7371],[102.6507,21.6578],[102.1187,22.3975],[102.4427,22.7652],[103.029,22.4302],[103.6469,22.799],[103.9595,22.5071],[105.3122,23.3658],[105.8539,22.9047],[106.7898,22.7972],[106.5269,22.4383],[106.6531,21.9689],[107.9912,21.4857],[107.197,20.9376],[106.6421,21.0202],[106.8059,20.6776],[105.9556,19.9255],[105.6133,18.9855],[106.4348,18.1235],[106.4981,17.7106],[106.2852,17.7721],[108.1975,16.0037],[108.3314,16.1553],[108.9517,15.2502],[109.465,12.9133],[109.0056,11.3437],[107.272,10.3785],[106.7476,10.6737],[106.7908,10.2849],[106.4224,10.317],[106.7371,10.0541],[106.292,10.2617],[106.6687,9.8428],[106.1133,10.2343],[106.5437,9.585],[105.819,10.008],[106.1934,9.3693],[104.7229,8.6027],[105.1071,9.9527],[104.4513,10.4197],[105.0779,10.9469],[106.1773,10.7669],[105.8049,11.6249],[106.4258,11.6621],[106.394,11.9698],[107.5143,12.3438],[107.5204,14.7046]]],[[[106.2107,9.6209],[106.2907,9.5614],[106.2442,9.535],[106.197,9.6101],[106.2266,9.5652],[106.1966,9.5717],[106.0934,9.7609],[106.2107,9.6209]]],[[[106.7241,10.2686],[106.7588,10.2444],[106.7241,10.2265],[106.5117,10.2959],[106.7241,10.2686]]],[[[107.172,10.4646],[107.2112,10.4256],[107.0872,10.3232],[107.0794,10.391],[107.172,10.4646]]],[[[106.9363,10.4393],[106.9773,10.4052],[106.888,10.371],[106.8884,10.5049],[106.9481,10.507],[106.9363,10.4393]]],[[[106.9089,10.5324],[106.8538,10.5628],[106.8538,10.631],[106.9295,10.5976],[106.9089,10.5324]]],[[[109.3284,12.2213],[109.3074,12.1872],[109.2453,12.2281],[109.3284,12.2213]]],[[[106.6626,8.7398],[106.5784,8.6555],[106.571,8.706],[106.6626,8.7398]]],[[[106.4981,9.8912],[106.521,9.8377],[106.4224,9.939],[106.4981,9.8912]]],[[[104.082,10.371],[104.0513,10.008],[103.846,10.3713],[103.9338,10.3664],[104.0047,10.451],[104.082,10.371]]],[[[106.8743,10.4604],[106.8196,10.4666],[106.8401,10.4052],[106.7707,10.4643],[106.752,10.6658],[106.8478,10.6138],[106.8743,10.4604]]],[[[107.0803,20.8004],[107.0319,20.7874],[107.0735,20.7322],[107.0462,20.7042],[106.9129,20.8369],[106.9574,20.8768],[107.0803,20.8004]]],[[[106.8401,20.8799],[106.8735,20.7895],[106.8196,20.8768],[106.8196,20.842],[106.7707,20.8586],[106.7854,20.9308],[106.8401,20.8799]]],[[[107.5254,20.9103],[107.4639,20.8141],[107.4707,20.883],[107.5254,20.9103]]],[[[107.7451,21.0202],[107.7928,20.986],[107.7383,20.9376],[107.7451,21.0202]]],[[[107.5327,21.0202],[107.5117,20.924],[107.395,20.8973],[107.5327,21.0202]]],[[[107.5806,21.212],[107.3729,21.0596],[107.4553,21.2757],[107.5327,21.1989],[107.5806,21.212]]],[[[107.8687,21.3901],[107.9983,21.4038],[107.8412,21.3485],[107.8687,21.3901]]],[[[109.3934,12.6019],[109.4002,12.5579],[109.312,12.6143],[109.3934,12.6019]]]]}},{"type":"Feature","properties":{"name":"Cambodia","ISO3166-1-Alpha-2":"KH"},"geometry":{"type":"MultiPolygon","coordinates":[[[[107.5204,14.7046],[107.3199,14.1198],[107.6043,13.4985],[107.5223,12.3666],[106.394,11.9698],[106.4258,11.6621],[105.8049,11.6249],[106.1773,10.7669],[105.0779,10.9469],[104.4696,10.4158],[103.8664,10.6994],[103.6239,10.5009],[103.533,11.1627],[103.1267,10.8813],[103.085,11.7279],[102.3282,13.2752],[102.9341,14.201],[104.7717,14.4399],[106.0692,13.9165],[105.974,14.3658],[106.5125,14.5904],[106.9336,14.3202],[107.5204,14.7046]]],[[[103.7844,10.515],[103.7947,10.4536],[103.7434,10.4809],[103.7844,10.515]]],[[[103.2971,10.731],[103.2774,10.6727],[103.1985,10.7624],[103.2971,10.731]]],[[[103.0371,11.3579],[103.0076,11.2551],[102.9815,11.4047],[103.0242,11.4172],[103.0371,11.3579]]],[[[103.0303,11.5019],[103.0303,11.4262],[102.9959,11.5137],[103.0303,11.5019]]],[[[103.3342,10.5839],[103.3128,10.5517],[103.2891,10.6127],[103.3342,10.5839]]]]}},{"type":"Feature","properties":{"name":"Luxembourg","ISO3166-1-Alpha-2":"LU"},"geometry":{"type":"Polygon","coordinates":[[[6.1175,50.1205],[6.5026,49.7957],[6.3453,49.4553],[5.7907,49.5378],[5.719,49.8914],[6.1175,50.1205]]]}},{"type":"Feature","properties":{"name":"United Arab Emirates","ISO3166-1-Alpha-2":"AE"},"geometry":{"type":"MultiPolygon","coordinates":[[[[56.2791,25.6274],[56.3833,24.9782],[56.0991,24.7305],[55.7991,24.8861],[55.9979,24.0813],[55.4568,23.9632],[55.1204,22.6234],[52.5585,22.9386],[51.5785,24.1018],[51.5938,24.3849],[51.9287,23.9647],[52.6003,24.2095],[53.8789,24.0648],[54.4273,24.2921],[56.0774,26.061],[56.2791,25.6274]],[[56.2606,25.3311],[56.22,25.2153],[56.3444,25.2665],[56.2606,25.3311]]],[[[56.263,25.2492],[56.2596,25.276],[56.2651,25.2812],[56.2738,25.2813],[56.2883,25.2719],[56.283,25.2555],[56.263,25.2492]]],[[[53.657,24.1584],[53.6433,24.1863],[53.8482,24.2751],[53.9649,24.1726],[53.8846,24.1412],[53.8374,24.1774],[53.7747,24.1301],[53.657,24.1584]]],[[[54.1908,24.2272],[54.1126,24.2717],[54.1152,24.3185],[54.1883,24.2775],[54.1908,24.2272]]],[[[52.5745,24.3439],[52.6111,24.3732],[52.6509,24.3249],[52.5922,24.2534],[52.5745,24.3439]]],[[[53.3228,24.2627],[53.1913,24.3004],[53.3667,24.3192],[53.4168,24.4128],[53.4404,24.3413],[53.3228,24.2627]]],[[[54.3826,24.4395],[54.3348,24.4689],[54.3963,24.5227],[54.4706,24.425],[54.3826,24.4395]]],[[[54.2664,24.2945],[54.1846,24.3371],[54.2324,24.3576],[54.2664,24.2945]]],[[[54.3259,24.373],[54.3089,24.3139],[54.2791,24.3644],[54.3259,24.373]]]]}},{"type":"Feature","properties":{"name":"Belgium","ISO3166-1-Alpha-2":"BE"},"geometry":{"type":"Polygon","coordinates":[[[2.5218,51.0875],[5.0275,51.4768],[5.8291,51.1565],[5.6245,50.8303],[6.3745,50.3155],[5.719,49.8914],[5.8374,49.5611],[5.4561,49.4989],[4.849,49.7942],[4.8627,50.1476],[4.1317,49.975],[4.1976,50.2585],[2.7867,50.7234],[2.5218,51.0875]]]}},{"type":"Feature","properties":{"name":"Georgia","ISO3166-1-Alpha-2":"GE"},"geometry":{"type":"Polygon","coordinates":[[[41.5512,42.4065],[41.4243,42.7399],[39.986,43.389],[40.1643,43.5758],[42.8298,43.1688],[43.9397,42.5522],[44.903,42.7531],[45.6987,42.5076],[45.6314,42.2012],[46.4066,41.915],[46.1928,41.6102],[46.6948,41.2698],[46.4749,41.0441],[45.2817,41.4529],[43.4505,41.1047],[42.8009,41.5792],[41.813,41.4218],[41.5208,41.5142],[41.7739,41.8216],[41.5512,42.4065]]]}},{"type":"Feature","properties":{"name":"North Macedonia","ISO3166-1-Alpha-2":"MK"},"geometry":{"type":"Polygon","coordinates":[[[20.5671,41.8732],[22.2689,42.3703],[23.0096,41.7164],[22.7049,41.1397],[20.9653,40.8494],[20.5001,41.2355],[20.5671,41.8732]]]}},{"type":"Feature","properties":{"name":"Albania","ISO3166-1-Alpha-2":"AL"},"geometry":{"type":"Polygon","coordinates":[[[20.5671,41.8732],[20.5001,41.2355],[21.0367,40.6397],[20.1841,39.637],[19.2896,40.4204],[19.613,41.6053],[19.272,42.1807],[19.6993,42.6548],[20.4817,42.2307],[20.5671,41.8732]]]}},{"type":"Feature","properties":{"name":"Azerbaijan","ISO3166-1-Alpha-2":"AZ"},"geometry":{"type":"MultiPolygon","coordinates":[[[[44.9795,41.082],[45.0157,41.0232],[44.9669,41.0448],[44.9795,41.082]]],[[[45.0024,41.2905],[45.4648,41.4302],[46.4968,41.0448],[46.6885,41.2844],[46.18,41.6552],[46.4309,41.8904],[47.8287,41.1984],[48.5789,41.8453],[49.5389,40.654],[50.3911,40.235],[49.4925,40.154],[49.4071,39.2895],[49.0793,38.9633],[48.9676,39.1838],[48.8743,38.4341],[48.6079,38.396],[47.9931,38.8501],[48.3389,39.3789],[47.9714,39.7046],[46.514,38.8822],[46.5243,39.5546],[45.5794,39.9702],[45.9792,40.2236],[45.0024,41.2905]],[[45.5137,40.602],[45.5607,40.6476],[45.4793,40.6502],[45.5137,40.602]]],[[[46.1359,38.8637],[45.4386,39.0042],[44.7746,39.7028],[45.7881,39.549],[46.1359,38.8637]]]]}},{"type":"Feature","properties":{"name":"Kosovo","ISO3166-1-Alpha-2":"-99"},"geometry":{"type":"Polygon","coordinates":[[[20.065,42.5468],[20.7944,43.2631],[21.7728,42.6475],[20.6815,41.844],[20.065,42.5468]]]}},{"type":"Feature","properties":{"name":"Turkey","ISO3166-1-Alpha-2":"TR"},"geometry":{"type":"MultiPolygon","coordinates":[[[[43.4404,41.1066],[43.6654,40.1102],[44.807,39.6399],[44.0149,39.3741],[44.4588,38.3383],[44.2021,37.8972],[44.5961,37.7164],[44.7661,37.1419],[44.2848,36.9692],[44.088,37.3112],[42.7805,37.3755],[39.2396,36.6613],[36.6399,36.8281],[36.67,36.2373],[36.1385,35.8198],[35.7874,36.3043],[36.2112,36.6424],[36.0203,36.9263],[35.346,36.5411],[34.6929,36.8139],[33.959,36.2136],[32.8037,36.0272],[30.6865,36.8912],[30.4274,36.2264],[29.6724,36.1234],[28.452,36.8836],[28.0359,36.5648],[28.1067,36.803],[27.4043,36.6652],[28.3294,37.0368],[27.2632,36.9634],[27.616,37.2747],[27.0115,37.6657],[27.2391,37.9879],[26.2331,38.2803],[26.4141,38.6794],[26.6731,38.3072],[27.1642,38.4466],[26.7191,38.6527],[27.0627,38.8869],[26.6092,39.2752],[26.9377,39.5748],[26.07,39.4963],[26.1677,39.9736],[26.7356,40.4036],[29.0516,40.3673],[28.7742,40.5228],[28.9701,40.6395],[29.9393,40.7351],[29.2546,40.8108],[29.1697,41.2331],[31.2312,41.092],[33.3245,42.019],[35.0239,42.0925],[36.395,41.2564],[38.3309,40.9179],[40.1428,40.9228],[41.5208,41.5142],[42.661,41.5883],[43.4404,41.1066]]],[[[28.0168,41.9726],[28.2328,41.519],[29.1092,41.2353],[28.9924,41.0082],[27.5242,40.9892],[26.1575,40.0553],[26.8289,40.602],[26.0537,40.6606],[26.6317,41.3575],[26.3342,41.7895],[27.0465,42.0829],[28.0168,41.9726]]],[[[26.0606,39.8376],[26.075,39.7849],[25.978,39.8342],[26.0606,39.8376]]],[[[26.0122,40.1666],[25.766,40.0972],[25.6633,40.1262],[25.759,40.2067],[25.926,40.2428],[25.9719,40.2211],[25.9631,40.1571],[26.0122,40.1666]]],[[[27.6576,40.6531],[27.7327,40.6252],[27.6047,40.5768],[27.5264,40.6391],[27.6576,40.6531]]],[[[27.6452,40.4599],[27.5799,40.4765],[27.6073,40.5054],[27.6452,40.4599]]]]}},{"type":"Feature","properties":{"name":"Spain","ISO3166-1-Alpha-2":"ES"},"geometry":{"type":"MultiPolygon","coordinates":[[[[-5.3407,35.8474],[-5.3989,35.9245],[-5.2831,35.9117],[-5.3407,35.8474]]],[[[-2.9478,35.3298],[-2.922,35.288],[-2.9132,35.2772],[-2.9129,35.2769],[-2.943,35.2679],[-2.9638,35.2862],[-2.9669,35.3139],[-2.9478,35.3298]]],[[[-1.7941,43.386],[-0.569,42.7726],[3.181,42.4315],[3.1949,41.8883],[0.7142,40.8152],[-0.3234,39.5162],[0.2345,38.7423],[-0.5098,38.3384],[-0.7053,37.6195],[-1.6709,37.3633],[-2.1267,36.7364],[-4.4032,36.7239],[-5.6118,36.0065],[-6.3947,36.6369],[-6.1948,36.9321],[-6.388,36.8082],[-6.8527,37.2952],[-7.4144,37.1928],[-7.5143,37.6014],[-6.9475,38.1966],[-7.3592,38.4464],[-6.9733,39.014],[-7.5573,39.6798],[-7.0211,39.694],[-6.9425,41.016],[-6.2059,41.5703],[-6.6095,41.9623],[-8.1796,41.8107],[-8.2224,42.1536],[-8.8813,41.8933],[-8.6227,42.3475],[-8.8675,42.2564],[-8.7309,42.6884],[-9.0264,42.5431],[-8.8877,42.8311],[-9.2731,42.8933],[-9.2176,43.1553],[-8.2102,43.3132],[-8.3127,43.5671],[-7.6855,43.7934],[-7.0446,43.4792],[-5.8522,43.663],[-1.7941,43.386]]],[[[-17.9339,27.852],[-17.8793,27.8145],[-17.9795,27.6425],[-18.1604,27.7224],[-18.1672,27.7576],[-18.0568,27.7565],[-17.9339,27.852]]],[[[-15.3916,28.0302],[-15.578,27.7344],[-15.8212,27.9218],[-15.7062,28.1674],[-15.3916,28.0302]]],[[[-17.3097,28.2071],[-17.2127,28.2054],[-17.0984,28.1008],[-17.2579,28.0246],[-17.3432,28.0977],[-17.3097,28.2071]]],[[[-16.4277,28.1497],[-16.6927,27.9998],[-16.9161,28.355],[-16.1413,28.5834],[-16.4277,28.1497]]],[[[-13.9726,28.7359],[-13.9337,28.2442],[-14.5071,28.0712],[-13.9726,28.7359]]],[[[-17.7558,28.8185],[-17.721,28.7306],[-17.8371,28.4554],[-17.9968,28.7801],[-17.9111,28.8556],[-17.7558,28.8185]]],[[[1.5264,38.6778],[1.5814,38.6531],[1.4581,38.6813],[1.3829,38.6421],[1.4313,38.7549],[1.5264,38.6778]]],[[[3.3545,39.7844],[3.0608,39.2691],[2.3508,39.5765],[3.1795,39.9688],[3.3545,39.7844]]],[[[2.9854,39.1662],[2.9823,39.1392],[2.9622,39.1161],[2.9309,39.1182],[2.9136,39.152],[2.9404,39.1719],[2.9806,39.1856],[2.9854,39.1662]]],[[[-3.903,35.2153],[-3.9023,35.2159],[-3.902,35.2155],[-3.9025,35.2148],[-3.9031,35.215],[-3.903,35.2153]]],[[[-3.9007,35.2178],[-3.9,35.2179],[-3.8998,35.2173],[-3.9005,35.2174],[-3.901,35.2172],[-3.9013,35.2173],[-3.9013,35.2176],[-3.9007,35.2178]]],[[[-2.4342,35.1852],[-2.4294,35.186],[-2.4265,35.1821],[-2.4314,35.1788],[-2.4359,35.1812],[-2.4342,35.1852]]],[[[-5.4188,35.9156],[-5.416,35.9135],[-5.4179,35.9109],[-5.4203,35.9116],[-5.4208,35.9143],[-5.4188,35.9156]]]]}},{"type":"Feature","properties":{"name":"Laos","ISO3166-1-Alpha-2":"LA"},"geometry":{"type":"Polygon","coordinates":[[[102.1187,22.3975],[102.6507,21.6578],[102.9478,21.7371],[102.8013,21.2548],[103.13,20.8549],[103.6763,20.6565],[104.0923,20.9612],[104.6152,20.6465],[104.3598,20.4397],[104.9495,19.9955],[104.6143,19.6074],[104.001,19.6807],[103.8484,19.2999],[105.1127,18.6983],[106.6707,16.4444],[107.4356,16.0688],[107.1488,15.7735],[107.6641,15.2686],[107.4149,14.5434],[106.8358,14.3071],[106.2301,14.4905],[105.9694,14.3549],[106.0692,13.9165],[105.2569,14.1824],[105.6409,15.682],[104.7652,16.5113],[104.8164,17.3728],[103.9754,18.3307],[103.3069,18.4257],[102.6829,17.8101],[102.0785,18.2138],[101.1323,17.4617],[100.886,17.5738],[101.2549,19.5472],[100.4743,19.525],[100.5465,20.1679],[100.0998,20.3622],[101.159,21.5527],[101.2597,21.1795],[101.7667,21.1506],[101.5157,22.2454],[102.1187,22.3975]]]}},{"type":"Feature","properties":{"name":"Kyrgyzstan","ISO3166-1-Alpha-2":"KG"},"geometry":{"type":"Polygon","coordinates":[[[80.2103,42.1895],[78.075,41.0395],[76.861,41.0132],[76.3302,40.3481],[74.8354,40.5116],[73.9664,40.0333],[73.8207,39.4682],[72.2289,39.1892],[71.4595,39.6121],[70.7701,39.3821],[69.3003,39.5156],[69.2263,39.751],[69.518,40.1251],[70.4772,39.9009],[73.1486,40.8137],[72.1651,40.9994],[71.6714,41.5474],[71.1801,41.1081],[70.1665,41.5202],[71.2382,42.1602],[70.8527,42.3061],[71.4046,42.7949],[73.5051,42.4029],[73.5709,43.0319],[74.1788,43.2617],[75.6204,42.8053],[79.1483,42.791],[80.2103,42.1895]],[[71.7855,39.9897],[71.6655,39.9402],[71.7573,39.9031],[71.7855,39.9897]],[[70.4987,39.8819],[70.5816,39.7666],[70.7048,39.8221],[70.6989,39.8584],[70.4987,39.8819]]]}},{"type":"Feature","properties":{"name":"Armenia","ISO3166-1-Alpha-2":"AM"},"geometry":{"type":"MultiPolygon","coordinates":[[[[45.0024,41.2905],[45.9792,40.2236],[45.5794,39.9702],[46.5243,39.5546],[46.514,38.8822],[46.1359,38.8637],[45.7655,39.5616],[43.6654,40.1102],[43.4404,41.1066],[45.0024,41.2905]],[[44.9795,41.082],[44.9669,41.0448],[45.0157,41.0232],[44.9795,41.082]]],[[[45.5137,40.602],[45.4793,40.6502],[45.5607,40.6476],[45.5137,40.602]]]]}},{"type":"Feature","properties":{"name":"Denmark","ISO3166-1-Alpha-2":"DK"},"geometry":{"type":"MultiPolygon","coordinates":[[[[8.6608,54.8963],[8.6177,55.4379],[8.0952,55.5491],[8.1278,55.9876],[8.3933,55.9092],[8.1079,56.0243],[8.1787,56.6721],[8.7266,56.4832],[9.0632,56.8126],[9.3262,56.5303],[9.2002,56.9389],[9.9158,57.0586],[8.6795,56.9525],[8.5596,56.593],[8.2479,56.8124],[10.6489,57.737],[10.3472,57.0102],[9.9269,57.0586],[10.3406,56.7174],[9.8059,56.6402],[10.3342,56.7038],[10.1834,56.4695],[10.9116,56.3341],[9.5564,55.7116],[9.8538,55.6267],[9.4981,55.4894],[9.7103,55.2487],[9.4343,55.0375],[9.7459,54.836],[8.6608,54.8963]]],[[[10.4502,54.8998],[10.5186,54.852],[10.3835,54.8308],[10.1892,54.9775],[10.426,54.8725],[10.4502,54.8998]]],[[[10.855,55.0438],[10.9343,55.1597],[10.9089,55.0302],[10.6939,54.7353],[10.6011,54.8383],[10.7245,54.8862],[10.697,54.9313],[10.855,55.0438]]],[[[15.1514,55.1332],[15.0727,54.9916],[14.6842,55.1013],[14.7609,55.3093],[15.1514,55.1332]]],[[[8.4764,55.3454],[8.4024,55.38],[8.3744,55.4633],[8.4634,55.4274],[8.4764,55.3454]]],[[[10.6663,55.0643],[10.0659,55.0922],[9.6763,55.4957],[10.6276,55.6136],[10.6663,55.0643]]],[[[12.6157,55.6881],[12.6746,55.6013],[12.5563,55.5505],[12.5202,55.6192],[12.6157,55.6881]]],[[[12.0404,54.893],[11.9491,54.5686],[11.807,55.1469],[11.261,55.2006],[10.8755,55.7427],[11.7683,55.9705],[11.6078,55.783],[11.9347,55.9337],[12.0603,55.654],[11.8656,55.9727],[12.6219,56.0438],[12.0404,54.893]]],[[[11.5122,56.6955],[11.6494,56.7296],[11.5811,56.6812],[11.5122,56.6955]]],[[[8.8259,56.7438],[8.5147,56.7382],[8.9163,56.9791],[8.8259,56.7438]]],[[[11.1423,57.3323],[11.1891,57.2943],[11.0666,57.2913],[11.0911,57.2528],[11.0288,57.2019],[10.855,57.2646],[11.1423,57.3323]]]]}},{"type":"Feature","properties":{"name":"Libya","ISO3166-1-Alpha-2":"LY"},"geometry":{"type":"Polygon","coordinates":[[[11.5051,33.1812],[15.182,32.3955],[15.7615,31.3881],[17.8486,30.9237],[19.0568,30.2662],[20.0999,30.935],[20.0715,32.1764],[21.6232,32.9368],[23.1061,32.6398],[23.3122,32.1627],[25.0179,31.949],[24.6883,30.1442],[24.9812,29.1814],[24.9768,19.996],[23.9813,19.9954],[23.9813,19.4961],[15.9851,23.4447],[14.2162,22.6163],[13.4823,23.1797],[11.9689,23.5174],[11.5086,24.3138],[10.2603,24.5766],[9.3778,26.1689],[9.8546,26.5244],[9.9359,27.8667],[9.8261,29.1285],[9.2865,30.1171],[10.1922,30.7313],[10.264,31.6805],[11.5464,32.4343],[11.5051,33.1812]]]}},{"type":"Feature","properties":{"name":"Tunisia","ISO3166-1-Alpha-2":"TN"},"geometry":{"type":"MultiPolygon","coordinates":[[[[11.5051,33.1812],[11.5464,32.4343],[10.264,31.6805],[10.2539,30.8418],[9.5197,30.2289],[9.045,32.0718],[8.3313,32.5276],[7.4849,33.855],[8.2365,34.6477],[8.4313,35.2417],[8.1699,36.5258],[8.6025,36.9395],[9.7446,37.3452],[10.2721,37.1785],[10.3553,36.7312],[11.051,37.0803],[10.4747,36.1125],[11.1592,35.2188],[10.0052,34.1706],[10.3303,33.7028],[11.0428,33.6179],[11.1795,33.2111],[11.5051,33.1812]]],[[[10.9915,33.8417],[11.0603,33.8007],[10.8878,33.6401],[10.8262,33.7298],[10.7402,33.7155],[10.736,33.8848],[10.9299,33.8963],[10.9915,33.8417]]],[[[10.9641,34.6567],[11.1108,34.6595],[11.0557,34.621],[10.9641,34.6567]]],[[[11.2658,34.7734],[11.297,34.7287],[11.1307,34.6633],[11.2543,34.8258],[11.3042,34.8053],[11.2658,34.7734]]]]}},{"type":"Feature","properties":{"name":"Romania","ISO3166-1-Alpha-2":"RO"},"geometry":{"type":"Polygon","coordinates":[[[22.8776,47.9467],[24.8966,47.7101],[26.9381,48.2048],[28.2341,46.6624],[28.0621,45.5936],[28.7101,45.227],[29.5697,45.395],[29.6178,44.8615],[29.0007,44.6889],[29.1106,44.97],[28.8694,44.9433],[28.5784,43.7413],[27.0275,44.177],[25.4031,43.6501],[22.8888,43.8395],[23.031,44.0931],[22.477,44.464],[22.7652,44.5828],[21.3959,44.7902],[21.4933,45.1451],[20.2428,46.1081],[21.1445,46.2837],[22.0079,47.5174],[22.8776,47.9467]]]}},{"type":"Feature","properties":{"name":"Hungary","ISO3166-1-Alpha-2":"HU"},"geometry":{"type":"Polygon","coordinates":[[[22.8776,47.9467],[22.0079,47.5174],[21.0515,46.2361],[19.5499,46.1642],[18.4044,45.7418],[17.3453,45.9557],[16.094,46.8628],[16.4864,46.9986],[16.6891,47.538],[16.4078,47.6613],[17.0754,47.7085],[17.1848,48.0203],[18.6928,47.778],[20.4817,48.5261],[21.4246,48.5613],[22.8776,47.9467]]]}},{"type":"Feature","properties":{"name":"Slovakia","ISO3166-1-Alpha-2":"SK"},"geometry":{"type":"Polygon","coordinates":[[[22.5396,49.0722],[22.0965,48.3794],[20.5105,48.5338],[18.6928,47.778],[17.742,47.7654],[16.8445,48.3656],[17.1675,48.8598],[19.4434,49.6018],[19.7859,49.1882],[21.2605,49.4494],[22.5396,49.0722]]]}},{"type":"Feature","properties":{"name":"Poland","ISO3166-1-Alpha-2":"PL"},"geometry":{"type":"Polygon","coordinates":[[[18.8332,49.5103],[18.5592,49.9072],[17.6328,50.1063],[17.708,50.311],[16.893,50.4329],[17.0148,50.2185],[16.6606,50.093],[16.1996,50.4063],[16.3316,50.644],[14.8104,50.8584],[15.0195,51.2717],[14.5858,51.8039],[14.6448,52.5769],[14.1239,52.8507],[14.4416,53.2518],[14.2639,53.7],[14.5906,53.5984],[14.6306,53.8515],[14.1753,53.9065],[18.1524,54.8383],[18.7517,54.6901],[18.4131,54.7319],[18.8859,54.3502],[22.8376,54.4009],[23.449,54.1549],[23.9225,52.7426],[23.1656,52.2894],[23.6375,52.0845],[23.5434,51.5927],[24.1077,50.5408],[22.6658,49.5674],[22.8553,48.994],[21.6012,49.4265],[20.0505,49.1732],[19.4573,49.5981],[18.8332,49.5103]]]}},{"type":"Feature","properties":{"name":"Ireland","ISO3166-1-Alpha-2":"IE"},"geometry":{"type":"MultiPolygon","coordinates":[[[[-7.2471,55.0693],[-8.1738,54.4617],[-6.1073,54.0136],[-6.3783,53.9349],[-5.9935,52.9574],[-6.4965,52.3643],[-6.347,52.1973],[-6.9974,52.2892],[-9.2238,51.4873],[-9.8202,51.4457],[-9.5602,51.7616],[-10.1561,51.5828],[-9.5807,51.8777],[-10.3411,51.7883],[-9.7582,52.152],[-10.4613,52.18],[-8.7512,52.673],[-9.9363,52.5567],[-8.8948,53.2209],[-10.1765,53.4127],[-9.5602,53.8651],[-9.9438,53.8794],[-10.1151,54.2351],[-8.5112,54.2077],[-8.6639,54.3593],[-8.1208,54.6466],[-8.7978,54.692],[-8.3257,54.8315],[-8.2785,55.1605],[-7.644,55.2728],[-7.6615,54.958],[-7.3844,55.3864],[-6.9396,55.2391],[-7.2471,55.0693]]],[[[-9.6627,53.2755],[-9.6583,53.2327],[-9.7104,53.2386],[-9.6627,53.2755]]],[[[-8.5249,55.0097],[-8.484,54.9755],[-8.5658,54.9755],[-8.5249,55.0097]]]]}},{"type":"Feature","properties":{"name":"United Kingdom","ISO3166-1-Alpha-2":"GB"},"geometry":{"type":"MultiPolygon","coordinates":[[[[-7.2471,55.0693],[-6.101,55.2124],[-5.6898,54.7931],[-5.9074,54.6056],[-5.4338,54.461],[-5.702,54.5777],[-5.553,54.2985],[-6.0405,54.0364],[-6.6306,54.0418],[-7.0178,54.4132],[-7.3103,54.1147],[-7.837,54.2043],[-8.1738,54.4617],[-7.2471,55.0693]]],[[[-2.6654,51.6173],[-3.5392,51.3985],[-5.3109,51.864],[-3.9473,52.5493],[-4.0776,52.9267],[-4.7628,52.7895],[-4.178,53.2176],[-2.6998,53.3518],[-3.1019,53.5581],[-2.796,54.2487],[-3.1454,54.0638],[-3.6342,54.5129],[-3.0218,54.9755],[-4.4029,54.9073],[-4.3824,54.6801],[-4.8591,54.8663],[-4.8591,54.633],[-5.1571,54.8791],[-4.6178,55.4956],[-4.8865,55.9197],[-4.4817,55.9283],[-4.8516,55.988],[-4.7555,56.2065],[-4.9831,55.871],[-5.3383,55.9966],[-4.9205,56.2778],[-5.4444,56.0276],[-5.3178,55.783],[-5.7829,55.3135],[-5.455,55.8458],[-5.7075,55.9426],[-5.5726,56.3281],[-4.9956,56.716],[-5.6741,56.4969],[-6.0082,56.6423],[-5.5437,56.6955],[-6.2345,56.7286],[-5.4004,57.1064],[-5.7293,57.2982],[-5.4481,57.4217],[-5.8078,57.3549],[-5.8392,57.5793],[-5.5127,57.5415],[-5.8112,57.8332],[-5.0708,57.8332],[-5.447,58.0844],[-4.9336,58.223],[-5.1732,58.3539],[-4.9882,58.6283],[-3.0191,58.6403],[-4.0093,57.8679],[-4.3924,57.9083],[-3.7794,57.8557],[-4.2489,57.4975],[-1.8295,57.6135],[-2.5146,56.5915],[-3.3235,56.3659],[-2.5768,56.2778],[-3.8375,56.1064],[-2.138,55.9146],[-1.6308,55.5851],[-1.2037,54.6257],[-0.0755,54.1121],[0.1312,53.5734],[-0.7265,53.7006],[0.2195,53.4195],[0.3566,53.1457],[0.0103,52.8865],[1.2747,52.9292],[1.7472,52.6252],[1.5823,52.0815],[0.3845,51.4531],[1.4238,51.3921],[1.3845,51.1517],[0.271,50.7474],[-1.4664,50.9182],[-2.4534,50.5277],[-3.4644,50.6785],[-3.6606,50.221],[-4.2006,50.4594],[-5.1912,49.9591],[-5.7051,50.0523],[-4.2285,51.1925],[-3.0218,51.1925],[-2.6654,51.6173]]],[[[-0.9599,50.8083],[-0.9388,50.781],[-1.0207,50.7884],[-0.9599,50.8083]]],[[[0.9115,51.4122],[0.9421,51.383],[0.9115,51.3644],[0.7339,51.4122],[0.7669,51.4479],[0.9115,51.4122]]],[[[-4.5773,53.272],[-4.5819,53.242],[-4.694,53.3096],[-4.6263,53.3209],[-4.5773,53.272]]],[[[-4.0981,53.3096],[-4.4066,53.1306],[-4.571,53.3928],[-4.0981,53.3096]]],[[[-6.2364,55.3113],[-6.1719,55.2932],[-6.1948,55.2629],[-6.2836,55.2971],[-6.2364,55.3113]]],[[[-5.0298,55.7495],[-5.1156,55.7844],[-5.1995,55.9111],[-5.0809,55.8796],[-5.0298,55.7495]]],[[[-6.0304,55.7291],[-6.5035,55.6813],[-6.1401,55.9414],[-6.0304,55.7291]]],[[[-6.2057,56.1027],[-6.138,56.1247],[-6.1743,56.0438],[-6.2699,56.0375],[-6.2057,56.1027]]],[[[-5.6331,56.2635],[-5.6374,56.1893],[-5.6667,56.2225],[-5.6331,56.2635]]],[[[-5.6331,56.3188],[-5.5846,56.3256],[-5.6217,56.2761],[-5.6331,56.3188]]],[[[-6.8186,56.5378],[-6.7292,56.5303],[-6.8816,56.4443],[-6.9899,56.5036],[-6.8186,56.5378]]],[[[-5.6883,56.4348],[-6.3661,56.3222],[-6.0208,56.382],[-6.3382,56.5521],[-6.1513,56.6518],[-5.6883,56.4348]]],[[[-6.4592,56.6781],[-6.6163,56.5752],[-6.7019,56.5856],[-6.4592,56.6781]]],[[[-7.394,57.0102],[-7.3735,56.9829],[-7.4453,56.9471],[-7.5568,56.9531],[-7.4492,57.0586],[-7.394,57.0102]]],[[[-6.3252,57.0586],[-6.2432,57.0102],[-6.276,56.9531],[-6.4555,57.004],[-6.3252,57.0586]]],[[[-5.9586,57.2845],[-6.0139,57.3175],[-5.9294,57.3072],[-5.9586,57.2845]]],[[[-7.2636,57.4831],[-7.2021,57.4626],[-7.2636,57.449],[-7.2054,57.4186],[-7.4076,57.4456],[-7.3696,57.4893],[-7.2636,57.4831]]],[[[-6.0644,57.3466],[-6.0691,57.4361],[-5.9933,57.507],[-5.9895,57.3473],[-6.0644,57.3466]]],[[[-6.5641,57.3466],[-6.7838,57.4564],[-6.3109,57.4626],[-6.3109,57.7028],[-6.1539,57.3056],[-5.6474,57.2646],[-6.0067,57.0284],[-5.8454,57.1883],[-6.5641,57.3466]]],[[[-7.2226,57.7097],[-7.1802,57.7347],[-7.1612,57.737],[-7.152,57.7263],[-7.17,57.7152],[-7.199,57.708],[-7.2226,57.7097]]],[[[-8.621,57.8332],[-8.6053,57.8264],[-8.5691,57.8237],[-8.5522,57.8189],[-8.569,57.8076],[-8.5909,57.8048],[-8.6107,57.8127],[-8.621,57.8332]]],[[[-6.8733,58.2168],[-6.88,58.2578],[-6.7912,58.2099],[-6.8733,58.2168]]],[[[-6.9551,57.7438],[-7.1128,58.182],[-6.2231,58.4992],[-6.16,58.2168],[-6.9551,57.7438]]],[[[-2.953,58.84],[-2.8837,58.8322],[-2.9399,58.7307],[-3.0157,58.8126],[-2.9672,58.8201],[-3.0356,58.8201],[-2.953,58.84]]],[[[-3.2484,58.7922],[-3.1317,58.8065],[-3.2993,58.7791],[-3.4333,58.885],[-3.3494,58.9285],[-3.2461,58.8962],[-3.1727,58.8201],[-3.2484,58.7922]]],[[[-2.542,59.1206],[-2.5326,59.0836],[-2.6861,59.0892],[-2.6178,59.128],[-2.6655,59.1552],[-2.542,59.1206]]],[[[-3.0048,59.128],[-3.1204,59.1766],[-2.953,59.1832],[-3.0048,59.128]]],[[[-2.8301,59.1968],[-2.7611,59.2521],[-2.7345,59.1484],[-2.8301,59.1968]]],[[[-3.0492,59.3198],[-2.9652,59.3609],[-2.9878,59.3198],[-2.8301,59.2521],[-2.8854,59.2304],[-2.871,59.2583],[-3.0082,59.2713],[-3.0492,59.3198]]],[[[-0.7846,60.6151],[-0.7607,60.5878],[-0.8562,60.5673],[-0.9388,60.6287],[-0.7846,60.6151]]],[[[-1.097,60.4165],[-1.2746,59.8542],[-1.2677,60.2452],[-1.6902,60.2851],[-1.2604,60.355],[-1.6094,60.4833],[-1.3014,60.6431],[-1.3702,60.4022],[-1.097,60.4165]]],[[[-6.2988,49.9355],[-6.2922,49.9321],[-6.2842,49.9228],[-6.2875,49.914],[-6.2973,49.9096],[-6.3092,49.9136],[-6.3074,49.9274],[-6.2988,49.9355]]],[[[-1.3151,60.0937],[-1.3679,60.0448],[-1.3457,60.109],[-1.3151,60.0937]]],[[[-2.0532,60.1555],[-2.063,60.118],[-2.1123,60.138],[-2.0532,60.1555]]],[[[-1.0629,60.164],[-1.0839,60.1052],[-1.1349,60.1787],[-1.0629,60.164]]]]}},{"type":"Feature","properties":{"name":"Greece","ISO3166-1-Alpha-2":"GR"},"geometry":{"type":"MultiPolygon","coordinates":[[[[20.9653,40.8494],[24.2333,41.5618],[25.2857,41.2394],[26.1209,41.3578],[26.2262,41.7497],[26.6364,41.3996],[26.0816,40.7356],[25.1384,41.0101],[23.7317,40.7519],[24.3938,40.1525],[23.7305,40.359],[23.9912,39.9536],[23.4385,40.2792],[23.7479,39.9305],[23.3606,39.9611],[22.9105,40.6446],[22.5791,40.4682],[22.5713,40.0543],[23.3438,39.1796],[22.9359,39.3606],[23.0731,39.0363],[22.5251,38.8581],[24.0806,38.166],[24.0327,37.6515],[23.5746,38.0468],[22.9951,37.8821],[23.5256,37.4392],[22.7264,37.5664],[23.1961,36.4325],[22.6856,36.8095],[22.491,36.3909],[22.1532,37.0212],[21.7074,36.818],[21.6748,37.396],[21.1062,37.8781],[21.8495,38.3413],[22.8672,37.9395],[23.2234,38.1592],[22.4016,38.4534],[21.1556,38.3039],[20.7293,38.8098],[21.1599,38.9977],[20.7351,38.9501],[19.9998,39.6935],[20.6476,40.094],[20.9653,40.8494]]],[[[24.1284,34.8553],[24.1353,34.815],[24.0464,34.8491],[24.1284,34.8553]]],[[[26.9761,35.4313],[27.012,35.4377],[27.0071,35.3978],[26.8484,35.3724],[26.9761,35.4313]]],[[[26.3211,35.3153],[26.1472,35.0023],[25.0191,34.9316],[23.5182,35.2941],[23.7415,35.687],[24.3401,35.3483],[25.7664,35.3357],[25.7953,35.1151],[26.3211,35.3153]]],[[[23.0117,36.3083],[23.1039,36.2372],[23.052,36.1448],[22.9907,36.137],[22.9087,36.206],[22.8997,36.3282],[22.9446,36.3894],[23.0117,36.3083]]],[[[28.2398,36.4325],[27.7327,35.9151],[27.6843,36.1581],[28.2398,36.4325]]],[[[25.3821,36.4796],[25.4792,36.4244],[25.4651,36.3424],[25.3617,36.3568],[25.4368,36.3909],[25.3821,36.4796]]],[[[27.3968,36.4387],[27.4447,36.4045],[27.3779,36.382],[27.297,36.4652],[27.3968,36.4387]]],[[[26.3622,36.6379],[26.466,36.5827],[26.301,36.5133],[26.2615,36.5876],[26.4038,36.5895],[26.3622,36.6379]]],[[[27.8699,36.5895],[27.843,36.5279],[27.76,36.5759],[27.842,36.6447],[27.8153,36.61],[27.8699,36.6243],[27.8699,36.5895]]],[[[25.1463,36.7199],[25.1834,36.7062],[25.0674,36.6379],[25.1463,36.7199]]],[[[24.6423,36.7888],[24.6594,36.7506],[24.6082,36.7813],[24.6423,36.7888]]],[[[25.273,36.7199],[25.307,36.795],[25.4094,36.7124],[25.3732,36.6537],[25.273,36.7199]]],[[[24.6082,36.8359],[24.5728,36.7819],[24.5212,36.8174],[24.6082,36.8359]]],[[[26.0059,36.9389],[26.0731,36.8921],[25.8796,36.795],[25.739,36.795],[25.8455,36.8086],[25.8455,36.8496],[26.0059,36.9389]]],[[[25.0811,36.9526],[25.0259,37.0079],[25.0728,37.0422],[25.0811,36.9526]]],[[[24.7044,37.0351],[24.7658,36.9492],[24.7106,36.9042],[24.6423,37.0277],[24.7044,37.0351]]],[[[26.9116,36.9458],[26.9539,37.0279],[26.8898,37.0898],[27.0443,36.9962],[27.0404,36.9451],[26.9116,36.9458]]],[[[25.8074,37.1034],[25.7805,37.124],[25.8346,37.1376],[25.8074,37.1034]]],[[[25.2798,37.0488],[25.1885,36.9853],[25.1034,37.0129],[25.1501,37.1105],[25.2388,37.1518],[25.2933,37.1518],[25.2798,37.0488]]],[[[25.5261,37.1962],[25.5925,37.1425],[25.5808,37.0178],[25.4499,36.9184],[25.3418,37.083],[25.5261,37.1962]]],[[[24.4437,37.1785],[24.5205,37.2039],[24.5324,37.1301],[24.4225,37.124],[24.4437,37.1785]]],[[[23.1284,37.2884],[23.1624,37.2442],[23.0944,37.2747],[23.1284,37.2884]]],[[[24.3679,37.4119],[24.4362,37.487],[24.4827,37.4124],[24.3679,37.3095],[24.4021,37.3709],[24.3679,37.4119]]],[[[25.3952,37.4182],[25.307,37.4119],[25.3127,37.4882],[25.4629,37.47],[25.3952,37.4182]]],[[[24.9434,37.4355],[24.964,37.4018],[24.8818,37.3635],[24.8954,37.5104],[24.9481,37.4856],[24.9434,37.4355]]],[[[23.4773,37.5559],[23.5256,37.5218],[23.4363,37.5218],[23.4773,37.5559]]],[[[25.0913,37.5826],[24.9979,37.6379],[24.9979,37.6819],[25.2593,37.59],[25.216,37.5329],[25.0913,37.5826]]],[[[24.3748,37.6863],[24.3958,37.6247],[24.2754,37.5317],[24.2893,37.6453],[24.3748,37.6863]]],[[[26.3622,37.6863],[26.2306,37.5714],[25.9763,37.516],[26.0742,37.6379],[26.3622,37.6863]]],[[[23.5462,37.7744],[23.4841,37.6789],[23.4245,37.7618],[23.5462,37.7744]]],[[[20.9014,37.7924],[20.9963,37.6993],[20.8939,37.7335],[20.8151,37.6515],[20.6195,37.8644],[20.709,37.9252],[20.7525,37.8549],[20.9014,37.7924]]],[[[23.4084,37.8986],[23.4977,37.9669],[23.4295,37.9879],[23.5182,37.9991],[23.5735,37.9525],[23.5182,37.8986],[23.4084,37.8986]]],[[[20.7336,38.0624],[20.3454,38.1821],[20.5378,38.4739],[20.7336,38.0624]]],[[[20.9411,38.6042],[20.9193,38.5791],[20.9094,38.5629],[20.9076,38.549],[20.8939,38.549],[20.8939,38.5565],[20.9321,38.603],[20.9411,38.6042]]],[[[26.1636,38.5428],[25.8898,38.2206],[25.8489,38.5804],[26.1636,38.5428]]],[[[25.5889,38.6117],[25.6228,38.5791],[25.5608,38.5353],[25.5232,38.5974],[25.5889,38.6117]]],[[[20.5855,38.6179],[20.5446,38.5695],[20.5855,38.7446],[20.6863,38.8501],[20.7293,38.7817],[20.716,38.627],[20.6476,38.5838],[20.5855,38.6179]]],[[[24.5877,38.1592],[24.3718,37.9719],[24.0422,38.4015],[22.8338,38.8454],[23.2991,39.0425],[24.5877,38.1592]]],[[[23.4363,39.1461],[23.3987,39.1636],[23.4705,39.2138],[23.5129,39.1785],[23.4363,39.1461]]],[[[23.6697,39.1181],[23.6013,39.2138],[23.7927,39.1244],[23.7168,39.0772],[23.6697,39.1181]]],[[[23.9365,39.2213],[23.8335,39.1461],[23.9398,39.2798],[23.9722,39.2719],[23.9365,39.2213]]],[[[26.6123,39.0493],[25.8421,39.228],[26.3622,39.3789],[26.6123,39.0493]]],[[[25.0122,39.5639],[25.0474,39.5454],[24.9849,39.467],[25.0122,39.5639]]],[[[20.0921,39.4335],[19.6265,39.7482],[19.948,39.7904],[20.0921,39.4335]]],[[[25.6907,40.4477],[25.5671,40.3999],[25.4435,40.4819],[25.5759,40.5147],[25.6907,40.4477]]],[[[24.7864,40.7351],[24.7801,40.6122],[24.6423,40.5706],[24.5168,40.6391],[24.5334,40.7182],[24.6423,40.8039],[24.7864,40.7351]]],[[[23.8843,36.8436],[23.8875,36.8386],[23.889,36.8343],[23.8843,36.8323],[23.877,36.8365],[23.8767,36.8437],[23.8843,36.8436]]],[[[27.5657,36.2449],[27.6187,36.2281],[27.5315,36.2117],[27.5657,36.2449]]],[[[27.1858,36.6157],[27.198,36.5683],[27.1297,36.5695],[27.1858,36.6157]]],[[[26.8718,37.1341],[26.8499,37.0985],[26.7727,37.1827],[26.8498,37.1873],[26.8718,37.1341]]],[[[26.5988,37.3554],[26.5464,37.2772],[26.5364,37.3727],[26.5988,37.3554]]],[[[20.801,38.6653],[20.7596,38.6274],[20.8001,38.5954],[20.737,38.6522],[20.801,38.6653]]],[[[24.0813,39.3524],[24.0632,39.297],[24.0449,39.3415],[24.0813,39.3524]]]]}},{"type":"Feature","properties":{"name":"Zambia","ISO3166-1-Alpha-2":"ZM"},"geometry":{"type":"Polygon","coordinates":[[[32.9209,-9.4079],[33.6742,-10.577],[33.2326,-10.8833],[33.2527,-12.1395],[33.5271,-12.3556],[33.0248,-12.6127],[32.6633,-13.5963],[33.2027,-14.0139],[30.2145,-14.9815],[30.4104,-15.6304],[28.9324,-15.9637],[28.7611,-16.5323],[27.8169,-16.9596],[26.7,-18.0692],[24.6844,-17.4924],[23.3817,-17.6411],[22.1081,-16.5439],[21.9799,-13.0015],[24.0006,-13.0015],[23.9675,-10.8723],[24.4465,-11.4636],[25.3103,-11.1948],[25.3449,-11.6422],[25.9811,-11.903],[26.7174,-12.013],[27.1801,-11.5696],[27.6382,-12.2936],[28.4227,-12.5213],[28.994,-13.3959],[29.5744,-13.2254],[29.7672,-13.4584],[29.7993,-12.1541],[29.4997,-12.4531],[29.0351,-12.3789],[28.3557,-11.5182],[28.6985,-9.792],[28.3525,-9.272],[28.8892,-8.4831],[30.7521,-8.1941],[31.0336,-8.6003],[32.9209,-9.4079]]]}},{"type":"Feature","properties":{"name":"Sierra Leone","ISO3166-1-Alpha-2":"SL"},"geometry":{"type":"MultiPolygon","coordinates":[[[[-10.2822,8.4846],[-11.4762,6.9194],[-12.9379,7.8864],[-13.2868,8.5002],[-13.0336,8.3767],[-12.8759,8.6852],[-13.1624,8.5176],[-13.2402,8.8258],[-12.9857,8.8571],[-13.3011,9.0415],[-12.4723,9.8813],[-11.2473,9.9934],[-10.5941,9.0541],[-10.7353,8.2873],[-10.2822,8.4846]]],[[[-12.493,7.568],[-12.5497,7.3896],[-12.6055,7.4787],[-12.9517,7.5754],[-12.6214,7.6397],[-12.493,7.568]]]]}},{"type":"Feature","properties":{"name":"Guinea","ISO3166-1-Alpha-2":"GN"},"geometry":{"type":"Polygon","coordinates":[[[-13.3011,9.0415],[-13.4867,9.5691],[-13.7262,9.5111],[-13.6853,9.9465],[-14.6578,10.4796],[-14.5002,10.8911],[-14.6998,10.6431],[-14.6852,11.0637],[-15.0795,10.8587],[-14.7111,11.4976],[-13.7299,11.7098],[-13.9725,12.1516],[-13.7283,12.6734],[-12.3609,12.3056],[-11.4816,12.4282],[-11.3347,12.0262],[-10.9521,12.2195],[-10.7114,11.8904],[-10.2669,12.2178],[-9.723,12.0254],[-9.2659,12.4952],[-8.3753,11.3677],[-8.7007,10.9785],[-8.3266,11.0238],[-7.9712,10.2818],[-8.1576,9.5309],[-7.8654,9.4099],[-7.9689,8.8128],[-7.6624,8.3749],[-8.2489,8.4536],[-7.9626,8.0152],[-8.2002,7.5763],[-8.6866,7.6944],[-9.1254,7.1902],[-9.4907,7.376],[-9.3555,7.7419],[-9.7736,8.563],[-10.7353,8.2873],[-10.4819,8.6725],[-11.1996,9.9822],[-12.4723,9.8813],[-13.3011,9.0415]]]}},{"type":"Feature","properties":{"name":"Liberia","ISO3166-1-Alpha-2":"LR"},"geometry":{"type":"Polygon","coordinates":[[[-11.4762,6.9194],[-10.2822,8.4846],[-9.7736,8.563],[-9.3555,7.7419],[-9.4907,7.376],[-8.9122,7.2502],[-8.5674,7.6882],[-8.2841,7.0179],[-8.6187,6.4928],[-7.4465,5.8459],[-7.5407,4.3528],[-9.105,5.0316],[-11.4762,6.9194]]]}},{"type":"Feature","properties":{"name":"Central African Republic","ISO3166-1-Alpha-2":"CF"},"geometry":{"type":"Polygon","coordinates":[[[22.8611,10.9192],[23.6448,9.8631],[23.5053,8.7107],[24.2177,8.6915],[24.1529,8.3179],[25.2169,7.8641],[25.1904,7.5012],[26.378,6.6533],[26.4248,6.0724],[27.1238,5.7687],[27.4413,5.0707],[25.5437,5.3753],[25.3076,5.0323],[24.3964,5.1223],[23.4145,4.5908],[22.8984,4.8236],[22.3033,4.1287],[20.5803,4.415],[19.409,5.1304],[18.5419,4.3279],[18.6264,3.4769],[17.4589,3.7083],[16.6394,3.5286],[16.1797,2.247],[16.0554,2.9398],[15.0849,3.8858],[14.5199,5.2906],[14.3873,6.039],[15.2239,7.2475],[16.5487,7.87],[16.7824,7.5411],[18.5893,8.0479],[19.1241,8.6751],[19.0219,8.9852],[20.4352,9.1381],[21.7188,10.2966],[21.7226,10.6367],[22.8611,10.9192]]]}},{"type":"Feature","properties":{"name":"Sudan","ISO3166-1-Alpha-2":"SD"},"geometry":{"type":"MultiPolygon","coordinates":[[[[22.8611,10.9192],[22.4457,12.6111],[21.8094,12.7937],[22.2676,13.3346],[22.075,13.7803],[22.5464,14.1397],[22.3635,14.5435],[22.958,15.2016],[22.9067,15.5414],[23.9844,15.7212],[23.9813,19.9954],[24.9805,20.0021],[24.9812,21.9954],[31.2484,21.9944],[31.4233,22.227],[31.4355,21.9954],[33.1811,21.9954],[33.5609,21.7091],[34.0842,21.9955],[36.8836,21.9957],[37.313,21.0577],[37.0864,21.0406],[37.4343,18.8617],[38.6039,18.0139],[37.4034,17.0299],[36.9735,17.0625],[36.1236,12.7214],[35.6877,12.6592],[35.0727,11.8189],[34.8385,10.7291],[34.5748,10.8841],[34.2795,10.5655],[34.0707,9.4546],[33.917,10.1745],[33.14,10.739],[33.2092,12.2104],[32.0822,11.9998],[32.4307,11.0822],[31.1644,9.764],[30.013,10.2705],[28.8438,9.3245],[28.0451,9.3314],[27.8951,9.5954],[26.6257,9.4807],[25.8285,10.4195],[25.077,10.2869],[24.5584,8.8867],[24.114,8.6816],[23.4901,8.7326],[23.6448,9.8631],[22.8611,10.9192]]]]}},{"type":"Feature","properties":{"name":"Djibouti","ISO3166-1-Alpha-2":"DJ"},"geometry":{"type":"Polygon","coordinates":[[[43.2407,11.4879],[42.8733,10.9782],[41.7613,10.9962],[41.7924,11.7045],[42.4309,12.5203],[42.6783,12.36],[43.1177,12.7079],[43.3294,12.4888],[43.3771,12.0048],[42.5151,11.5741],[43.2407,11.4879]]]}},{"type":"Feature","properties":{"name":"Eritrea","ISO3166-1-Alpha-2":"ER"},"geometry":{"type":"MultiPolygon","coordinates":[[[[43.1177,12.7079],[42.3795,12.4659],[40.8332,14.106],[40.1046,14.466],[39.0097,14.6512],[38.4268,14.4172],[37.8915,14.8795],[37.5537,14.1055],[37.2938,14.4574],[36.5264,14.2635],[36.4251,15.1334],[36.9735,17.0625],[37.4034,17.0299],[38.6016,18.0048],[39.7156,15.0941],[39.8753,15.5041],[40.1594,14.9822],[41.1675,14.6369],[43.1177,12.7079]]],[[[40.3864,15.6413],[39.9789,15.6065],[39.9509,15.8939],[40.3864,15.6413]]],[[[40.0954,16.0473],[40.1145,15.9859],[39.99,16.0177],[40.0505,16.1072],[40.0954,16.0473]]]]}},{"type":"Feature","properties":{"name":"Austria","ISO3166-1-Alpha-2":"AT"},"geometry":{"type":"Polygon","coordinates":[[[16.945,48.6042],[17.0754,47.7085],[16.4078,47.6613],[16.6891,47.538],[16.4864,46.9986],[14.5403,46.3786],[12.405,46.6901],[12.1806,47.0852],[10.1113,46.8471],[9.5212,47.2628],[9.7821,47.5884],[10.1599,47.2711],[10.4292,47.577],[11.237,47.394],[12.2422,47.732],[13.0019,47.466],[12.745,48.1206],[13.8157,48.7664],[14.6756,48.5762],[14.9821,49.0079],[16.945,48.6042]]]}},{"type":"Feature","properties":{"name":"Iraq","ISO3166-1-Alpha-2":"IQ"},"geometry":{"type":"Polygon","coordinates":[[[44.7661,37.1419],[45.3203,35.994],[46.3271,35.8035],[46.0038,35.6743],[46.1511,35.1116],[45.5007,34.5917],[45.3804,33.9736],[46.1553,33.2602],[46.097,32.9543],[47.4108,32.3953],[47.8345,31.8057],[47.6729,30.9947],[48.0122,30.9891],[48.0136,30.4639],[48.5593,29.9466],[47.1971,30.0342],[46.5324,29.0957],[44.6918,29.2018],[42.0754,31.0799],[40.4241,31.9205],[39.1464,32.1181],[38.7745,33.3717],[40.9653,34.4019],[41.277,36.3548],[42.7157,37.3553],[44.088,37.3112],[44.2848,36.9692],[44.7661,37.1419]]]}},{"type":"Feature","properties":{"name":"Italy","ISO3166-1-Alpha-2":"IT"},"geometry":{"type":"MultiPolygon","coordinates":[[[[7.0221,45.9253],[7.8437,45.9192],[8.3992,46.4522],[9.0024,45.8207],[9.2823,46.4974],[10.0757,46.22],[10.4538,46.8644],[12.1806,47.0852],[12.405,46.6901],[13.701,46.5197],[13.3653,46.2903],[13.8478,45.5847],[13.1193,45.772],[12.1545,45.3135],[12.5339,44.97],[12.2664,44.8266],[12.3688,44.2507],[13.6156,43.5605],[14.0754,42.5988],[14.7407,42.0846],[16.1405,41.9199],[15.9611,41.4595],[18.007,40.6507],[18.5161,40.1392],[18.3892,39.8171],[16.9761,40.4926],[16.4898,39.7752],[17.1587,39.4062],[17.1724,38.9605],[16.5856,38.7978],[16.0772,37.9399],[15.6844,37.9535],[15.8366,38.649],[16.2217,38.8566],[15.6243,40.0778],[15.2612,40.0294],[14.782,40.6699],[14.3426,40.5706],[14.4741,40.7297],[13.7219,41.2524],[13.0446,41.2275],[11.1066,42.3913],[10.4995,42.9405],[10.0906,44.0254],[8.7624,44.4321],[7.5023,43.7922],[7.6556,44.1761],[6.9734,44.2494],[7.0049,44.828],[6.6027,45.1035],[7.1084,45.2592],[6.782,45.7775],[7.0221,45.9253]],[[12.4294,43.8921],[12.4822,43.9826],[12.3957,43.9484],[12.4294,43.8921]],[[12.4531,41.9028],[12.454,41.9028],[12.454,41.9039],[12.453,41.9039],[12.4528,41.9034],[12.4527,41.903],[12.4531,41.9028]]],[[[11.9995,36.8359],[12.0515,36.7904],[12.0306,36.7414],[11.925,36.812],[11.9995,36.8359]]],[[[15.5287,38.3026],[15.0916,37.4775],[15.3324,37.0116],[15.0939,36.6549],[12.427,37.797],[12.7318,38.1928],[13.7908,37.9736],[15.5287,38.3026]]],[[[14.9077,38.4739],[14.9248,38.5224],[14.9793,38.4875],[14.9663,38.4534],[14.9077,38.4739]]],[[[14.8633,38.549],[14.7938,38.5716],[14.867,38.5811],[14.8633,38.549]]],[[[8.4559,39.0736],[8.4098,38.9618],[8.346,39.0977],[8.4559,39.0736]]],[[[8.3058,39.1933],[8.3058,39.1046],[8.2547,39.1071],[8.23,39.1728],[8.3058,39.1933]]],[[[13.9447,40.7016],[13.8491,40.7153],[13.8628,40.7624],[13.9658,40.7351],[13.9447,40.7016]]],[[[8.2747,41.0573],[8.2096,40.9958],[8.2778,41.1057],[8.3262,41.1261],[8.3324,41.0646],[8.2747,41.0573]]],[[[9.7922,40.557],[9.5664,39.1492],[9.0139,39.2639],[8.641,38.8643],[8.193,40.9638],[8.5205,40.827],[9.2306,41.2626],[9.7922,40.557]]],[[[10.8958,42.3867],[10.9233,42.3187],[10.8618,42.3663],[10.8958,42.3867]]],[[[12.3521,45.4055],[12.3215,45.348],[12.3762,45.4226],[12.4309,45.4157],[12.3521,45.4055]]],[[[14.3464,38.5351],[14.3428,38.5473],[14.3572,38.5512],[14.3608,38.539],[14.3464,38.5351]]],[[[13.419,40.7956],[13.4242,40.8002],[13.432,40.8015],[13.4269,40.7908],[13.4147,40.7859],[13.419,40.7956]]],[[[9.4309,41.2248],[9.3731,41.2299],[9.4142,41.2624],[9.4309,41.2248]]],[[[10.297,42.3449],[10.3064,42.3515],[10.3159,42.3408],[10.3132,42.3239],[10.2944,42.328],[10.297,42.3449]]]]}},{"type":"Feature","properties":{"name":"Switzerland","ISO3166-1-Alpha-2":"CH"},"geometry":{"type":"Polygon","coordinates":[[[10.4538,46.8644],[10.444,46.5377],[10.0328,46.533],[10.1179,46.2311],[9.2632,46.4851],[9.0024,45.8207],[8.3992,46.4522],[7.8312,45.9145],[7.0669,45.8902],[6.6137,46.4559],[5.9588,46.1305],[6.9733,47.4891],[8.5607,47.5894],[8.5582,47.8012],[9.6503,47.4521],[9.477,47.0639],[10.4538,46.8644]]]}},{"type":"Feature","properties":{"name":"Iran","ISO3166-1-Alpha-2":"IR"},"geometry":{"type":"MultiPolygon","coordinates":[[[[44.807,39.6399],[45.4386,39.0042],[46.1261,38.8627],[47.9714,39.7046],[48.3389,39.3789],[47.9931,38.8501],[48.8743,38.4341],[49.1325,37.6234],[51.909,36.5827],[54.0143,36.8211],[53.9137,37.3428],[54.654,37.4389],[55.1303,37.9523],[57.1749,38.2776],[57.3524,37.9675],[59.3123,37.5303],[60.3423,36.6371],[61.1658,36.6363],[61.29,35.5481],[60.6997,34.5164],[60.8905,34.3189],[60.4928,34.139],[60.5118,33.6384],[60.9209,33.5141],[60.5629,33.0583],[60.8217,31.4947],[61.6869,31.3732],[61.8264,31.015],[60.8444,29.8582],[61.8928,28.5426],[62.7615,28.2464],[62.7424,27.2668],[63.3196,27.1173],[63.1638,26.6451],[61.8329,26.2254],[61.4117,25.0594],[60.5497,25.4469],[58.0731,25.5636],[57.3115,25.7841],[56.8088,27.1396],[56.1237,27.1606],[54.791,26.4958],[53.7161,26.7086],[52.4596,27.6326],[51.3999,27.9317],[50.0734,30.1957],[49.5322,30.0229],[48.9815,30.5156],[48.9153,30.0422],[48.4643,29.9891],[48.0136,30.4639],[48.0122,30.9891],[47.6729,30.9947],[47.8345,31.8057],[47.4108,32.3953],[46.097,32.9543],[46.1553,33.2602],[45.3804,33.9736],[45.5007,34.5917],[46.1511,35.1116],[46.0038,35.6743],[46.3271,35.8035],[45.3203,35.994],[44.5961,37.7164],[44.2021,37.8972],[44.4588,38.3383],[44.0149,39.3741],[44.807,39.6399]]],[[[54.5264,26.3096],[54.521,26.251],[54.4881,26.298],[54.5264,26.3096]]],[[[54.0369,26.4884],[53.9028,26.5362],[54.0188,26.5556],[54.0369,26.4884]]],[[[53.3171,26.8],[53.1494,26.8479],[53.3374,26.8287],[53.382,26.8031],[53.3171,26.8]]],[[[56.473,27.106],[56.5047,27.0617],[56.4346,27.0548],[56.473,27.106]]],[[[53.6394,26.6888],[53.6463,26.6572],[53.6012,26.6796],[53.6394,26.6888]]]]}},{"type":"Feature","properties":{"name":"Netherlands","ISO3166-1-Alpha-2":"NL"},"geometry":{"type":"MultiPolygon","coordinates":[[[[7.1946,53.245],[7.0367,52.6474],[6.6717,52.5417],[7.0482,52.3651],[6.8107,51.9606],[5.9315,51.8156],[6.2053,51.4584],[5.8525,51.0428],[5.9949,50.7499],[5.6245,50.8303],[5.8291,51.1565],[5.0275,51.4768],[3.451,51.5297],[4.2832,51.4477],[3.8623,51.8161],[4.7455,52.9676],[5.9808,53.4061],[7.1946,53.245]]],[[[-68.2115,12.2281],[-68.2542,12.0236],[-68.3026,12.2029],[-68.4174,12.257],[-68.3766,12.31],[-68.2115,12.2281]]],[[[4.0366,51.6859],[4.0994,51.6541],[3.978,51.6233],[3.8093,51.6995],[3.6867,51.6927],[3.8142,51.7482],[3.9618,51.7381],[4.0366,51.6859]]],[[[4.8926,53.111],[4.7957,53.0003],[4.7077,53.0285],[4.8543,53.1877],[4.8926,53.111]]],[[[5.4236,53.4304],[5.5853,53.4536],[5.4686,53.4085],[5.1677,53.3682],[5.4236,53.4304]]],[[[5.674,53.4679],[5.9546,53.4611],[5.679,53.4301],[5.6361,53.4487],[5.674,53.4679]]],[[[6.2118,53.5089],[6.3387,53.502],[6.1333,53.4536],[6.2118,53.5089]]],[[[-63.2384,17.6469],[-63.2303,17.6423],[-63.2237,17.6292],[-63.2295,17.6182],[-63.2384,17.6147],[-63.2513,17.6238],[-63.2489,17.6404],[-63.2384,17.6469]]]]}},{"type":"Feature","properties":{"name":"Liechtenstein","ISO3166-1-Alpha-2":"LI"},"geometry":{"type":"Polygon","coordinates":[[[9.5212,47.2628],[9.6157,47.1068],[9.5812,47.0569],[9.477,47.0639],[9.5212,47.2628]]]}},{"type":"Feature","properties":{"name":"Ivory Coast","ISO3166-1-Alpha-2":"CI"},"geometry":{"type":"MultiPolygon","coordinates":[[[[-7.9897,10.162],[-7.5015,10.4586],[-7.0158,10.1409],[-6.256,10.7265],[-6.24,10.2519],[-5.1357,10.3043],[-4.6811,9.6821],[-3.2148,9.9156],[-2.6892,9.4887],[-2.5063,8.2093],[-3.2625,6.6171],[-2.7666,5.161],[-5.3215,5.2302],[-5.0024,5.1286],[-7.5738,4.3754],[-7.4465,5.8459],[-8.6187,6.4928],[-8.2866,6.9938],[-8.4854,7.558],[-7.9626,8.0152],[-8.2544,8.4465],[-7.6624,8.3749],[-7.9689,8.8128],[-7.8654,9.4099],[-8.1576,9.5309],[-7.9897,10.162]]],[[[-3.1153,5.1078],[-3.2764,5.1181],[-3.2341,5.1635],[-3.1153,5.1078]]]]}},{"type":"Feature","properties":{"name":"Republic of Serbia","ISO3166-1-Alpha-2":"RS"},"geometry":{"type":"Polygon","coordinates":[[[20.2428,46.1081],[21.4933,45.1451],[21.3959,44.7902],[22.7652,44.5828],[22.4841,44.4998],[22.6916,44.2284],[22.3495,43.8079],[22.9846,43.1746],[22.4274,42.8136],[22.424,42.3259],[21.575,42.242],[21.7644,42.6696],[20.8194,43.2574],[20.3454,42.8274],[19.1759,43.4809],[19.5074,43.6472],[19.2435,44.002],[19.6189,44.0357],[19.1167,44.3437],[19.3766,44.863],[19.0158,44.8656],[19.0449,45.1372],[19.4078,45.2031],[18.9775,45.3712],[18.8553,45.8574],[20.2428,46.1081]]]}},{"type":"Feature","properties":{"name":"Mali","ISO3166-1-Alpha-2":"ML"},"geometry":{"type":"Polygon","coordinates":[[[-12.2641,14.7749],[-11.8204,14.9],[-11.5244,15.6435],[-10.9152,15.1029],[-10.7254,15.4331],[-9.4239,15.4405],[-9.3565,15.6979],[-9.3492,15.4956],[-5.511,15.4942],[-5.3533,16.312],[-5.6233,16.5278],[-6.5931,24.9941],[-4.8216,24.9951],[1.1465,21.1017],[1.1546,20.7388],[1.7781,20.3043],[3.1988,19.8205],[3.2849,18.9957],[4.2286,19.1422],[4.184,16.4161],[3.5071,15.354],[1.3315,15.2836],[0.6701,14.9397],[-0.7197,15.0785],[-1.9971,14.4707],[-2.0359,14.1812],[-2.5974,14.2223],[-2.8952,13.6516],[-3.287,13.6978],[-3.4495,13.1688],[-3.9813,13.499],[-4.3511,13.1183],[-4.4061,12.3075],[-5.4124,11.8285],[-5.2183,11.4222],[-5.4817,10.5353],[-6.0159,10.1899],[-6.256,10.7265],[-7.0158,10.1409],[-7.5015,10.4586],[-7.9897,10.162],[-8.3266,11.0238],[-8.6962,10.9627],[-8.3753,11.3677],[-8.8472,11.6579],[-9.1473,12.4655],[-9.723,12.0254],[-11.3347,12.0262],[-11.3888,12.9706],[-12.0976,13.7044],[-12.2641,14.7749]]]}},{"type":"Feature","properties":{"name":"Senegal","ISO3166-1-Alpha-2":"SN"},"geometry":{"type":"Polygon","coordinates":[[[-12.2641,14.7749],[-12.0976,13.7044],[-11.6131,13.3608],[-11.3778,12.4802],[-12.3609,12.3056],[-13.7283,12.6734],[-16.7284,12.3325],[-16.5797,12.6328],[-15.6448,12.5373],[-15.3916,12.8382],[-15.641,12.5595],[-16.5969,12.7973],[-16.7546,12.5722],[-16.7084,13.1567],[-15.8333,13.1568],[-15.1377,13.59],[-14.3688,13.2357],[-13.8187,13.4294],[-15.0763,13.819],[-16.5614,13.5869],[-16.487,14.0026],[-16.7468,13.9514],[-16.3647,14.1678],[-16.7751,13.8388],[-16.9565,14.3901],[-17.536,14.7574],[-16.8782,15.2331],[-16.2951,16.5106],[-14.9743,16.6914],[-13.4849,16.155],[-12.2641,14.7749]]]}},{"type":"Feature","properties":{"name":"Nigeria","ISO3166-1-Alpha-2":"NG"},"geometry":{"type":"MultiPolygon","coordinates":[[[[3.5964,11.6958],[4.1258,13.473],[5.5218,13.8803],[6.3689,13.6263],[6.9371,12.9954],[7.824,13.3453],[9.5903,12.8014],[10.675,13.3751],[12.4727,13.0642],[13.6073,13.7041],[14.1889,12.3704],[14.6699,12.1674],[14.6058,11.5147],[13.7548,11.0167],[11.3698,6.4558],[10.5787,7.1308],[10.496,6.8747],[10.1429,7.0077],[8.8559,5.8475],[8.5298,4.7089],[8.1817,4.9914],[8.2886,4.5486],[7.281,4.5049],[7.0718,4.7581],[6.9695,4.3746],[6.7156,4.8345],[6.8708,4.3608],[6.7361,4.6079],[6.6877,4.3366],[6.2363,4.498],[6.1128,4.2722],[5.4754,4.8475],[5.3402,5.3439],[5.6399,5.5402],[5.198,5.5015],[5.5096,5.5906],[5.1292,5.6281],[5.2904,5.9101],[5.0447,5.7675],[4.4055,6.3589],[3.4212,6.414],[3.844,6.6108],[2.7038,6.3684],[2.7692,9.057],[3.076,9.0952],[3.8374,10.5999],[3.5964,11.6958]]],[[[7.541,4.4844],[7.57,4.4594],[7.4492,4.4366],[7.3369,4.4601],[7.541,4.4844]]],[[[7.2742,4.4919],[7.3325,4.4919],[7.2984,4.4147],[7.138,4.397],[7.2295,4.5328],[7.2742,4.4919]]]]}},{"type":"Feature","properties":{"name":"Benin","ISO3166-1-Alpha-2":"BJ"},"geometry":{"type":"Polygon","coordinates":[[[3.5964,11.6958],[3.8374,10.5999],[3.076,9.0952],[2.7692,9.057],[2.7038,6.3684],[1.6196,6.2139],[1.6012,9.0495],[0.7813,10.693],[1.4396,11.4738],[2.2736,11.6521],[2.4951,12.2832],[2.8443,12.3992],[3.5964,11.6958]]]}},{"type":"Feature","properties":{"name":"Angola","ISO3166-1-Alpha-2":"AO"},"geometry":{"type":"MultiPolygon","coordinates":[[[[13.0737,-4.6353],[12.4444,-5.0551],[12.509,-5.7263],[12.2105,-5.7634],[12.1876,-4.768],[12.7617,-4.3912],[13.0737,-4.6353]]],[[[23.9675,-10.8723],[24.0006,-13.0015],[21.9799,-13.0015],[21.9838,-16.1659],[23.3817,-17.6411],[20.8062,-18.0314],[18.89,-17.7993],[18.4536,-17.3899],[13.9806,-17.4236],[13.1663,-16.9511],[11.758,-17.2392],[11.7355,-15.8571],[12.5153,-13.426],[13.6398,-12.2487],[13.8465,-11.1137],[12.9963,-9.0938],[13.3789,-8.3471],[12.2903,-6.0966],[16.5151,-5.8871],[17.6002,-8.0985],[19.3555,-8.002],[19.5218,-7.0019],[20.6115,-6.916],[20.5205,-7.2864],[21.785,-7.2834],[21.792,-9.4061],[22.3134,-10.3686],[22.2376,-11.2495],[23.9675,-10.8723]]],[[[11.7258,-16.6184],[11.7158,-16.685],[11.6694,-16.5572],[11.702,-16.5004],[11.7258,-16.6184]]]]}},{"type":"Feature","properties":{"name":"Croatia","ISO3166-1-Alpha-2":"HR"},"geometry":{"type":"MultiPolygon","coordinates":[[[[16.5153,46.5017],[17.8581,45.7717],[18.9013,45.9312],[18.9775,45.3712],[19.4078,45.2031],[18.8896,44.8612],[18.2379,45.1575],[15.7923,45.1898],[15.7285,44.7691],[17.6345,42.9504],[15.9595,43.504],[15.1445,44.1955],[15.5287,44.2718],[14.5708,45.2936],[13.9032,44.7724],[13.596,45.1454],[13.5071,45.5119],[15.3252,45.4528],[15.6398,46.2077],[16.5153,46.5017]]],[[[16.8582,42.784],[16.9364,42.7555],[16.8343,42.7309],[16.803,42.7635],[16.8582,42.784]]],[[[17.6589,42.743],[17.7489,42.6946],[17.3237,42.7908],[17.6589,42.743]]],[[[17.1318,42.9695],[17.1934,42.9143],[16.8514,42.9007],[16.6554,42.9263],[16.7068,42.9695],[16.6317,42.9826],[17.1318,42.9695]]],[[[16.2412,43.072],[16.0872,43.0115],[16.0488,43.0652],[16.2412,43.072]]],[[[16.6931,43.1273],[16.3716,43.1955],[16.5833,43.1887],[16.5205,43.229],[16.7277,43.1646],[17.1934,43.1273],[16.6931,43.1273]]],[[[16.5007,43.2842],[16.4058,43.3327],[16.4535,43.3532],[16.4263,43.3941],[16.8923,43.3122],[16.8132,43.2678],[16.5007,43.2842]]],[[[15.3027,43.9664],[15.2612,44.0111],[15.384,43.9702],[15.4461,43.8875],[15.3027,43.9664]]],[[[15.1445,43.9497],[15.2202,43.9012],[15.1333,43.9212],[15.1945,43.8726],[15.1213,43.9126],[14.8496,44.1756],[15.0073,44.093],[15.1445,43.9497]]],[[[14.4456,44.566],[14.512,44.4822],[14.438,44.5646],[14.363,44.5734],[14.3358,44.7168],[14.3975,44.6856],[14.4456,44.566]]],[[[14.7405,44.7783],[14.6579,44.7988],[14.7268,44.7988],[14.6858,44.8472],[14.739,44.8534],[14.8591,44.7174],[14.7405,44.7783]]],[[[16.3103,43.5078],[16.3708,43.4843],[16.2114,43.4901],[16.3103,43.5078]]],[[[14.7598,44.2921],[14.7897,44.2669],[14.7485,44.2617],[14.7598,44.2921]]],[[[14.6135,44.3408],[14.6436,44.3258],[14.6614,44.3087],[14.6574,44.3052],[14.6408,44.3118],[14.5989,44.3391],[14.5951,44.3471],[14.6135,44.3408]]],[[[14.7979,44.3777],[14.801,44.3431],[14.7562,44.364],[14.7634,44.4154],[14.7979,44.3777]]],[[[14.2442,44.6614],[14.2804,44.6776],[14.2712,44.6125],[14.2442,44.6614]]]]}},{"type":"Feature","properties":{"name":"Slovenia","ISO3166-1-Alpha-2":"SI"},"geometry":{"type":"Polygon","coordinates":[[[13.6429,45.4594],[13.8947,45.6318],[13.3653,46.2903],[13.701,46.5197],[14.5403,46.3786],[16.094,46.8628],[16.5008,46.5448],[15.6398,46.2077],[15.3252,45.4528],[14.5809,45.6678],[13.6429,45.4594]]]}},{"type":"Feature","properties":{"name":"Qatar","ISO3166-1-Alpha-2":"QA"},"geometry":{"type":"Polygon","coordinates":[[[50.8079,24.7466],[50.785,25.6046],[51.2512,26.1601],[51.5775,25.8808],[51.611,25.0224],[51.3406,24.5699],[50.8079,24.7466]]]}},{"type":"Feature","properties":{"name":"Saudi Arabia","ISO3166-1-Alpha-2":"SA"},"geometry":{"type":"MultiPolygon","coordinates":[[[[50.8079,24.7466],[51.4983,24.5836],[51.2788,24.3078],[52.5585,22.9386],[55.1868,22.7036],[55.6376,21.979],[54.9784,19.9954],[51.9786,18.9956],[49.0358,18.5797],[48.1619,18.1489],[47.1613,16.9474],[46.7101,17.2754],[43.4129,17.52],[43.18,16.6646],[42.7895,16.371],[40.7449,19.777],[39.1743,21.1089],[38.9313,22.0061],[39.1428,22.4032],[38.4526,23.784],[37.4294,24.3673],[37.2422,25.1753],[35.2163,28.0544],[34.5728,28.1128],[34.9494,29.3517],[36.0695,29.2],[37.9814,30.4988],[36.9595,31.491],[39.1577,32.1213],[40.3703,31.9385],[44.6918,29.2018],[47.4335,28.9947],[47.6681,28.5335],[48.4946,28.5001],[48.8318,27.6125],[50.1585,26.6649],[49.99,26.0018],[50.8079,24.7466]]],[[[49.5654,27.3518],[49.6888,27.3177],[49.5654,27.2978],[49.5313,27.3462],[49.4562,27.2904],[49.5012,27.3605],[49.5654,27.3518]]],[[[36.9421,25.4184],[36.8997,25.361],[36.7765,25.4964],[36.9157,25.4267],[36.9043,25.3941],[36.9421,25.4184]]],[[[36.7902,25.4979],[36.6814,25.5535],[36.7256,25.5652],[36.8833,25.4543],[36.7902,25.4979]]],[[[36.9007,25.5493],[36.9144,25.6066],[36.9276,25.5285],[36.9007,25.5493]]],[[[36.6831,25.5723],[36.5394,25.5892],[36.4915,25.6451],[36.5436,25.7029],[36.531,25.6446],[36.6831,25.5723]]],[[[36.5443,25.7313],[36.5908,25.8605],[36.5554,25.7963],[36.6111,25.7095],[36.5443,25.7313]]]]}},{"type":"Feature","properties":{"name":"Botswana","ISO3166-1-Alpha-2":"BW"},"geometry":{"type":"Polygon","coordinates":[[[25.2598,-17.7941],[26.1555,-19.5372],[27.2018,-20.093],[27.2684,-20.4958],[27.6981,-20.5091],[27.9904,-21.5519],[29.0387,-21.7979],[29.3501,-22.1867],[27.1274,-23.525],[26.8392,-24.2656],[25.8684,-24.7482],[25.4584,-25.7112],[24.665,-25.8233],[23.0307,-25.2994],[22.0577,-26.6176],[20.6908,-26.8918],[20.6565,-25.4678],[19.9814,-24.7525],[19.9783,-22.0007],[20.9848,-21.964],[20.9751,-18.3193],[23.2928,-17.999],[23.6099,-18.4777],[25.2598,-17.7941]]]}},{"type":"Feature","properties":{"name":"Zimbabwe","ISO3166-1-Alpha-2":"ZW"},"geometry":{"type":"Polygon","coordinates":[[[25.2598,-17.7941],[27.0213,-17.9585],[27.8169,-16.9596],[28.8089,-16.4863],[28.9324,-15.9637],[30.3963,-15.636],[30.4026,-16.0012],[32.9685,-16.6816],[33.0428,-18.352],[32.6811,-18.955],[33.0073,-20.032],[32.4816,-20.603],[32.4472,-21.3137],[31.2889,-22.3973],[29.3569,-22.1909],[29.0387,-21.7979],[27.9904,-21.5519],[27.6981,-20.5091],[27.2684,-20.4958],[27.2018,-20.093],[26.1555,-19.5372],[25.2598,-17.7941]]]}},{"type":"Feature","properties":{"name":"Pakistan","ISO3166-1-Alpha-2":"PK"},"geometry":{"type":"MultiPolygon","coordinates":[[[[75.9811,36.4454],[75.9223,36.0317],[76.5555,35.8979],[77.0131,34.9864],[75.7771,34.5038],[74.2858,34.7689],[73.7798,34.3961],[74.2723,33.9621],[73.9662,33.7345],[74.0023,33.1777],[74.3462,32.7669],[74.6853,32.8312],[74.6893,32.4714],[75.359,32.2617],[74.5408,31.8109],[74.6588,31.0838],[71.8744,27.9597],[70.8316,27.7015],[70.3419,28.0115],[69.5344,27.1256],[69.5042,26.7352],[70.1581,26.5301],[70.2492,25.7077],[70.6539,25.6745],[71.0731,24.4021],[69.972,24.1652],[68.7473,24.3312],[68.7245,23.9652],[67.6377,23.8017],[67.2555,24.748],[66.6541,24.8392],[66.3755,25.6257],[66.0944,25.4748],[66.4984,25.3985],[64.655,25.1657],[64.0454,25.4503],[61.7296,25.0218],[61.8329,26.2254],[63.1413,26.6254],[63.3196,27.1173],[62.7424,27.2668],[62.7615,28.2464],[61.8928,28.5426],[60.8444,29.8582],[62.4775,29.4078],[64.0861,29.3866],[66.1956,29.8353],[66.3663,30.9229],[66.697,31.1958],[67.7647,31.3341],[67.569,31.5299],[68.1386,31.8247],[68.8038,31.6026],[69.2989,31.9377],[69.4877,33.0284],[70.2944,33.3189],[69.8726,34.0172],[71.0626,34.0543],[70.957,34.532],[71.6379,35.1897],[71.1659,36.0457],[71.6104,36.4579],[74.6625,37.0545],[75.9811,36.4454]]],[[[67.3755,24.0627],[67.4854,24.0485],[67.4269,24.0075],[67.3755,24.0627]]]]}},{"type":"Feature","properties":{"name":"Bulgaria","ISO3166-1-Alpha-2":"BG"},"geometry":{"type":"Polygon","coordinates":[[[26.3334,41.713],[25.882,41.304],[24.5102,41.5617],[22.917,41.3358],[23.0089,41.7399],[22.345,42.3134],[22.4274,42.8136],[22.9814,43.199],[22.5189,43.4742],[22.3996,43.9933],[22.6916,44.2284],[23.031,44.0931],[22.8888,43.8395],[25.4031,43.6501],[27.0275,44.177],[28.5784,43.7413],[27.4529,42.4801],[28.0168,41.9726],[27.0465,42.0829],[26.3334,41.713]]]}},{"type":"Feature","properties":{"name":"Thailand","ISO3166-1-Alpha-2":"TH"},"geometry":{"type":"MultiPolygon","coordinates":[[[[102.9136,11.6459],[102.0645,12.5707],[100.8579,12.6527],[100.9958,13.4962],[100.2751,13.5167],[99.9627,13.3099],[100.02,12.1927],[99.1516,10.3574],[99.2551,9.2325],[99.8535,9.2947],[100.2715,8.3171],[100.574,7.195],[100.2887,7.7883],[100.1854,7.5142],[100.9481,6.8807],[101.5663,6.8322],[102.0731,6.2575],[101.8005,5.7399],[101.5579,5.9113],[101.1054,5.6376],[101.0817,6.2465],[100.2633,6.7],[100.1273,6.4423],[98.6554,8.3796],[98.2814,8.2259],[98.7568,10.6661],[99.63,11.8158],[99.0932,13.0383],[99.09,13.8701],[98.1604,15.1064],[98.5599,15.3553],[98.547,16.0475],[98.9025,16.3816],[98.6633,16.2867],[97.3514,18.5512],[97.7457,18.5711],[98.0245,19.803],[98.8993,19.7486],[99.5103,20.1538],[99.4206,20.3756],[100.3443,20.39],[100.4743,19.525],[101.2549,19.5472],[100.9019,17.5619],[102.0785,18.2138],[102.6829,17.8101],[103.3968,18.4414],[104,18.3184],[104.7927,17.4235],[104.7545,16.5289],[105.6409,15.682],[105.5075,14.564],[105.0473,14.2141],[104.7717,14.4399],[103.1382,14.3197],[102.3322,13.5646],[102.9136,11.6459]]],[[[99.6987,9.5422],[99.7035,9.5213],[99.6815,9.5129],[99.6681,9.5192],[99.6987,9.5422]]],[[[99.2478,6.5749],[99.2173,6.5369],[99.1585,6.5544],[99.2478,6.5749]]],[[[99.6724,6.5165],[99.6003,6.5834],[99.657,6.7238],[99.7044,6.5583],[99.6724,6.5165]]],[[[99.4054,7.2663],[99.4539,7.239],[99.3833,7.1941],[99.4054,7.2663]]],[[[99.0349,7.6443],[99.0999,7.4672],[99.0313,7.5619],[99.0349,7.6443]]],[[[99.1243,7.6574],[99.1087,7.5942],[99.0446,7.6634],[99.1243,7.6574]]],[[[98.5405,8.1049],[98.6024,8.0635],[98.6035,7.9038],[98.5405,8.1049]]],[[[98.6375,8.1713],[98.6209,8.09],[98.5796,8.1061],[98.6375,8.1713]]],[[[98.2957,9.1452],[98.323,9.0762],[98.2542,9.0368],[98.2482,9.1501],[98.2957,9.1452]]],[[[100.0702,9.5864],[100.0609,9.4638],[99.9466,9.4182],[99.9263,9.566],[100.0702,9.5864]]],[[[100.0354,9.7956],[100.0901,9.6653],[99.9876,9.7199],[99.9876,9.8018],[100.0354,9.7956]]],[[[102.5641,11.708],[102.606,11.6845],[102.5983,11.5634],[102.53,11.6049],[102.5641,11.708]]],[[[102.3997,12.0432],[102.4412,11.9674],[102.3792,12.0028],[102.2904,11.9748],[102.2495,12.153],[102.3428,12.1236],[102.3997,12.0432]]],[[[97.87,9.4252],[97.8533,9.4614],[97.8953,9.4674],[97.87,9.4252]]],[[[98.2884,9.0045],[98.2616,8.8786],[98.2522,8.997],[98.2884,9.0045]]]]}},{"type":"Feature","properties":{"name":"San Marino","ISO3166-1-Alpha-2":"SM"},"geometry":{"type":"Polygon","coordinates":[[[12.4294,43.8921],[12.3957,43.9484],[12.4822,43.9826],[12.4294,43.8921]]]}},{"type":"Feature","properties":{"name":"Haiti","ISO3166-1-Alpha-2":"HT"},"geometry":{"type":"MultiPolygon","coordinates":[[[[-71.7574,19.7101],[-71.7203,18.7654],[-72.0098,18.5988],[-71.7762,18.0393],[-73.6463,18.2587],[-73.8733,18.0262],[-74.4892,18.4294],[-74.2559,18.6703],[-72.3538,18.5301],[-72.8135,19.0529],[-72.6991,19.4459],[-73.4203,19.821],[-71.7574,19.7101]]],[[[-73.6289,18.0942],[-73.578,18.0811],[-73.6108,18.0576],[-73.7077,18.0942],[-73.6289,18.0942]]],[[[-72.8506,20.0885],[-72.6276,20.0082],[-72.9239,20.0382],[-72.9604,20.0612],[-72.8506,20.0885]]],[[[-73.2587,18.8785],[-73.2962,18.9365],[-73.2008,18.9687],[-72.8461,18.8271],[-72.8087,18.7204],[-73.0374,18.7596],[-73.2587,18.8785]]]]}},{"type":"Feature","properties":{"name":"Dominican Republic","ISO3166-1-Alpha-2":"DO"},"geometry":{"type":"MultiPolygon","coordinates":[[[[-71.7574,19.7101],[-71.0009,19.9377],[-69.9473,19.6787],[-69.7677,19.2997],[-69.1643,19.307],[-69.6085,19.0935],[-68.7397,18.9644],[-68.3341,18.5773],[-68.743,18.2045],[-69.8515,18.4725],[-70.5528,18.2042],[-70.7038,18.4301],[-71.084,18.3044],[-71.4172,17.6048],[-72.0098,18.5988],[-71.7203,18.7654],[-71.7574,19.7101]]],[[[-71.5245,17.5456],[-71.5211,17.6213],[-71.4671,17.5803],[-71.5245,17.5456]]],[[[-68.6641,18.1693],[-68.5988,18.1662],[-68.5718,18.1079],[-68.7019,18.1147],[-68.7869,18.1967],[-68.6641,18.1693]]]]}},{"type":"Feature","properties":{"name":"Chad","ISO3166-1-Alpha-2":"TD"},"geometry":{"type":"Polygon","coordinates":[[[14.0649,13.078],[13.4495,14.439],[15.4655,16.8947],[15.9703,20.3363],[15.1845,21.4912],[14.9799,22.9957],[15.9851,23.4447],[23.9813,19.4961],[23.9844,15.7212],[22.9067,15.5414],[22.958,15.2016],[22.3635,14.5435],[22.5464,14.1397],[22.075,13.7803],[22.2676,13.3346],[21.8094,12.7937],[22.4457,12.6111],[22.5417,11.633],[22.9224,11.0871],[21.7226,10.6367],[21.7188,10.2966],[20.4352,9.1381],[19.0219,8.9852],[19.1241,8.6751],[18.5893,8.0479],[16.8055,7.5437],[16.5487,7.87],[15.481,7.5233],[15.1837,8.4791],[13.9476,9.6378],[14.1817,9.9782],[15.6812,9.9913],[15.1317,10.5407],[14.8308,12.6182],[14.0649,13.078]]]}},{"type":"Feature","properties":{"name":"Kuwait","ISO3166-1-Alpha-2":"KW"},"geometry":{"type":"MultiPolygon","coordinates":[[[[47.948,29.994],[48.1768,29.5419],[47.7047,29.3636],[48.1003,29.35],[48.4328,28.5405],[47.6681,28.5335],[47.4341,28.9946],[46.5324,29.0957],[47.1447,30.0033],[47.948,29.994]]],[[[48.3382,29.4628],[48.3974,29.3875],[48.2692,29.4297],[48.2811,29.4711],[48.3382,29.4628]]]]}},{"type":"Feature","properties":{"name":"El Salvador","ISO3166-1-Alpha-2":"SV"},"geometry":{"type":"MultiPolygon","coordinates":[[[[-90.0983,13.7314],[-89.3982,14.4454],[-88.4968,13.8512],[-87.7036,13.815],[-87.9282,13.1586],[-90.0983,13.7314]]]]}},{"type":"Feature","properties":{"name":"Guatemala","ISO3166-1-Alpha-2":"GT"},"geometry":{"type":"Polygon","coordinates":[[[-89.3616,14.4155],[-90.0983,13.7314],[-91.3165,13.9557],[-92.2463,14.5463],[-91.7398,16.061],[-90.4374,16.0989],[-90.3949,16.4192],[-91.4425,17.238],[-90.992,17.2519],[-90.9828,17.8105],[-89.1605,17.8143],[-89.2365,15.8939],[-88.2209,15.7257],[-89.1608,15.0602],[-89.3616,14.4155]]]}},{"type":"Feature","properties":{"name":"East Timor","ISO3166-1-Alpha-2":"TL"},"geometry":{"type":"MultiPolygon","coordinates":[[[[124.4505,-9.1802],[124.3101,-9.4887],[124.2575,-9.5012],[124.2107,-9.3789],[124.0903,-9.4215],[124.03,-9.342],[124.4505,-9.1802]]],[[[124.9195,-8.962],[125.381,-8.5715],[127.3132,-8.4152],[125.0616,-9.4858],[125.1624,-9.0606],[124.9195,-8.962]]],[[[125.5693,-8.1964],[125.6506,-8.1428],[125.5736,-8.3173],[125.5037,-8.2708],[125.5693,-8.1964]]]]}},{"type":"Feature","properties":{"name":"Brunei","ISO3166-1-Alpha-2":"BN"},"geometry":{"type":"MultiPolygon","coordinates":[[[[115.1462,4.9085],[115.2727,4.6368],[115.2725,4.4747],[115.3463,4.3138],[115.0918,4.4054],[115.0298,4.8206],[115.1302,4.852],[115.1462,4.9085]]],[[[114.9817,4.8891],[114.6278,4.0167],[113.9988,4.6011],[114.9817,4.8891]]]]}},{"type":"Feature","properties":{"name":"Algeria","ISO3166-1-Alpha-2":"DZ"},"geometry":{"type":"Polygon","coordinates":[[[-4.8216,24.9951],[-8.6824,27.2854],[-8.6788,28.6928],[-7.6195,29.3894],[-5.5395,29.5232],[-4.3724,30.5086],[-3.6455,30.7113],[-3.6595,31.6478],[-2.8278,31.7946],[-2.8812,32.0763],[-1.2103,32.0897],[-1.032,32.4944],[-1.6742,33.238],[-1.7695,34.7413],[-2.2226,35.0893],[1.3467,36.545],[3.8739,36.9172],[5.3044,36.643],[6.4158,37.093],[8.6025,36.9395],[8.1699,36.5258],[8.4313,35.2417],[8.2365,34.6477],[7.4798,33.8939],[7.725,33.2314],[9.045,32.0718],[9.5197,30.2289],[9.2865,30.1171],[9.8261,29.1285],[9.8963,26.6528],[9.3778,26.1689],[10.2422,24.5951],[11.5414,24.2975],[11.9689,23.5174],[7.4827,20.8726],[5.7943,19.4498],[3.3331,18.9756],[3.1041,19.1355],[3.1988,19.8205],[1.7781,20.3043],[1.1546,20.7388],[1.1465,21.1017],[-4.8216,24.9951]]]}},{"type":"Feature","properties":{"name":"Mozambique","ISO3166-1-Alpha-2":"MZ"},"geometry":{"type":"MultiPolygon","coordinates":[[[[32.1139,-26.84],[31.9866,-24.4231],[31.2791,-22.4153],[32.4472,-21.3137],[32.4816,-20.603],[33.0073,-20.032],[32.6811,-18.955],[33.0428,-18.352],[32.9685,-16.6816],[30.4026,-16.0012],[30.2145,-14.9815],[33.2027,-14.0139],[33.6448,-14.6017],[34.3441,-14.3874],[34.5691,-15.2712],[34.2332,-15.8898],[35.2919,-17.1293],[35.1319,-16.5376],[35.7851,-16.0423],[35.9043,-14.8869],[34.5453,-13.3257],[34.354,-12.1995],[34.6167,-11.5783],[35.8264,-11.4135],[36.1997,-11.7015],[37.4697,-11.7195],[37.9381,-11.284],[38.4923,-11.4135],[40.5105,-10.4777],[40.3488,-11.3171],[40.6468,-12.7663],[40.4109,-12.9421],[40.848,-14.705],[40.5818,-15.4921],[39.0905,-16.9838],[36.8328,-17.8776],[36.9772,-18.0466],[36.4075,-18.7848],[35.1268,-19.705],[34.8801,-19.8634],[34.5532,-19.5823],[35.3115,-22.413],[35.5514,-22.1791],[35.4968,-24.1013],[35.1065,-24.5979],[32.8727,-25.5439],[32.4768,-25.9846],[32.8425,-26.2887],[32.9544,-26.0789],[32.8931,-26.8461],[32.1139,-26.84]],[[34.6941,-12.0004],[34.6559,-12.0763],[34.689,-12.1245],[34.7624,-12.0403],[34.6941,-12.0004]],[[34.5616,-11.9786],[34.5441,-12.0114],[34.6111,-12.0725],[34.6275,-11.9873],[34.5616,-11.9786]]],[[[32.9067,-26.0578],[32.9826,-25.969],[32.9613,-26.0441],[32.9067,-26.0578]]],[[[35.4696,-21.5491],[35.4907,-21.6419],[35.4349,-21.7829],[35.4696,-21.5491]]],[[[39.9095,-16.2758],[39.9464,-16.3022],[39.8785,-16.4169],[39.8213,-16.3174],[39.9095,-16.2758]]]]}},{"type":"Feature","properties":{"name":"eSwatini","ISO3166-1-Alpha-2":"SZ"},"geometry":{"type":"Polygon","coordinates":[[[31.9492,-25.9581],[31.9683,-27.3163],[31.142,-27.1965],[30.7857,-26.7169],[31.1198,-25.91],[31.9492,-25.9581]]]}},{"type":"Feature","properties":{"name":"Burundi","ISO3166-1-Alpha-2":"BI"},"geometry":{"type":"Polygon","coordinates":[[[30.5546,-2.4006],[30.4158,-2.8517],[30.8148,-3.2477],[30.003,-4.2719],[29.4042,-4.4498],[29.0326,-2.6207],[29.7199,-2.8055],[29.9317,-2.3169],[30.5546,-2.4006]]]}},{"type":"Feature","properties":{"name":"Rwanda","ISO3166-1-Alpha-2":"RW"},"geometry":{"type":"Polygon","coordinates":[[[29.0154,-2.7207],[28.8588,-2.4182],[29.3428,-1.5165],[30.4718,-1.0668],[30.8383,-1.6154],[30.8344,-2.3453],[29.9317,-2.3169],[29.7199,-2.8055],[29.0154,-2.7207]]]}},{"type":"Feature","properties":{"name":"Myanmar","ISO3166-1-Alpha-2":"MM"},"geometry":{"type":"MultiPolygon","coordinates":[[[[92.5759,21.9776],[93.1737,22.2594],[93.3222,24.0801],[94.1319,23.857],[94.7086,25.0259],[94.608,25.3946],[95.1512,26.0499],[95.1326,26.6208],[96.1426,27.2575],[97.1192,27.0873],[96.8621,27.5993],[97.3335,27.8942],[97.5462,28.5385],[98.1187,28.1408],[98.2947,27.5366],[98.6793,27.5773],[98.6902,25.8656],[97.801,25.2376],[97.5165,23.9428],[98.8657,24.1457],[98.6588,23.9611],[98.859,23.1794],[99.538,22.9264],[99.1445,22.1535],[99.9424,22.0455],[100.1871,21.4279],[101.1739,21.6119],[100.0993,20.3178],[99.4206,20.3756],[99.5103,20.1538],[98.8993,19.7486],[98.0245,19.803],[97.7457,18.5711],[97.3514,18.5512],[98.6633,16.2867],[98.9025,16.3816],[98.547,16.0475],[98.5599,15.3553],[98.1604,15.1064],[99.09,13.8701],[99.0932,13.0383],[99.63,11.8158],[98.5431,9.9875],[98.4593,10.7154],[98.8916,11.6937],[98.549,11.8786],[98.5785,13.1868],[98.1921,14.0647],[98.1443,13.5371],[97.7948,14.8803],[97.7402,16.5593],[97.3703,16.4835],[96.8831,17.4574],[96.6795,16.5749],[96.1712,16.7716],[96.3213,16.4153],[95.7249,16.2228],[95.4158,15.723],[95.3616,16.1484],[95.2127,15.7866],[95.1358,16.1484],[94.8469,15.7906],[94.9924,16.2508],[94.5666,15.9355],[94.7323,16.5246],[94.2395,15.9763],[94.4906,18.0725],[94.0669,19.389],[93.9304,18.8586],[93.4871,19.3337],[93.9873,19.3867],[93.6014,19.7186],[93.74,19.9251],[93.1284,20.0947],[93.1688,19.8073],[93.0733,20.5546],[92.8677,20.122],[92.8269,20.4951],[92.635,20.698],[92.7312,20.2592],[92.3811,20.7001],[92.1783,21.2997],[92.6338,21.2822],[92.5759,21.9776]]],[[[97.4645,11.7825],[97.4592,11.7862],[97.4443,11.8002],[97.4629,11.7998],[97.4769,11.7882],[97.4797,11.778],[97.4645,11.7825]]],[[[98.2957,10.0489],[98.1335,9.8456],[98.1275,9.9601],[98.2346,10.0542],[98.2957,10.0489]]],[[[98.1858,10.1212],[98.179,10.1929],[98.2409,10.1678],[98.1858,10.0421],[98.1858,10.1212]]],[[[97.9115,10.4945],[97.9435,10.4438],[97.9102,10.4019],[97.9115,10.4945]]],[[[98.4937,10.8911],[98.5532,10.8328],[98.5271,10.7869],[98.4937,10.8911]]],[[[97.8904,10.885],[97.9518,10.9191],[97.9092,10.8572],[97.8904,10.885]]],[[[98.2678,10.8371],[98.2957,10.7347],[98.2507,10.6931],[98.1987,10.8817],[98.1467,10.9245],[98.0774,10.8881],[98.1719,10.9787],[98.2678,10.8371]]],[[[98.5285,10.9743],[98.4771,10.9737],[98.5247,11.0867],[98.5285,10.9743]]],[[[98.2752,11.248],[98.2473,11.2145],[98.22,11.2691],[98.2752,11.248]]],[[[98.2783,11.7998],[98.323,11.7313],[98.2835,11.5094],[98.1765,11.4492],[98.2783,11.7998]]],[[[98.5353,11.8036],[98.5353,11.5292],[98.4324,11.5667],[98.3794,11.6911],[98.4131,11.7734],[98.3708,11.7893],[98.5353,11.8036]]],[[[98.0554,11.7011],[98.0896,11.6323],[98.0117,11.7047],[98.0139,11.865],[98.0823,11.7347],[98.0554,11.7011]]],[[[98.6035,11.9674],[98.6582,11.9339],[98.478,11.8909],[98.4391,12.112],[98.6035,11.9674]]],[[[98.0964,12.1872],[98.1318,12.1986],[98.1375,12.1387],[98.0767,12.1619],[98.0344,12.2213],[98.0725,12.2895],[98.1238,12.2595],[98.0964,12.1872]]],[[[98.2542,12.5676],[98.2899,12.5263],[98.2605,12.4953],[98.2542,12.5676]]],[[[98.4663,12.5837],[98.4558,12.4578],[98.3499,12.3259],[98.302,12.338],[98.3156,12.6874],[98.4055,12.639],[98.4255,12.5297],[98.4663,12.5837]]],[[[98.2957,13.0847],[98.3364,13.0739],[98.302,12.9133],[98.239,13.1588],[98.2615,13.2143],[98.2957,13.0847]]],[[[93.396,14.1404],[93.4002,14.0956],[93.3948,14.0764],[93.3748,14.0647],[93.3833,14.1384],[93.386,14.1509],[93.3903,14.1538],[93.396,14.1404]]],[[[94.828,15.932],[94.8037,15.7966],[94.7249,15.812],[94.828,15.932]]],[[[94.6621,16.2219],[94.6296,16.0752],[94.478,15.9661],[94.4027,15.8393],[94.3897,16.0009],[94.6116,16.2217],[94.6621,16.2219]]],[[[97.5894,16.4153],[97.5475,16.1999],[97.4593,16.3014],[97.4522,16.4494],[97.5205,16.5109],[97.6063,16.4835],[97.5894,16.4153]]],[[[93.7454,18.8],[93.7319,18.6897],[93.6453,18.6793],[93.4841,18.875],[93.6218,18.9103],[93.7424,18.8723],[93.7454,18.8]]],[[[93.9707,19.4169],[93.9172,19.3183],[93.8027,19.2767],[93.6418,19.492],[93.7236,19.5564],[93.9707,19.4169]]],[[[93.5052,19.8073],[93.512,19.7458],[93.4407,19.8109],[93.4028,19.9531],[93.4988,19.887],[93.5052,19.8073]]],[[[92.964,20.0367],[93.0249,19.8278],[92.9094,20.0651],[92.964,20.0367]]]]}},{"type":"Feature","properties":{"name":"Bangladesh","ISO3166-1-Alpha-2":"BD"},"geometry":{"type":"MultiPolygon","coordinates":[[[[92.5759,21.9776],[92.6338,21.2822],[92.1783,21.2997],[92.3193,20.742],[91.9081,22.4247],[91.7871,22.2379],[91.4905,22.9045],[90.9417,22.5859],[90.612,23.6061],[90.2494,23.4554],[90.6108,23.2308],[90.3726,22.7614],[90.558,22.2034],[90.0244,21.8625],[90.2391,22.1723],[89.9344,21.9977],[90.0101,22.4902],[89.5869,21.7008],[89.4758,22.2951],[89.2105,21.6541],[88.96,23.2027],[88.5416,23.6388],[88.7375,24.2871],[88.0218,24.6456],[88.4413,25.1897],[88.9849,25.285],[88.0876,25.831],[88.4976,26.3527],[88.3853,26.6235],[89.3353,25.9986],[89.653,26.2227],[89.819,25.285],[92.4838,24.9282],[91.1323,23.7206],[91.5861,22.9445],[91.9227,23.723],[92.2593,23.7065],[92.5759,21.9776]]],[[[91.9356,21.76],[91.9702,21.5236],[91.8771,21.481],[91.8535,21.7258],[91.898,21.7433],[91.8877,21.685],[91.9012,21.7743],[91.9356,21.76]]],[[[89.1157,21.7812],[89.1325,21.7216],[89.0515,21.7932],[89.0457,21.9171],[89.1157,21.7812]]],[[[91.8877,21.8662],[91.8325,21.7258],[91.8362,21.8941],[91.8672,21.932],[91.8877,21.8662]]],[[[90.5935,21.9866],[90.6066,21.9388],[90.5036,21.8625],[90.5935,21.9866]]],[[[90.3322,21.9388],[90.3943,22.0002],[90.3229,21.8439],[90.3322,21.9388]]],[[[90.4352,22.0412],[90.4862,21.9768],[90.4155,21.9005],[90.4352,22.0412]]],[[[90.5444,22.0617],[90.4837,22.035],[90.4917,22.0801],[90.6135,22.164],[90.5597,22.0237],[90.509,21.9994],[90.5444,22.0617]]],[[[90.9764,22.1858],[90.9771,22.2392],[90.9829,22.2592],[90.9969,22.2535],[90.9978,22.2351],[90.9948,22.2138],[90.9878,22.1954],[90.9764,22.1858]]],[[[91.1488,22.3571],[91.1868,22.2278],[91.1415,22.1462],[91.0225,22.0949],[91.0748,22.3886],[91.1488,22.3571]]],[[[90.6196,22.4247],[90.6587,22.3795],[90.6401,22.3087],[90.6196,22.4247]]],[[[91.1586,22.5034],[91.2,22.5147],[91.201,22.4722],[91.1137,22.4614],[91.1586,22.5034]]],[[[91.4676,22.5863],[91.5564,22.4782],[91.5552,22.402],[91.4465,22.4532],[91.4238,22.5253],[91.4676,22.5863]]],[[[90.7906,22.4953],[90.6475,21.994],[90.5786,22.757],[90.7906,22.4953]]],[[[90.6453,22.8493],[90.6782,22.8083],[90.591,22.8139],[90.521,22.7118],[90.4557,22.7674],[90.4734,22.8651],[90.6453,22.8493]]],[[[90.6673,22.953],[90.6362,22.9213],[90.5081,22.9758],[90.5862,23.0349],[90.6673,22.953]]],[[[90.5104,23.069],[90.4695,23.0076],[90.4557,23.0628],[90.5104,23.069]]],[[[90.5241,23.3223],[90.4297,23.3852],[90.5394,23.35],[90.5862,23.3017],[90.5241,23.3223]]]]}},{"type":"Feature","properties":{"name":"Afghanistan","ISO3166-1-Alpha-2":"AF"},"geometry":{"type":"Polygon","coordinates":[[[74.5424,37.0217],[72.2136,36.7264],[71.2231,36.1254],[71.6379,35.1897],[70.957,34.532],[71.0626,34.0543],[69.8726,34.0172],[70.2944,33.3189],[69.4877,33.0284],[69.2989,31.9377],[68.8038,31.6026],[68.1386,31.8247],[67.569,31.5299],[67.7647,31.3341],[66.697,31.1958],[66.3663,30.9229],[66.1956,29.8353],[64.0861,29.3866],[62.4775,29.4078],[60.8444,29.8582],[61.8264,31.015],[61.6869,31.3732],[60.8217,31.4947],[60.5629,33.0583],[60.9209,33.5141],[60.5118,33.6384],[60.4928,34.139],[60.8905,34.3189],[60.6997,34.5164],[61.2697,35.6185],[62.2862,35.1406],[62.6936,35.2484],[63.0802,35.4371],[63.1041,35.8565],[64.4777,36.2716],[64.7788,37.118],[65.7614,37.5784],[67.7466,37.2294],[68.0202,36.9257],[68.8879,37.3381],[69.3121,37.1175],[69.5087,37.579],[70.1579,37.5414],[70.1721,37.9461],[70.9507,38.4731],[71.3582,38.2513],[71.2583,37.9265],[71.5977,37.8984],[71.4311,37.067],[71.653,36.687],[73.2963,37.4649],[73.7535,37.4284],[73.7092,37.217],[74.6604,37.394],[74.8923,37.2311],[74.3683,37.1671],[74.5424,37.0217]]]}},{"type":"Feature","properties":{"name":"Montenegro","ISO3166-1-Alpha-2":"ME"},"geometry":{"type":"Polygon","coordinates":[[[18.4964,42.4163],[18.4335,42.9542],[19.0697,43.3088],[18.9775,43.5462],[20.3536,42.891],[19.9818,42.5108],[19.6218,42.605],[19.3651,41.8524],[18.4964,42.4163]]]}},{"type":"Feature","properties":{"name":"Bosnia and Herzegovina","ISO3166-1-Alpha-2":"BA"},"geometry":{"type":"Polygon","coordinates":[[[17.6533,42.8909],[15.7285,44.7691],[15.7923,45.1898],[19.3687,44.8871],[19.1072,44.3827],[19.6114,44.0545],[19.2293,43.9577],[19.4896,43.5644],[18.911,43.5073],[19.0697,43.3088],[18.4528,42.9934],[18.4921,42.5648],[17.6533,42.8909]]]}},{"type":"Feature","properties":{"name":"Uganda","ISO3166-1-Alpha-2":"UG"},"geometry":{"type":"Polygon","coordinates":[[[30.4718,-1.0668],[29.9174,-1.4752],[29.5779,-1.3884],[29.5547,-0.9286],[29.9473,0.8246],[31.2715,2.103],[30.7106,2.4451],[30.9444,3.6793],[31.7779,3.8164],[32.168,3.5122],[32.9972,3.8855],[33.4906,3.7497],[34.006,4.2057],[35.0065,1.9169],[33.8936,0.1098],[33.9042,-1.0026],[30.4718,-1.0668]]]}},{"type":"Feature","properties":{"name":"US Naval Base Guantanamo Bay","ISO3166-1-Alpha-2":"-99"},"geometry":{"type":"MultiPolygon","coordinates":[[[[-75.095,19.8972],[-75.1653,19.897],[-75.1044,19.9428],[-75.137,19.9716],[-75.0949,19.9716],[-75.095,19.8972]]]]}},{"type":"Feature","properties":{"name":"Cuba","ISO3166-1-Alpha-2":"CU"},"geometry":{"type":"MultiPolygon","coordinates":[[[[-75.095,19.8972],[-77.706,19.83],[-77.1134,20.3685],[-77.1954,20.6365],[-78.0655,20.7117],[-78.7446,21.6365],[-80.0032,21.7209],[-80.4844,22.192],[-81.8245,22.1889],[-82.164,22.3969],[-81.6516,22.4878],[-81.8775,22.6797],[-82.7599,22.706],[-84.0294,21.9199],[-84.9496,21.8768],[-84.2886,22.0207],[-84.2129,22.5831],[-83.2262,23.0019],[-80.5973,23.1561],[-79.3125,22.4003],[-78.7081,22.3869],[-77.3634,21.6383],[-77.556,21.9285],[-76.8873,21.3074],[-75.704,21.119],[-75.7245,20.6955],[-74.2235,20.3174],[-74.2674,20.0683],[-75.095,19.8972]]],[[[-78.3331,20.5546],[-78.339,20.518],[-78.4634,20.6024],[-78.3331,20.5546]]],[[[-78.8266,20.7532],[-78.807,20.7572],[-78.786,20.749],[-78.7508,20.726],[-78.7681,20.7122],[-78.7923,20.7199],[-78.8148,20.7375],[-78.8266,20.7532]]],[[[-75.5171,20.7943],[-75.4822,20.7378],[-75.5777,20.7695],[-75.5171,20.7943]]],[[[-79.0252,20.8867],[-78.9712,20.8735],[-78.9889,20.8391],[-79.0798,20.8973],[-79.0252,20.8867]]],[[[-82.568,21.6365],[-83.1918,21.6303],[-82.9591,21.562],[-82.9895,21.9484],[-82.568,21.6365]]],[[[-77.6342,22.0543],[-77.6342,21.945],[-77.7031,21.9108],[-77.8226,21.9831],[-77.8171,22.0313],[-77.9018,22.0152],[-77.9495,22.1026],[-77.6342,22.0543]]],[[[-77.8471,22.2603],[-77.8807,22.3087],[-77.8342,22.2959],[-77.7577,22.1784],[-77.8471,22.2603]]],[[[-78.1965,22.3292],[-78.2463,22.4006],[-78.3126,22.4043],[-78.1442,22.4289],[-78.011,22.2814],[-78.1965,22.3292]]],[[[-78.4262,22.4626],[-78.5408,22.4585],[-78.6962,22.5414],[-78.3724,22.5535],[-78.2815,22.4388],[-78.4299,22.4186],[-78.4262,22.4626]]],[[[-78.9842,22.6377],[-79.0872,22.6718],[-78.9766,22.6685],[-78.9842,22.6377]]],[[[-79.3575,22.6377],[-79.6353,22.8022],[-79.57,22.8041],[-79.3575,22.6377]]],[[[-80.3205,22.9865],[-80.2497,23.0109],[-80.2318,22.9592],[-80.3205,22.9865]]],[[[-80.197,23.1243],[-80.1313,23.087],[-80.225,23.0895],[-80.197,23.1243]]],[[[-80.8282,23.1789],[-80.8306,23.1356],[-80.9717,23.1107],[-80.8282,23.1789]]],[[[-78.6515,20.6649],[-78.6436,20.6633],[-78.6298,20.6588],[-78.6312,20.6531],[-78.6465,20.6523],[-78.6562,20.6585],[-78.6547,20.6638],[-78.6515,20.6649]]],[[[-82.6452,21.9545],[-82.6077,21.9387],[-82.5912,21.9267],[-82.6029,21.9219],[-82.6301,21.9207],[-82.6579,21.9321],[-82.6681,21.9491],[-82.6452,21.9545]]],[[[-79.8263,22.9647],[-79.8465,22.9103],[-79.8712,22.9477],[-79.8263,22.9647]]]]}},{"type":"Feature","properties":{"name":"Honduras","ISO3166-1-Alpha-2":"HN"},"geometry":{"type":"MultiPolygon","coordinates":[[[[-89.3616,14.4155],[-89.1608,15.0602],[-87.5913,15.9355],[-84.9999,15.9879],[-83.1304,14.997],[-84.4827,14.6195],[-84.9042,14.817],[-85.7425,13.8237],[-86.0202,14.0552],[-86.7662,13.7453],[-86.704,13.2988],[-87.035,12.9798],[-87.314,12.9816],[-87.4006,13.4112],[-87.8172,13.4066],[-87.8179,13.9159],[-88.4968,13.8512],[-89.3616,14.4155]]],[[[-87.6223,13.3689],[-87.5708,13.372],[-87.5913,13.3044],[-87.659,13.3317],[-87.6223,13.3689]]],[[[-86.8787,16.1273],[-86.8787,16.0932],[-86.9974,16.084],[-86.8787,16.1273]]],[[[-86.6065,16.285],[-86.4404,16.3965],[-86.1818,16.4282],[-86.6065,16.285]]],[[[-85.9115,16.462],[-85.817,16.4983],[-85.9471,16.4032],[-85.9115,16.462]]]]}},{"type":"Feature","properties":{"name":"Ecuador","ISO3166-1-Alpha-2":"EC"},"geometry":{"type":"MultiPolygon","coordinates":[[[[-78.8287,1.4343],[-77.3975,0.3876],[-76.5654,0.2161],[-76.3005,0.4616],[-75.2835,-0.107],[-75.6432,-0.1288],[-75.2273,-0.9698],[-76.0912,-2.1289],[-78.3508,-3.3896],[-79.0639,-5.0114],[-79.658,-4.4387],[-80.4923,-4.413],[-80.492,-4.0149],[-80.1653,-3.89],[-80.3411,-3.3686],[-79.7264,-2.5938],[-79.7656,-2.005],[-80.2555,-2.7302],[-81.013,-2.1669],[-80.7374,-2.0435],[-80.9096,-1.0449],[-80.299,-0.6622],[-80.4965,-0.3814],[-80.0513,0.09],[-80.0758,0.8161],[-78.9917,1.1197],[-78.8287,1.4343]]],[[[-80.0599,-2.6628],[-79.9072,-2.7324],[-80.131,-3.0209],[-80.2659,-3.0185],[-80.2107,-2.7249],[-80.0599,-2.6628]]],[[[-89.6613,-1.3401],[-89.6146,-1.37],[-89.6433,-1.4016],[-89.7569,-1.3606],[-89.6613,-1.3401]]],[[[-90.3807,-1.2545],[-90.4321,-1.346],[-90.524,-1.3059],[-90.4719,-1.2167],[-90.3807,-1.2545]]],[[[-89.3081,-0.6856],[-89.2572,-0.6816],[-89.2732,-0.7599],[-89.42,-0.9194],[-89.5446,-0.9566],[-89.63,-0.9259],[-89.4132,-0.7135],[-89.3081,-0.6856]]],[[[-90.192,-0.5383],[-90.1988,-0.6816],[-90.3371,-0.777],[-90.5445,-0.6816],[-90.5276,-0.5699],[-90.4606,-0.5138],[-90.264,-0.483],[-90.192,-0.5383]]],[[[-91.4011,-0.4529],[-91.5076,-0.4904],[-91.6065,-0.4563],[-91.6686,-0.2849],[-91.4557,-0.2576],[-91.3995,-0.3079],[-91.4011,-0.4529]]],[[[-90.565,-0.2849],[-90.6049,-0.3698],[-90.8182,-0.3396],[-90.8741,-0.2713],[-90.7773,-0.1477],[-90.6325,-0.2013],[-90.565,-0.2849]]],[[[-90.8114,-0.7306],[-91.4359,-0.9975],[-91.0868,-0.5825],[-91.4973,0.1061],[-90.8114,-0.7306]]],[[[-90.5138,0.2835],[-90.5423,0.3336],[-90.5045,0.361],[-90.4079,0.3109],[-90.4546,0.2674],[-90.5138,0.2835]]],[[[-90.7978,0.6535],[-90.757,0.6306],[-90.7445,0.5854],[-90.7606,0.5537],[-90.8052,0.5716],[-90.7982,0.5928],[-90.8049,0.6356],[-90.7978,0.6535]]],[[[-78.9017,1.3742],[-78.8993,1.2714],[-78.9569,1.2363],[-78.9954,1.2868],[-78.9017,1.3742]]],[[[-91.822,1.3945],[-91.8175,1.3948],[-91.8205,1.3913],[-91.822,1.3945]]],[[[-92.0116,1.6586],[-92.0061,1.6644],[-91.9998,1.66],[-91.9998,1.6512],[-92.0067,1.6496],[-92.0116,1.6586]]],[[[-79.8196,-2.4859],[-79.7726,-2.542],[-79.8772,-2.6497],[-79.8196,-2.4859]]]]}},{"type":"Feature","properties":{"name":"Colombia","ISO3166-1-Alpha-2":"CO"},"geometry":{"type":"MultiPolygon","coordinates":[[[[-78.8287,1.4343],[-79.0215,1.6383],[-78.5712,1.7822],[-78.5741,2.4332],[-77.7604,2.5916],[-77.0316,3.9158],[-77.4352,4.0294],[-77.3454,6.5661],[-77.8958,7.2351],[-77.7642,7.7057],[-77.58,7.5284],[-77.1633,7.9393],[-77.434,8.6283],[-76.7572,7.9236],[-76.9472,8.5455],[-75.6206,9.4529],[-75.7036,10.1344],[-75.2674,10.7953],[-74.8444,11.1097],[-74.2978,10.9915],[-74.597,10.8678],[-74.3951,10.7495],[-74.1534,11.3437],[-73.2924,11.294],[-72.2631,11.886],[-72.1387,12.256],[-71.2618,12.3419],[-71.1381,12.0158],[-71.9906,11.6491],[-72.683,10.8556],[-73.3911,9.1728],[-72.791,9.1139],[-72.3358,8.1039],[-72.4787,7.4845],[-71.9938,7.0129],[-70.1292,6.9725],[-69.2461,6.0807],[-67.45,6.1979],[-67.8751,4.5326],[-67.3095,3.3839],[-67.8559,2.7898],[-67.1897,2.3944],[-66.8835,1.3499],[-67.0861,1.176],[-67.4246,2.1381],[-67.9288,1.7413],[-68.1922,2.0149],[-68.1633,1.7213],[-69.8562,1.7077],[-69.8522,1.0594],[-69.2888,1.0384],[-69.1375,0.6501],[-70.0542,0.5881],[-70.068,-0.1601],[-69.3995,-1.1827],[-69.965,-4.2365],[-70.7341,-3.782],[-70.1058,-2.6252],[-71.7461,-2.1323],[-72.9354,-2.4253],[-73.6366,-1.2552],[-74.2668,-0.9723],[-74.8247,-0.1705],[-76.3005,0.4616],[-76.5654,0.2161],[-77.3975,0.3876],[-78.8287,1.4343]]],[[[-78.1314,2.6273],[-78.0962,2.54],[-78.1344,2.5044],[-78.207,2.5753],[-78.2167,2.6702],[-78.1659,2.6855],[-78.1314,2.6273]]],[[[-77.9023,2.6962],[-77.785,2.5938],[-77.8881,2.5938],[-77.9023,2.6962]]],[[[-77.8061,2.6621],[-77.7591,2.6031],[-77.8471,2.6484],[-77.8826,2.7246],[-77.8061,2.6621]]],[[[-77.353,4.2653],[-77.2717,4.2585],[-77.303,4.2176],[-77.5495,4.2048],[-77.4356,4.2585],[-77.4281,4.341],[-77.353,4.2653]]],[[[-78.1866,2.9904],[-78.1671,2.9597],[-78.2203,2.9336],[-78.1866,2.9904]]],[[[-75.5868,10.3678],[-75.5353,10.3506],[-75.5907,10.319],[-75.5868,10.3678]]]]}},{"type":"Feature","properties":{"name":"Paraguay","ISO3166-1-Alpha-2":"PY"},"geometry":{"type":"Polygon","coordinates":[[[-62.6504,-22.2345],[-61.7532,-19.6459],[-59.0696,-19.2915],[-58.1644,-19.8329],[-57.8176,-20.9536],[-57.9862,-22.0745],[-55.861,-22.2895],[-55.4207,-23.9545],[-54.6392,-23.8044],[-54.2453,-24.0506],[-54.7931,-26.645],[-55.7547,-27.4437],[-56.1246,-27.2989],[-56.3997,-27.5868],[-58.6042,-27.3163],[-57.5753,-25.5644],[-57.7541,-25.1809],[-61.0063,-23.8055],[-62.6504,-22.2345]]]}},{"type":"Feature","properties":{"name":"Brazilian Island","ISO3166-1-Alpha-2":"-99"},"geometry":{"type":"Polygon","coordinates":[[[-57.6425,-30.1931],[-57.634,-30.1836],[-57.6117,-30.183],[-57.6028,-30.1905],[-57.6425,-30.1931]]]}},{"type":"Feature","properties":{"name":"Portugal","ISO3166-1-Alpha-2":"PT"},"geometry":{"type":"MultiPolygon","coordinates":[[[[-7.1049,38.8272],[-7.3592,38.4464],[-6.9475,38.1966],[-7.5297,37.5672],[-7.4076,37.1649],[-8.9979,37.0215],[-8.7522,37.7308],[-8.9426,38.4814],[-8.6068,38.4187],[-9.2306,38.4187],[-9.2527,38.6655],[-8.7651,39.0977],[-9.1125,38.7142],[-9.4975,38.8098],[-8.5727,40.7556],[-8.7508,40.6531],[-8.8803,41.7369],[-8.6269,42.051],[-8.2224,42.1536],[-8.0935,41.8067],[-6.6095,41.9623],[-6.2059,41.5703],[-6.9425,41.016],[-7.0211,39.694],[-7.5573,39.6798],[-6.9857,39.0668],[-7.1049,38.8272]]],[[[-16.34,33.0572],[-16.3983,33.0398],[-16.3617,33.0903],[-16.2891,33.1087],[-16.2754,33.0602],[-16.34,33.0572]]],[[[-25.0668,37.0215],[-25.0271,36.9343],[-25.1691,36.946],[-25.2017,36.9904],[-25.0668,37.0215]]],[[[-28.1095,38.4466],[-28.0471,38.4326],[-28.0542,38.3985],[-28.4595,38.4057],[-28.5489,38.5286],[-28.3745,38.5505],[-28.1095,38.4466]]],[[[-28.6097,38.5974],[-28.6234,38.5224],[-28.727,38.5149],[-28.8424,38.5994],[-28.7196,38.6452],[-28.6097,38.5974]]],[[[-27.891,38.6042],[-27.7789,38.5671],[-27.7965,38.5416],[-28.0345,38.5901],[-28.3155,38.7551],[-27.891,38.6042]]],[[[-27.0201,38.6937],[-27.0891,38.631],[-27.2284,38.6411],[-27.3527,38.6844],[-27.3917,38.7589],[-27.2982,38.8035],[-27.1443,38.7961],[-27.0201,38.6937]]],[[[-27.9835,39.0151],[-28.0616,39.0363],[-28.0548,39.0977],[-27.9422,39.053],[-27.9835,39.0151]]],[[[-31.2079,39.5086],[-31.1407,39.4827],[-31.1316,39.423],[-31.1772,39.3556],[-31.2548,39.3581],[-31.2809,39.4431],[-31.2558,39.5075],[-31.2079,39.5086]]],[[[-31.1173,39.7283],[-31.0802,39.6933],[-31.1316,39.6588],[-31.1173,39.7283]]],[[[-16.028,30.0336],[-16.0231,30.0323],[-16.023,30.0292],[-16.0273,30.0296],[-16.028,30.0336]]]]}},{"type":"Feature","properties":{"name":"Moldova","ISO3166-1-Alpha-2":"MD"},"geometry":{"type":"Polygon","coordinates":[[[26.6179,48.259],[27.6048,48.4841],[29.124,47.976],[29.1556,47.45],[29.5566,47.324],[29.5587,46.9457],[30.1316,46.4228],[28.9458,46.4548],[28.9569,46.0014],[28.1995,45.4618],[28.0827,46.9715],[26.6179,48.259]]]}},{"type":"Feature","properties":{"name":"Turkmenistan","ISO3166-1-Alpha-2":"TM"},"geometry":{"type":"MultiPolygon","coordinates":[[[[61.2697,35.6185],[61.1658,36.6363],[60.3423,36.6371],[59.3123,37.5303],[57.3524,37.9675],[57.1859,38.2765],[55.4474,38.0837],[54.654,37.4389],[53.9137,37.3428],[53.9828,38.916],[53.562,39.3533],[53.1615,39.1796],[53.2759,39.6649],[53.7332,39.528],[53.4168,39.65],[53.5745,39.9679],[52.9136,40.0217],[53.0081,39.7663],[52.7366,40.4846],[52.9165,41.0851],[53.721,40.6257],[54.4036,40.6737],[54.25,40.8906],[54.7674,41.0368],[54.074,41.488],[53.8187,42.1244],[52.9603,41.9844],[52.8823,41.0504],[52.4377,41.7489],[54.1226,42.3376],[55.4783,41.2668],[57.0102,41.2541],[56.9784,41.8951],[58.016,42.4997],[58.4906,42.2976],[58.1213,42.6242],[58.5879,42.7912],[60.0282,42.1995],[60.0942,41.3895],[61.8779,41.125],[62.4528,40.0092],[63.7093,39.1909],[66.6243,37.9938],[66.5196,37.3642],[65.7614,37.5784],[64.8079,37.1355],[64.4777,36.2716],[63.1041,35.8565],[63.0802,35.4371],[62.6936,35.2484],[62.2862,35.1406],[61.2697,35.6185]]],[[[53.03,39.0613],[53.0879,39.0881],[53.054,39.0268],[53.1021,38.7551],[53.03,39.0613]]],[[[53.4685,39.5849],[53.5129,39.5912],[53.5344,39.5277],[53.4919,39.5086],[53.4685,39.5849]]]]}},{"type":"Feature","properties":{"name":"Jordan","ISO3166-1-Alpha-2":"JO"},"geometry":{"type":"Polygon","coordinates":[[[35.6118,32.6819],[36.8066,32.313],[38.7745,33.3717],[39.0288,32.3283],[39.292,32.2445],[36.9595,31.491],[37.9814,30.4988],[36.0164,29.19],[34.9494,29.3517],[35.6118,32.6819]]]}},{"type":"Feature","properties":{"name":"Nepal","ISO3166-1-Alpha-2":"NP"},"geometry":{"type":"Polygon","coordinates":[[[88.1182,27.8609],[88.0443,26.4057],[86.7136,26.4146],[85.1949,26.7589],[84.1172,27.5133],[82.7521,27.495],[80.0311,28.8978],[80.369,29.7579],[81.614,30.4169],[83.5237,29.1836],[84.0897,29.2566],[84.4508,28.7339],[85.161,28.595],[85.1094,28.2923],[85.6929,28.3352],[85.9627,27.8914],[86.156,28.1565],[86.4253,27.9099],[86.662,28.1068],[88.1182,27.8609]]]}},{"type":"Feature","properties":{"name":"Lesotho","ISO3166-1-Alpha-2":"LS"},"geometry":{"type":"Polygon","coordinates":[[[28.9808,-28.909],[29.4359,-29.3424],[29.1442,-29.9197],[28.3839,-30.1442],[28.0788,-30.6588],[27.3662,-30.311],[27.0022,-29.6665],[27.7474,-28.9086],[28.6343,-28.5708],[28.9808,-28.909]]]}},{"type":"Feature","properties":{"name":"Cameroon","ISO3166-1-Alpha-2":"CM"},"geometry":{"type":"Polygon","coordinates":[[[11.3221,2.1658],[9.8109,2.2649],[9.9295,3.2716],[9.5459,3.8196],[9.7546,4.1357],[9.3435,3.9158],[8.9712,4.1008],[8.847,4.6397],[8.5103,4.527],[8.8452,5.831],[10.1429,7.0077],[10.496,6.8747],[10.5787,7.1308],[11.2555,6.43],[11.8722,7.0794],[12.227,8.3863],[12.7945,8.7886],[13.7548,11.0167],[14.6162,11.5387],[14.6683,12.1781],[14.1889,12.3704],[14.0649,13.078],[14.4182,13.0811],[15.0812,11.9717],[15.1382,10.5217],[15.6812,9.9913],[14.1817,9.9782],[13.9459,9.6526],[15.5629,7.7924],[14.3873,6.039],[15.0849,3.8858],[16.0924,2.8633],[16.1558,1.7191],[14.5621,2.2088],[11.3221,2.1658]]]}},{"type":"Feature","properties":{"name":"Gabon","ISO3166-1-Alpha-2":"GA"},"geometry":{"type":"MultiPolygon","coordinates":[[[[13.2946,2.1611],[13.1502,1.2566],[14.1445,1.3916],[14.4681,0.9132],[13.8312,-0.2054],[14.49,-0.6009],[14.4045,-1.8931],[14.09,-2.4986],[13.7432,-2.0971],[13.4589,-2.441],[12.969,-2.3724],[12.6324,-1.8252],[12.4593,-2.3299],[11.5662,-2.3297],[11.9055,-3.6435],[11.4826,-3.5093],[11.114,-3.9369],[9.7251,-2.4814],[10.1375,-2.5274],[9.597,-2.3522],[8.9836,-1.2309],[9.2803,-1.6751],[9.5596,-1.6076],[9.03,-1.2991],[8.6956,-0.5866],[9.0115,-0.8746],[9.3454,0.3558],[9.488,0.0983],[10.0256,0.188],[9.3057,0.5443],[9.6079,0.4692],[9.5921,1.0144],[11.3363,0.9992],[11.3516,2.3006],[13.2946,2.1611]]],[[[8.9972,-0.6276],[9.0415,-0.6699],[9.0066,-0.7621],[8.9495,-0.6617],[8.9972,-0.6276]]],[[[9.3768,0.81],[9.3841,0.8096],[9.3796,0.807],[9.3768,0.81]]]]}},{"type":"Feature","properties":{"name":"Niger","ISO3166-1-Alpha-2":"NE"},"geometry":{"type":"Polygon","coordinates":[[[3.5964,11.6958],[2.8443,12.3992],[2.37,12.2363],[2.3902,11.8965],[2.109,12.7056],[1.5639,12.6321],[0.9835,13.0324],[0.9835,13.3684],[1.2687,13.3461],[0.5943,13.6889],[0.1529,14.5467],[0.2213,14.9959],[3.5071,15.354],[3.8461,15.6853],[4.184,16.4161],[4.2286,19.1422],[5.7943,19.4498],[7.4827,20.8726],[11.9689,23.5174],[13.4823,23.1797],[14.2162,22.6163],[14.9799,22.9957],[15.1845,21.4912],[15.9703,20.3363],[15.472,16.9167],[13.4495,14.439],[13.6073,13.7041],[12.4727,13.0642],[10.675,13.3751],[9.5903,12.8014],[7.824,13.3453],[6.9371,12.9954],[6.3022,13.6638],[4.8249,13.7707],[4.1258,13.473],[3.5964,11.6958]]]}},{"type":"Feature","properties":{"name":"Burkina Faso","ISO3166-1-Alpha-2":"BF"},"geometry":{"type":"Polygon","coordinates":[[[2.3902,11.8965],[0.9633,10.9741],[-2.8373,10.998],[-2.7637,9.3919],[-3.2148,9.9156],[-4.6811,9.6821],[-5.5226,10.4255],[-5.2183,11.4222],[-5.4124,11.8285],[-4.4061,12.3075],[-4.327,13.1686],[-3.9777,13.4999],[-3.4495,13.1688],[-3.287,13.6978],[-2.8952,13.6516],[-2.5974,14.2223],[-2.0359,14.1812],[-1.9971,14.4707],[-0.7197,15.0785],[0.2185,14.911],[0.5943,13.6889],[1.2687,13.3461],[0.9835,13.3684],[0.9835,13.0324],[1.5639,12.6321],[2.109,12.7056],[2.3902,11.8965]]]}},{"type":"Feature","properties":{"name":"Togo","ISO3166-1-Alpha-2":"TG"},"geometry":{"type":"Polygon","coordinates":[[[-0.1661,11.135],[0.9015,10.9927],[0.7607,10.3822],[1.3438,9.9624],[1.6196,6.2139],[1.1854,6.1005],[0.5193,6.8322],[0.7128,8.298],[0.3659,8.7743],[0.5314,9.4011],[0.2268,9.4323],[0.3966,10.2832],[-0.0881,10.6335],[-0.1661,11.135]]]}},{"type":"Feature","properties":{"name":"Ghana","ISO3166-1-Alpha-2":"GH"},"geometry":{"type":"Polygon","coordinates":[[[-0.1661,11.135],[-0.0881,10.6335],[0.3966,10.2832],[0.2268,9.4323],[0.5314,9.4011],[0.3659,8.7743],[0.7128,8.298],[0.5161,6.8418],[1.1854,6.1005],[-1.9814,4.7524],[-3.1196,5.0913],[-2.7301,5.3732],[-3.2417,6.8109],[-2.5063,8.2093],[-2.8373,10.998],[-0.6348,10.908],[-0.1661,11.135]]]}},{"type":"Feature","properties":{"name":"Guinea-Bissau","ISO3166-1-Alpha-2":"GW"},"geometry":{"type":"MultiPolygon","coordinates":[[[[-13.7283,12.6734],[-13.9725,12.1516],[-13.7299,11.7098],[-14.7111,11.4976],[-15.0852,10.9276],[-15.0009,11.2168],[-15.2301,10.9948],[-15.2681,11.433],[-15.5071,11.3579],[-15.0073,11.6118],[-15.5514,11.7331],[-14.9359,11.753],[-15.0072,11.9783],[-15.959,11.7348],[-15.7137,12.0158],[-16.3551,12.0873],[-16.0631,12.351],[-16.7284,12.3325],[-13.7283,12.6734]]],[[[-15.9464,11.2003],[-15.8776,11.0736],[-15.9782,11.0481],[-15.9259,11.0904],[-15.9669,11.0978],[-15.9464,11.2003]]],[[[-15.9738,11.1592],[-16.0171,11.0687],[-16.057,11.1636],[-15.9812,11.2071],[-15.9738,11.1592]]],[[[-16.0489,11.1183],[-16.0557,11.0495],[-16.132,11.029],[-16.248,11.1047],[-16.1,11.2082],[-16.0489,11.1183]]],[[[-15.8571,11.3027],[-15.8258,11.2927],[-15.8713,11.2003],[-15.8965,11.2487],[-15.8571,11.3027]]],[[[-15.6584,11.3027],[-15.6584,11.2338],[-15.6932,11.2555],[-15.7268,11.1661],[-15.7733,11.1731],[-15.754,11.2759],[-15.6584,11.3027]]],[[[-16.173,11.2208],[-16.2816,11.2426],[-16.2065,11.3101],[-16.1544,11.2892],[-16.173,11.2208]]],[[[-15.6653,11.4945],[-15.6796,11.4404],[-15.7351,11.4499],[-15.6653,11.4945]]],[[[-16.2549,11.4473],[-16.3021,11.4535],[-16.2367,11.508],[-16.1655,11.5156],[-16.214,11.4404],[-16.2549,11.4473]]],[[[-16.2755,11.4955],[-16.4194,11.4882],[-16.4263,11.5292],[-16.248,11.5838],[-16.2755,11.4955]]],[[[-16.0221,11.5122],[-15.9396,11.6049],[-15.898,11.4535],[-16.0352,11.42],[-16.0836,11.4678],[-16.0221,11.5122]]],[[[-15.4735,11.6323],[-15.4717,11.5661],[-15.5697,11.5497],[-15.5663,11.5105],[-15.6303,11.529],[-15.4735,11.6323]]],[[[-16.1655,11.8712],[-15.9856,11.8874],[-16.0414,11.7551],[-16.1548,11.8078],[-16.1655,11.8712]]]]}},{"type":"Feature","properties":{"name":"Gibraltar","ISO3166-1-Alpha-2":"GI"},"geometry":{"type":"Polygon","coordinates":[[[-5.3584,36.1411],[-5.3388,36.1411],[-5.3399,36.1298],[-5.3391,36.1238],[-5.342,36.1105],[-5.3502,36.1193],[-5.3584,36.1411]]]}},{"type":"Feature","properties":{"name":"United States of America","ISO3166-1-Alpha-2":"US"},"geometry":{"type":"MultiPolygon","coordinates":[[[[-122.753,48.9925],[-95.1771,48.9927],[-95.1606,49.3695],[-94.8391,49.3089],[-94.5929,48.7264],[-92.9797,48.6177],[-91.5748,48.0482],[-90.8738,48.2343],[-89.3636,47.9796],[-88.3765,48.3051],[-84.8787,46.8979],[-84.5666,46.4612],[-84.1104,46.5265],[-83.9646,46.0632],[-83.4628,46.0078],[-83.6369,45.7739],[-82.5483,45.3346],[-82.1457,43.5764],[-82.5262,42.6199],[-83.1595,42.0463],[-82.6669,41.6691],[-79.0194,42.8027],[-79.1743,43.4645],[-78.7508,43.6171],[-76.8415,43.6255],[-74.9037,45.0052],[-70.8924,45.2346],[-69.2373,47.4588],[-67.8136,47.0819],[-67.807,45.7129],[-66.9773,44.8155],[-68.0605,44.3283],[-68.4782,44.4934],[-68.5414,44.2373],[-68.8016,44.5603],[-69.1914,43.9522],[-69.5924,43.8077],[-69.6296,44.0273],[-69.758,43.7595],[-69.7747,44.06],[-69.8282,43.6983],[-70.2869,43.6505],[-70.8638,42.8262],[-70.597,42.6345],[-71.0468,42.3215],[-70.3352,41.7192],[-70.0001,41.8163],[-70.0812,42.0584],[-69.9389,41.6742],[-71.1859,41.4687],[-71.1107,41.7971],[-71.3913,41.8188],[-71.4977,41.3663],[-72.91,41.3051],[-73.8938,40.8039],[-73.9759,41.2922],[-74.2827,40.4973],[-73.9792,40.4493],[-74.093,39.7763],[-74.4134,39.3571],[-74.9547,38.9264],[-74.9063,39.1796],[-75.5582,39.6135],[-75.0236,40.0163],[-75.5922,39.6492],[-75.0447,38.425],[-75.9491,37.125],[-75.6331,37.96],[-75.875,37.9511],[-75.8433,38.4044],[-76.319,38.4739],[-75.9702,38.6066],[-76.3413,38.6732],[-76.1061,38.878],[-76.3747,38.8416],[-75.8317,39.5844],[-76.6232,39.2597],[-76.3819,38.3846],[-76.6736,38.4861],[-76.3239,38.0438],[-77.2553,38.3935],[-77.0683,38.9019],[-77.3431,38.3487],[-76.2479,37.9035],[-76.505,37.6569],[-77.1339,38.166],[-76.2842,37.5696],[-76.496,37.2491],[-76.7982,37.5044],[-76.2699,37.0693],[-77.2743,37.3164],[-76.67,37.185],[-76.5244,36.8632],[-76.0046,36.9324],[-75.5238,35.7944],[-75.9469,36.7185],[-75.7855,36.0816],[-76.1988,36.3227],[-76.0635,36.162],[-76.5773,36.0124],[-76.7298,36.3227],[-76.7298,35.9453],[-76.0483,35.9837],[-76.0372,35.651],[-75.7218,35.8292],[-76.1504,35.3472],[-77.052,35.5344],[-76.4704,35.2706],[-76.7645,34.9892],[-77.0793,35.157],[-76.9403,34.9798],[-76.3463,34.8832],[-77.3365,34.5611],[-77.4356,34.7535],[-77.942,33.9305],[-77.9626,34.1911],[-78.0178,33.8963],[-78.7633,33.7786],[-79.387,33.0173],[-80.6698,32.5211],[-80.5533,32.2788],[-80.855,32.5395],[-80.6778,32.2147],[-81.4924,31.3677],[-81.2677,31.2587],[-81.5334,30.8537],[-81.2938,29.8941],[-80.0382,26.8112],[-80.4025,25.1862],[-81.102,25.1247],[-80.9172,25.2458],[-81.3485,25.8168],[-81.732,25.9205],[-82.0087,26.4845],[-81.7804,26.715],[-82.0391,26.5279],[-81.9784,26.9962],[-82.3138,26.8494],[-82.7292,27.5147],[-82.4217,27.9172],[-82.8424,27.8285],[-82.6336,28.8876],[-83.6806,29.9213],[-84.2091,30.1071],[-85.3461,29.6784],[-85.5868,30.3261],[-87.1941,30.3603],[-86.8938,30.4389],[-87.0296,30.6073],[-88.0301,30.2238],[-87.7642,30.2795],[-88.0301,30.7377],[-88.1377,30.3198],[-90.405,30.2202],[-89.6674,30.164],[-89.6645,29.8755],[-89.366,30.0487],[-89.7569,29.6341],[-89.0102,29.1747],[-89.4136,28.9284],[-89.2762,29.1601],[-89.8163,29.4744],[-90.182,29.5795],[-90.2292,29.0867],[-90.4344,29.3572],[-90.884,29.1338],[-91.8475,29.8312],[-92.3143,29.5344],[-93.831,29.7001],[-93.8541,29.9866],[-93.8758,29.675],[-94.7628,29.3665],[-94.486,29.5661],[-95.0523,29.7497],[-94.8211,29.374],[-95.1589,29.0457],[-96.2189,28.4895],[-95.9878,28.6448],[-96.6509,28.7297],[-96.4038,28.4349],[-96.7933,28.4797],[-97.1841,27.8366],[-97.5211,27.8732],[-97.2596,27.6951],[-97.4112,27.335],[-97.7743,27.4685],[-97.4261,27.2637],[-97.562,26.8379],[-97.1375,25.9745],[-97.366,25.8439],[-99.1064,26.423],[-99.515,27.5886],[-101.4051,29.7784],[-102.321,29.8939],[-103.3866,29.0288],[-104.5166,29.6543],[-104.9343,30.6105],[-106.3918,31.7459],[-108.2151,31.7778],[-108.2148,31.3274],[-111.0671,31.3336],[-114.8221,32.5002],[-114.7243,32.7128],[-117.1251,32.5317],[-117.5088,33.3352],[-118.5141,34.0222],[-120.6366,34.5629],[-120.6449,35.1394],[-121.8997,36.3044],[-121.8042,36.836],[-122.5205,37.5314],[-122.4086,37.8104],[-122.0321,37.4634],[-122.3663,38.0123],[-121.4454,38.0039],[-123.0275,37.9945],[-122.9963,38.2427],[-122.8323,38.0959],[-123.7262,38.9186],[-123.854,39.8335],[-124.4092,40.4438],[-124.0683,41.5393],[-124.5668,42.834],[-124.0702,43.7117],[-124.0227,46.2308],[-123.1801,46.1791],[-124.0802,46.2717],[-124.0629,46.6549],[-123.9581,46.3782],[-123.764,46.6784],[-124.1268,46.8985],[-123.8131,46.959],[-124.1785,46.9255],[-124.7275,48.3877],[-122.7702,48.1411],[-122.6201,47.8776],[-123.1613,47.3568],[-122.5281,47.9055],[-122.5685,47.2641],[-123.0788,47.1303],[-122.7225,47.0893],[-122.3285,47.3571],[-122.1917,48.0263],[-122.6835,48.4302],[-122.4403,48.5807],[-122.753,48.9925]]],[[[-141.0056,69.6509],[-140.9949,60.3044],[-139.0795,60.341],[-139.1821,60.0734],[-137.6114,59.2393],[-137.4869,58.9001],[-136.5695,59.1722],[-136.2585,59.6216],[-135.0879,59.6065],[-133.3922,58.4039],[-131.8256,56.5933],[-130.0715,56.0841],[-129.9892,55.284],[-130.6913,54.7626],[-131.0097,55.0054],[-130.4616,55.3319],[-131.057,55.1263],[-130.6125,55.2971],[-131.1964,55.9714],[-131.0097,56.1126],[-132.1716,55.5885],[-131.963,56.1574],[-131.4895,56.2225],[-132.5402,56.6315],[-132.3597,56.8184],[-132.7954,57.0927],[-133.552,57.1815],[-133.0381,57.3671],[-133.4195,57.3439],[-133.3131,57.593],[-133.6483,57.7028],[-133.004,57.5179],[-133.552,57.9151],[-133.1241,57.8571],[-134.0597,58.0722],[-133.7718,58.5246],[-134.1579,58.2043],[-134.7562,58.3815],[-135.3483,59.4706],[-135.5538,59.3198],[-135.3074,59.087],[-135.5538,59.2304],[-135.0938,58.2373],[-135.9094,58.3813],[-136.0739,58.8126],[-135.773,58.9045],[-136.1574,59.0376],[-136.2097,58.7508],[-137.0461,59.069],[-137.1297,58.8263],[-136.0623,58.4743],[-136.6648,58.2204],[-138.4491,59.1916],[-139.857,59.5463],[-139.4732,59.9936],[-139.2899,59.5762],[-139.2804,59.8337],[-138.8974,59.8132],[-139.5209,60.0515],[-140.3227,59.7012],[-141.454,59.8821],[-141.3777,60.1422],[-144.2496,60.0323],[-144.9416,60.3066],[-144.6228,60.717],[-145.2695,60.3571],[-145.9388,60.4561],[-145.629,60.6791],[-146.6957,60.7448],[-146.0931,60.841],[-146.7354,60.9239],[-146.278,61.1227],[-147.3646,60.8913],[-147.5611,61.1559],[-147.7956,60.8274],[-148.0504,60.9501],[-147.7305,61.2799],[-148.7037,60.7927],[-148.1966,60.6287],[-148.6899,60.4572],[-147.9359,60.4612],[-148.4354,59.9593],[-149.2859,59.8747],[-149.4087,60.1237],[-149.5267,59.7176],[-149.7247,59.9641],[-149.7461,59.6672],[-150.0317,59.7993],[-150.9586,59.2037],[-151.8931,59.2206],[-150.9928,59.779],[-151.8718,59.7495],[-151.306,60.3869],[-151.3969,60.738],[-150.387,61.0473],[-149.0258,60.8547],[-150.0673,61.1557],[-149.4282,61.5132],[-151.5668,60.9945],[-152.5963,60.2285],[-153.0826,60.2998],[-152.5786,60.0812],[-152.7189,59.9156],[-153.4526,59.7927],[-154.2613,59.1484],[-153.2642,58.8574],[-154.1105,58.4775],[-154.2468,58.1264],[-156.5446,57.3227],[-156.34,57.2853],[-156.5498,56.9829],[-158.431,56.4381],[-158.6464,56.2707],[-158.1195,56.2362],[-158.4276,56.0065],[-158.6396,56.2021],[-158.6829,55.9584],[-159.545,55.8896],[-159.6265,55.5783],[-159.8458,55.8512],[-161.2792,55.3549],[-161.4792,55.4849],[-161.1449,55.535],[-161.6208,55.613],[-162.0013,55.0932],[-162.6453,55.3],[-162.5599,54.9612],[-163.1831,55.1391],[-163.0499,54.9418],[-163.3414,54.8111],[-163.3345,55.1195],[-161.8,55.8897],[-160.2435,55.7768],[-160.5799,55.9897],[-160.1887,56.3869],[-158.6396,56.7637],[-158.3124,57.3149],[-157.4138,57.4899],[-157.7099,57.6525],[-157.6055,58.1052],[-157.1395,58.1684],[-157.5621,58.3637],[-156.7832,59.1552],[-158.2034,58.613],[-158.4975,58.994],[-157.9954,58.9083],[-158.5441,59.1758],[-158.8817,58.3996],[-160.3522,59.0707],[-162.1761,58.6449],[-161.6774,58.7735],[-161.8558,59.0338],[-161.5692,59.1151],[-161.9741,59.1314],[-161.7139,59.5014],[-162.4586,60.2951],[-161.8815,60.7039],[-162.7033,60.2657],[-162.5258,59.9975],[-164.0983,59.8337],[-164.9856,60.5468],[-165.4312,60.553],[-164.9374,60.9365],[-164.2708,60.7879],[-164.4204,60.5543],[-163.9556,60.7799],[-163.6865,60.5897],[-163.409,60.7523],[-163.9304,60.8547],[-163.5636,60.9133],[-165.1708,60.9416],[-164.7665,61.1086],[-165.3627,61.2128],[-164.7241,61.6256],[-165.3737,61.0716],[-166.1999,61.5945],[-165.7664,61.6908],[-166.1028,61.8211],[-165.5882,61.8621],[-165.7056,62.1166],[-165.133,62.5157],[-164.5819,62.4262],[-164.858,62.5636],[-164.4791,62.7459],[-164.8832,62.8415],[-164.314,63.0141],[-164.4235,63.209],[-163.094,63.0574],[-162.3094,63.5466],[-161.0565,63.5744],[-160.767,63.8241],[-160.9735,64.2505],[-161.5389,64.3976],[-160.7916,64.7259],[-161.8064,64.8227],[-162.7813,64.3437],[-163.149,64.6583],[-163.3898,64.5969],[-163.1659,64.4106],[-166.1897,64.5852],[-166.9574,65.1781],[-166.0312,65.2431],[-168.1374,65.665],[-164.2744,66.6023],[-163.6287,66.57],[-164.1911,66.1933],[-163.7591,66.0902],[-161.0933,66.1243],[-161.2603,66.3692],[-161.9119,66.2789],[-162.4848,66.9604],[-161.6338,66.458],[-160.2285,66.4121],[-160.275,66.6546],[-161.4954,66.5367],[-161.902,66.7351],[-161.5252,66.9914],[-162.3601,67.1674],[-163.725,67.1113],[-164.1515,67.6196],[-166.829,68.3514],[-166.3151,68.406],[-166.2226,68.8858],[-163.6225,69.1192],[-161.9057,70.3206],[-159.9471,70.5972],[-160.2019,70.4766],[-159.7712,70.1955],[-159.8258,70.4971],[-159.2914,70.5381],[-160.1274,70.6262],[-159.6682,70.805],[-157.8649,70.8664],[-156.4715,71.4125],[-155.5734,71.1504],[-156.1873,70.9217],[-155.9781,70.7597],[-155.0897,71.1549],[-154.2303,70.7784],[-152.3275,70.8569],[-152.5091,70.6639],[-152.0753,70.579],[-152.6301,70.5585],[-151.9797,70.4487],[-149.4885,70.523],[-144.9416,69.978],[-143.2357,70.1182],[-141.0056,69.6509]]],[[[-123.0905,48.9925],[-123.0353,48.9925],[-123.0453,48.9844],[-123.0885,48.9722],[-123.0893,48.988],[-123.0905,48.9925]]],[[[-73.9334,40.7972],[-74.0169,40.6993],[-73.928,40.8775],[-73.9334,40.7972]]],[[[-69.6641,43.7891],[-69.6849,43.8113],[-69.6888,43.8282],[-69.6732,43.8529],[-69.6471,43.8373],[-69.6484,43.8191],[-69.6523,43.7904],[-69.6641,43.7891]]],[[[-68.6068,44.0886],[-68.6081,44.0235],[-68.6562,44.0105],[-68.6068,44.0886]]],[[[-68.8112,44.1485],[-68.9427,44.1173],[-68.8568,44.1811],[-68.8112,44.1485]]],[[[-68.3906,44.1628],[-68.4323,44.129],[-68.5065,44.1602],[-68.3906,44.1628]]],[[[-68.9206,44.237],[-68.9427,44.2904],[-68.901,44.3113],[-68.9206,44.237]]],[[[-68.4896,44.3477],[-68.4844,44.3139],[-68.5299,44.3308],[-68.5117,44.379],[-68.4896,44.3477]]],[[[-67.2838,44.6199],[-67.2708,44.6133],[-67.276,44.6029],[-67.3021,44.5964],[-67.3216,44.6029],[-67.319,44.612],[-67.3034,44.6251],[-67.2838,44.6199]]],[[[-132.6477,54.8179],[-132.6162,54.7602],[-132.6818,54.7838],[-132.7848,54.9277],[-132.6293,54.904],[-132.6286,54.8478],[-132.6893,54.8445],[-132.6477,54.8179]]],[[[-131.2437,54.9346],[-131.1947,54.9073],[-131.3312,54.8612],[-131.4822,54.9256],[-131.2638,54.9969],[-131.2437,54.9346]]],[[[-133.4496,55.4069],[-133.4579,55.3697],[-133.5799,55.3454],[-133.6073,55.2356],[-133.6892,55.3113],[-133.5806,55.4262],[-133.4496,55.4069]]],[[[-133.5384,55.4827],[-133.5057,55.5226],[-133.4184,55.4756],[-133.5114,55.4274],[-133.6005,55.4479],[-133.5384,55.4827]]],[[[-133.3466,55.4479],[-133.4285,55.5441],[-133.2721,55.5305],[-133.3466,55.4479]]],[[[-133.6039,55.4894],[-133.652,55.4479],[-133.7991,55.4479],[-133.7008,55.5074],[-133.7029,55.5578],[-133.5868,55.5441],[-133.6039,55.4894]]],[[[-133.3057,55.7973],[-133.4179,55.7385],[-133.4906,55.7905],[-133.4872,55.7067],[-133.5421,55.6949],[-133.6824,55.7905],[-133.6149,55.8332],[-133.3057,55.7973]]],[[[-133.2851,55.9072],[-133.2169,55.8663],[-133.2508,55.7759],[-133.3412,55.8373],[-133.2851,55.9072]]],[[[-155.6523,55.8867],[-155.5561,55.9146],[-155.5973,55.7604],[-155.7498,55.8177],[-155.6523,55.8867]]],[[[-134.1793,55.9146],[-134.1144,55.9003],[-134.2584,55.8184],[-134.3267,55.8488],[-134.2646,55.8737],[-134.3472,55.911],[-134.1793,55.9146]]],[[[-133.9195,55.9208],[-133.856,55.9423],[-133.8425,55.8664],[-133.9127,55.8628],[-133.9195,55.9208]]],[[[-130.9619,55.5851],[-131.192,55.1857],[-131.4632,55.2934],[-131.3508,55.6456],[-131.5265,55.2994],[-131.8202,55.4638],[-131.2803,55.9652],[-130.9619,55.5851]]],[[[-132.5484,56.3044],[-132.1335,55.929],[-132.6454,56.0581],[-132.5484,56.3044]]],[[[-131.9767,54.8315],[-132.2777,54.7148],[-132.6409,55.2561],[-133.213,55.2792],[-132.8463,55.3523],[-133.1258,55.4836],[-132.9084,55.6329],[-133.3791,55.6298],[-133.1398,55.8766],[-133.6147,56.3529],[-132.5084,55.8276],[-132.1406,55.4653],[-132.6818,55.4553],[-131.9943,55.2681],[-132.2231,54.9892],[-131.9767,54.8315]]],[[[-132.6129,56.4006],[-132.6682,56.3529],[-132.6472,56.2824],[-132.8197,56.2362],[-133.0552,56.3448],[-132.9242,56.452],[-132.703,56.4621],[-132.6129,56.4006]]],[[[-132.004,56.3392],[-131.9283,56.1946],[-132.0723,56.1195],[-132.3382,56.2578],[-132.3754,56.4885],[-132.2609,56.4589],[-132.1515,56.352],[-132.004,56.3392]]],[[[-154.0558,56.5303],[-153.8771,56.5651],[-153.9657,56.5046],[-154.1206,56.5041],[-154.0558,56.5303]]],[[[-157.0606,56.5822],[-156.9884,56.5306],[-157.3312,56.5242],[-157.2593,56.5834],[-157.0606,56.5822]]],[[[-154.4252,56.593],[-154.4106,56.5476],[-154.5167,56.5902],[-154.4875,56.5168],[-154.7382,56.3983],[-154.7912,56.4309],[-154.7001,56.5303],[-154.4252,56.593]]],[[[-154.0826,56.5521],[-154.2101,56.5036],[-154.3501,56.5447],[-154.279,56.5978],[-154.1241,56.6126],[-154.0491,56.5583],[-154.0826,56.5521]]],[[[-132.9596,56.788],[-132.5334,56.5803],[-132.9186,56.507],[-132.9596,56.788]]],[[[-133.8847,56.4901],[-134.1486,56.0117],[-134.282,56.3628],[-134.0344,56.4859],[-134.4057,56.8527],[-133.7172,56.7712],[-133.8847,56.4901]]],[[[-133.9127,57.0827],[-133.0524,56.9829],[-132.9339,56.6416],[-133.3464,56.8376],[-133.0791,56.5303],[-133.6212,56.4422],[-133.9127,57.0827]]],[[[-135.6016,57.1716],[-135.8411,56.9897],[-135.8437,57.3247],[-135.6016,57.1716]]],[[[-134.6215,56.7438],[-134.7655,56.2225],[-135.0528,56.5378],[-134.8474,56.6887],[-135.1098,56.6018],[-135.3675,56.8289],[-135.1654,57.0417],[-135.675,57.3586],[-134.9948,57.3978],[-134.6215,56.7438]]],[[[-153.3017,57.8332],[-153.5419,57.9356],[-153.4822,57.9778],[-153.3267,57.9266],[-153.213,57.8303],[-153.3017,57.8332]]],[[[-152.1609,57.6271],[-152.9734,57.5179],[-152.6631,57.2995],[-153.1748,57.3514],[-152.9591,57.2571],[-153.9873,56.7438],[-153.7399,57.1337],[-154.4949,57.1136],[-154.1037,57.1138],[-154.3049,56.8558],[-154.81,57.3466],[-154.2203,57.6755],[-153.6307,57.2709],[-153.8846,57.6483],[-153.5846,57.6171],[-153.9246,57.8105],[-153.1788,57.7097],[-153.2842,58.0104],[-152.1609,57.6271]]],[[[-153.4184,58.066],[-153.2778,58.1468],[-152.8908,57.9977],[-153.2027,58.0298],[-153.2626,58.0854],[-153.2533,58.0523],[-153.4184,58.066]]],[[[-151.8661,58.2578],[-151.7934,58.2447],[-151.8462,58.1752],[-151.8971,58.1929],[-151.8661,58.2578]]],[[[-135.848,57.3944],[-136.4165,57.8258],[-136.0329,57.8469],[-136.3557,58.2199],[-134.9248,58.0275],[-135.2037,57.9431],[-135.0138,57.7859],[-135.8896,57.9977],[-134.8139,57.4975],[-135.8132,57.7643],[-135.5463,57.4661],[-135.848,57.3944]]],[[[-134.5973,58.2373],[-134.6798,58.3093],[-134.5633,58.3445],[-134.2584,58.1963],[-134.5973,58.2373]]],[[[-134.354,57.0927],[-134.6146,57.0102],[-134.3061,57.3944],[-134.961,58.4049],[-134.177,58.1635],[-133.7893,57.5889],[-134.3068,58.0981],[-133.84,57.4626],[-134.354,57.0927]]],[[[-151.966,58.3328],[-152.8049,57.9915],[-153.2296,58.1689],[-152.6506,58.4836],[-151.966,58.3328]]],[[[-152.6444,58.5185],[-152.6643,58.5464],[-152.4537,58.6282],[-152.349,58.6283],[-152.3633,58.5519],[-152.502,58.4735],[-152.6444,58.5185]]],[[[-152.2497,58.9225],[-152.3633,58.9157],[-152.3291,58.9709],[-152.1578,58.9567],[-152.2497,58.9225]]],[[[-150.7042,59.3955],[-150.6086,59.3812],[-150.7618,59.3168],[-150.7042,59.3955]]],[[[-153.5245,59.3303],[-153.5502,59.3669],[-153.4768,59.4054],[-153.3574,59.3781],[-153.5245,59.3303]]],[[[-150.3348,59.457],[-150.2946,59.4646],[-150.3144,59.4222],[-150.4435,59.4023],[-150.3348,59.457]]],[[[-144.3418,59.9845],[-144.2208,59.9958],[-144.6053,59.8132],[-144.3418,59.9845]]],[[[-148.005,60.0466],[-148.0812,59.9717],[-148.245,59.9435],[-148.1823,59.9641],[-148.2233,59.9914],[-148.1448,59.9724],[-148.005,60.0466]]],[[[-147.8267,60.0528],[-148.0464,59.9571],[-147.8766,60.0764],[-147.8267,60.0528]]],[[[-147.9638,60.0739],[-148.1413,60.0118],[-147.9665,60.1566],[-147.8813,60.1074],[-147.9638,60.0739]]],[[[-147.9774,60.3756],[-148.0422,60.2866],[-148.1351,60.2998],[-148.0756,60.3694],[-147.9774,60.3756]]],[[[-145.1744,60.3824],[-145.0951,60.4163],[-145.1233,60.3118],[-145.2843,60.3339],[-145.1744,60.3824]]],[[[-151.8698,60.4854],[-151.9635,60.4262],[-151.966,60.3756],[-152.0897,60.3591],[-152.0275,60.3681],[-151.9532,60.5085],[-151.8698,60.4854]]],[[[-145.7572,60.6287],[-145.7731,60.583],[-146.0631,60.4883],[-146.3326,60.4649],[-146.2864,60.5173],[-146.1201,60.5195],[-145.7572,60.6287]]],[[[-147.4977,60.6567],[-147.4288,60.7114],[-147.3743,60.6649],[-147.3127,60.684],[-147.3397,60.6456],[-147.4977,60.6567]]],[[[-147.9291,60.7182],[-147.9098,60.7448],[-147.8471,60.694],[-147.9359,60.6629],[-148.0122,60.725],[-147.9495,60.7114],[-147.9604,60.7523],[-147.9291,60.7182]]],[[[-148.1687,60.6629],[-148.217,60.7591],[-148.1112,60.7381],[-148.1078,60.6629],[-148.1687,60.6629]]],[[[-148.0874,60.8001],[-148.1351,60.8131],[-148.0699,60.9042],[-148.1078,60.923],[-147.9676,60.9056],[-147.9123,60.8254],[-148.0874,60.8001]]],[[[-162.3408,63.6025],[-162.3594,63.5462],[-162.7176,63.5752],[-162.4281,63.6422],[-162.3408,63.6025]]],[[[-163.1854,69.6103],[-163.1291,69.6815],[-163.1763,69.4822],[-163.1854,69.6103]]],[[[-163.0558,69.8045],[-162.8411,69.9348],[-163.1291,69.702],[-163.0558,69.8045]]],[[[-162.4845,70.1732],[-162.1627,70.2699],[-162.5599,70.106],[-162.4845,70.1732]]],[[[-161.5511,70.326],[-161.8378,70.3434],[-161.9121,70.3399],[-161.9771,70.3122],[-161.97,70.3212],[-161.9431,70.3396],[-161.8881,70.3539],[-161.5511,70.326]]],[[[-81.7053,24.5978],[-81.6501,24.5761],[-81.7257,24.5562],[-81.7053,24.5978]]],[[[-81.506,24.6388],[-81.6365,24.5836],[-81.5545,24.6313],[-81.5812,24.6518],[-81.5272,24.6245],[-81.5607,24.6934],[-81.506,24.6388]]],[[[-81.0877,24.6859],[-81.1361,24.707],[-81.0399,24.7344],[-81.0877,24.6859]]],[[[-81.4303,24.7548],[-81.3555,24.6862],[-81.3627,24.6313],[-81.4303,24.7548]]],[[[-80.3205,25.2483],[-80.3615,25.1595],[-80.598,24.9501],[-80.3573,25.2274],[-80.369,25.2861],[-80.2516,25.3445],[-80.3205,25.2483]]],[[[-82.1292,26.4611],[-82.0268,26.4475],[-82.0882,26.4195],[-82.1639,26.4543],[-82.2049,26.5505],[-82.1292,26.4611]]],[[[-82.1367,26.5847],[-82.1776,26.7013],[-82.1136,26.6544],[-82.082,26.4915],[-82.1367,26.5847]]],[[[-97.1983,26.2761],[-97.1793,26.1198],[-97.3975,26.831],[-97.3771,27.2078],[-97.3429,26.7567],[-97.1983,26.2761]]],[[[-97.0754,27.8145],[-97.3516,27.2352],[-97.3975,27.2289],[-97.2541,27.6597],[-97.2057,27.633],[-97.0754,27.8145]]],[[[-96.8802,28.1301],[-96.8501,28.0712],[-97.0344,27.852],[-96.8802,28.1301]]],[[[-80.6365,28.1811],[-80.638,28.1934],[-80.6407,28.2042],[-80.6486,28.2227],[-80.632,28.1904],[-80.629,28.1811],[-80.6365,28.1811]]],[[[-96.4277,28.3933],[-96.4169,28.3288],[-96.8358,28.0712],[-96.8078,28.1876],[-96.4432,28.3414],[-96.4277,28.3933]]],[[[-80.6775,28.5789],[-80.6122,28.5688],[-80.6582,28.4375],[-80.6498,28.2252],[-80.7374,28.4848],[-80.6775,28.5789]]],[[[-90.9437,29.0608],[-90.9032,29.0572],[-90.8796,29.0513],[-90.9151,29.0513],[-90.9437,29.0608]]],[[[-90.3465,29.0581],[-90.3186,29.0786],[-90.3108,29.0824],[-90.3026,29.0849],[-90.2936,29.0861],[-90.2838,29.086],[-90.2838,29.0786],[-90.3465,29.0581]]],[[[-94.8143,29.3529],[-94.7244,29.3332],[-95.1165,29.089],[-94.8143,29.3529]]],[[[-91.8021,29.4901],[-92.0354,29.5962],[-91.9171,29.6481],[-91.7202,29.5817],[-91.8021,29.4901]]],[[[-85.1418,29.6409],[-85.2128,29.6887],[-85.0861,29.6857],[-85.1418,29.6409]]],[[[-84.7374,29.7365],[-84.9695,29.6118],[-85.0973,29.6273],[-84.9875,29.6204],[-84.7374,29.7365]]],[[[-89.4552,29.7917],[-89.4273,29.744],[-89.4586,29.7712],[-89.49,29.7365],[-89.4906,29.7938],[-89.4552,29.7917]]],[[[-88.8724,30.0587],[-88.8109,29.9152],[-88.8546,29.7692],[-88.8178,29.9351],[-88.8724,30.0587]]],[[[-89.433,30.1457],[-89.4264,30.1484],[-89.4249,30.1426],[-89.4313,30.1334],[-89.4394,30.1365],[-89.433,30.1457]]],[[[-89.1883,30.0797],[-89.2221,30.0338],[-89.3453,30.0661],[-89.1808,30.1685],[-89.2499,30.102],[-89.1883,30.0797]]],[[[-88.9408,30.2175],[-88.9278,30.2176],[-88.9427,30.2138],[-88.9693,30.2106],[-88.9674,30.2143],[-88.9408,30.2175]]],[[[-88.503,30.2163],[-88.503,30.2238],[-88.4274,30.2163],[-88.4342,30.2094],[-88.4697,30.2108],[-88.503,30.2163]]],[[[-89.058,30.2578],[-89.0846,30.1958],[-89.1536,30.2299],[-89.058,30.2578]]],[[[-86.6938,30.4081],[-86.5403,30.3954],[-87.2965,30.3323],[-86.6938,30.4081]]],[[[-81.4787,30.806],[-81.4822,30.9044],[-81.4173,30.9704],[-81.4542,30.7348],[-81.4787,30.806]]],[[[-118.3588,32.8278],[-118.429,32.8029],[-118.4992,32.8506],[-118.6072,33.0309],[-118.3588,32.8278]]],[[[-119.4886,33.2672],[-119.4343,33.224],[-119.4954,33.2173],[-119.5789,33.2761],[-119.4886,33.2672]]],[[[-118.5157,33.423],[-118.6021,33.4715],[-118.5359,33.4773],[-118.3692,33.4084],[-118.3043,33.309],[-118.4636,33.3235],[-118.5157,33.423]]],[[[-77.97,33.8896],[-77.97,33.848],[-78.0178,33.8759],[-77.97,33.8896]]],[[[-120.0441,34.0373],[-119.9688,33.9411],[-120.1099,33.8931],[-120.2485,34.0011],[-120.0441,34.0373]]],[[[-120.3446,34.0465],[-120.3083,34.0182],[-120.4492,34.0359],[-120.3691,34.0762],[-120.3446,34.0465]]],[[[-119.5294,34.0252],[-119.8172,33.9593],[-119.933,34.0602],[-119.5294,34.0252]]],[[[-76.5653,34.671],[-76.5517,34.6369],[-76.6548,34.6915],[-76.5653,34.671]]],[[[-76.8975,34.6982],[-76.6815,34.7051],[-77.0998,34.6498],[-76.8975,34.6982]]],[[[-76.2563,34.9136],[-76.5306,34.5891],[-76.4078,34.7944],[-76.2563,34.9136]]],[[[-76.0781,35.0716],[-76.0372,35.0613],[-76.147,34.9925],[-76.0781,35.0716]]],[[[-75.99,35.1234],[-75.7703,35.1979],[-76.0173,35.075],[-75.99,35.1234]]],[[[-75.4761,35.6954],[-75.4518,35.5825],[-75.5156,35.2602],[-75.7357,35.1877],[-75.5163,35.291],[-75.4686,35.5651],[-75.5261,35.7757],[-75.4761,35.6954]]],[[[-75.7157,35.9248],[-75.661,35.9248],[-75.6254,35.8301],[-75.7157,35.9248]]],[[[-76.0054,38.0265],[-76.0264,37.9135],[-76.0514,37.9941],[-76.0054,38.0265]]],[[[-76.0332,38.1486],[-76.079,38.1828],[-76.0486,38.2004],[-76.0332,38.1486]]],[[[-75.1533,38.207],[-75.326,37.8923],[-75.3929,37.8647],[-75.1533,38.207]]],[[[-74.3588,39.4472],[-74.3049,39.4598],[-74.3934,39.3891],[-74.4481,39.4199],[-74.3998,39.3994],[-74.3588,39.4472]]],[[[-74.1261,40.6335],[-74.0767,40.6487],[-74.0536,40.6027],[-74.2508,40.5014],[-74.1918,40.6283],[-74.1261,40.6335]]],[[[-71.9189,41.0649],[-74.04,40.6198],[-73.4857,40.9456],[-71.9189,41.0649]]],[[[-71.5595,41.201],[-71.5491,41.152],[-71.6137,41.1552],[-71.5792,41.2256],[-71.5595,41.201]]],[[[-71.9987,41.2517],[-72.0388,41.2494],[-72.0221,41.2769],[-71.9207,41.2914],[-71.9987,41.2517]]],[[[-70.0541,41.3927],[-69.9671,41.2495],[-70.1377,41.2472],[-70.2781,41.3079],[-70.0819,41.2925],[-70.014,41.3446],[-70.0761,41.3111],[-70.0541,41.3927]]],[[[-70.5006,41.3936],[-70.4557,41.4296],[-70.4467,41.3674],[-70.5006,41.3936]]],[[[-70.5764,41.4278],[-70.5174,41.4135],[-70.5074,41.3626],[-70.7759,41.3044],[-70.8462,41.3467],[-70.6051,41.474],[-70.5458,41.4539],[-70.5764,41.4278]]],[[[-71.2855,41.5817],[-71.2206,41.6605],[-71.2336,41.4892],[-71.3546,41.4583],[-71.2855,41.5817]]],[[[-122.4351,47.4257],[-122.3668,47.3835],[-122.4692,47.3364],[-122.463,47.3978],[-122.5273,47.3463],[-122.489,47.4827],[-122.4556,47.5009],[-122.4351,47.4257]]],[[[-122.4969,47.6071],[-122.4988,47.5712],[-122.5779,47.6015],[-122.5578,47.7138],[-122.511,47.6959],[-122.4969,47.6071]]],[[[-122.8619,48.4893],[-122.8083,48.4582],[-122.8277,48.4174],[-122.9376,48.4583],[-122.8871,48.5637],[-122.8619,48.4893]]],[[[-122.6937,48.5859],[-122.7143,48.5419],[-122.7354,48.5904],[-122.6937,48.5859]]],[[[-123.0202,48.4993],[-122.965,48.4515],[-123.1297,48.4897],[-123.1776,48.5988],[-123.1291,48.6201],[-123.0246,48.5628],[-122.9777,48.5313],[-123.0202,48.4993]]],[[[-122.7458,48.6644],[-122.821,48.6091],[-122.8964,48.6998],[-122.8744,48.5937],[-123.0265,48.6265],[-122.918,48.7114],[-122.7458,48.6644]]],[[[-159.5215,54.7922],[-159.5693,54.7546],[-159.6042,54.8123],[-159.5215,54.7922]]],[[[-161.559,55.2545],[-161.5641,55.2079],[-161.6917,55.2116],[-161.559,55.2545]]],[[[-159.3127,55.8112],[-159.3021,55.7592],[-159.3623,55.7863],[-159.3127,55.8112]]],[[[-153.8338,57.502],[-153.8436,57.4362],[-153.8878,57.509],[-153.8679,57.5434],[-153.8338,57.502]]],[[[-152.3439,57.9233],[-152.3694,57.8864],[-152.5048,57.9257],[-152.4323,57.9692],[-152.3439,57.9233]]],[[[-152.7444,57.9838],[-152.7641,57.9301],[-152.8607,57.9547],[-152.7444,57.9838]]],[[[-152.8114,58.2904],[-152.9306,58.3286],[-152.8461,58.3376],[-152.8114,58.2904]]],[[[-160.2587,58.6786],[-160.2772,58.6367],[-160.3012,58.7294],[-160.2587,58.6786]]],[[[-150.2108,61.173],[-150.1962,61.1413],[-150.2764,61.1274],[-150.2108,61.173]]],[[[-179.1435,51.2751],[-179.0882,51.2961],[-179.0616,51.2477],[-179.119,51.2154],[-179.1435,51.2751]]],[[[-178.9858,51.3842],[-178.9042,51.3538],[-178.9869,51.3075],[-178.9858,51.3842]]],[[[-178.7865,51.8299],[-178.7402,51.7836],[-178.8083,51.7473],[-178.8589,51.7957],[-178.7865,51.8299]]],[[[-176.2647,51.81],[-176.2927,51.7412],[-176.3856,51.7371],[-176.423,51.851],[-176.3032,51.869],[-176.3541,51.8299],[-176.2647,51.81]]],[[[-176.0115,51.8299],[-176.1064,51.8265],[-176.0941,51.7957],[-176.1356,51.8299],[-176.1487,51.7753],[-176.2237,51.8436],[-176.1901,51.8867],[-176.0115,51.8299]]],[[[-175.991,51.8845],[-175.9569,51.851],[-176.1077,51.8845],[-175.991,51.8845]]],[[[-177.8003,51.7957],[-177.9335,51.5987],[-178.2138,51.876],[-177.8003,51.7957]]],[[[-177.1222,51.9329],[-177.1567,51.7001],[-177.7047,51.7001],[-177.1222,51.9329]]],[[[-175.7241,51.9739],[-175.6621,51.9596],[-175.7397,51.9346],[-175.7241,51.9739]]],[[[-176.4372,51.7883],[-176.9779,51.6003],[-176.7588,51.9534],[-176.4372,51.7883]]],[[[-176.1387,51.9944],[-176.1945,52.0511],[-176.1433,52.1071],[-175.9637,52.0353],[-176.043,51.9634],[-176.1387,51.9944]]],[[[-172.4072,52.3854],[-172.3109,52.3165],[-172.633,52.2613],[-172.558,52.3507],[-172.4072,52.3854]]],[[[-171.2564,52.5294],[-171.2222,52.4631],[-171.3116,52.4643],[-171.2564,52.5294]]],[[[-170.6046,52.6871],[-170.5659,52.6562],[-170.6219,52.5939],[-170.8374,52.5493],[-170.7437,52.6787],[-170.6046,52.6871]]],[[[-170.1044,52.7827],[-170.0634,52.7343],[-170.1944,52.7274],[-170.187,52.7827],[-170.1044,52.7827]]],[[[-169.6866,52.872],[-169.7234,52.7745],[-170.0111,52.8236],[-169.8503,52.8825],[-169.6866,52.872]]],[[[-170.0703,52.9192],[-169.9946,52.9056],[-170.0561,52.8571],[-170.1248,52.8886],[-170.0703,52.9192]]],[[[-169.6935,53.0359],[-169.6662,53.0012],[-169.7481,52.9465],[-169.7533,53.0248],[-169.6935,53.0359]]],[[[-167.8575,53.3928],[-169.1113,52.8236],[-168.2368,53.5301],[-167.8575,53.3928]]],[[[-166.137,53.8378],[-166.0892,53.8447],[-166.1212,53.7836],[-166.1916,53.7764],[-166.2126,53.7081],[-166.2978,53.7602],[-166.137,53.8378]]],[[[-166.2943,53.728],[-167.85,53.3096],[-166.8017,53.6318],[-167.0216,53.9612],[-166.3704,54.0085],[-166.5751,53.7143],[-166.2943,53.728]]],[[[-165.2667,54.0911],[-165.2457,54.057],[-165.2941,54.0439],[-165.4858,54.0775],[-165.2667,54.0911]]],[[[-159.2845,54.9408],[-159.2088,54.9185],[-159.2866,54.8717],[-159.3392,54.9346],[-159.2845,54.9408]]],[[[-163.139,55.4035],[-163.1951,55.4127],[-163.1428,55.4411],[-163.139,55.4035]]],[[[-154.8996,19.567],[-155.6748,18.9061],[-155.8781,19.0291],[-155.8805,20.252],[-154.8996,19.567]]],[[[-156.5618,20.598],[-156.5446,20.5132],[-156.7006,20.5254],[-156.5618,20.598]]],[[[-156.8484,20.8768],[-156.8035,20.8126],[-156.8313,20.7638],[-156.9623,20.7324],[-156.9921,20.8463],[-157.0631,20.8904],[-156.9904,20.9275],[-156.8484,20.8768]]],[[[-156.0017,20.8004],[-156.4077,20.5872],[-156.696,20.9158],[-156.0017,20.8004]]],[[[-156.749,21.171],[-156.7057,21.1565],[-156.7248,21.1237],[-156.8696,21.0534],[-157.3039,21.1096],[-157.2598,21.2219],[-156.749,21.171]]],[[[-157.7068,21.352],[-158.2789,21.5753],[-157.9697,21.7091],[-157.7068,21.352]]],[[[-160.1138,22.0003],[-160.0514,21.983],[-160.0722,21.9108],[-160.2113,21.7802],[-160.2455,21.8508],[-160.1138,22.0003]]],[[[-159.3013,22.151],[-159.4373,21.8688],[-159.7872,22.0193],[-159.3013,22.151]]],[[[178.5339,51.9875],[178.6043,51.9377],[178.5168,51.8962],[178.46,51.9444],[178.5339,51.9875]]],[[[179.7809,51.967],[179.6421,51.8742],[179.4982,51.9164],[179.4861,51.9739],[179.637,52.0353],[179.7809,51.967]]],[[[173.7913,52.5015],[173.7131,52.4506],[173.7434,52.3612],[173.3889,52.4038],[173.6245,52.5007],[173.7913,52.5015]]],[[[174.0967,52.7138],[174.0803,52.7177],[174.0835,52.7265],[174.0977,52.7358],[174.1139,52.741],[174.1648,52.7209],[174.1823,52.7069],[174.0967,52.7138]]],[[[-164.9725,54.1252],[-164.9327,54.114],[-164.976,54.0758],[-165.2258,54.0911],[-164.9725,54.1252]]],[[[-162.4091,54.4064],[-162.3681,54.3859],[-162.4354,54.372],[-162.4854,54.4139],[-162.4091,54.4064]]],[[[-162.5872,54.4411],[-162.55,54.3859],[-162.6327,54.3719],[-162.8411,54.461],[-162.8138,54.5043],[-162.5872,54.4411]]],[[[-162.3749,54.9544],[-162.2627,54.9892],[-162.2309,54.9073],[-162.3422,54.8395],[-162.4342,54.9144],[-162.3749,54.9544]]],[[[-163.0738,54.6876],[-164.6526,54.392],[-164.9582,54.5851],[-163.7565,55.0604],[-163.0738,54.6876]]],[[[-160.3254,55.3585],[-160.3363,55.2487],[-160.5315,55.325],[-160.3254,55.3585]]],[[[-160.1479,55.3864],[-160.3465,55.4175],[-160.3048,55.4583],[-160.1711,55.4538],[-160.1479,55.3864]]],[[[-158.7086,55.8315],[-158.8584,55.863],[-158.8873,55.8315],[-158.8458,55.811],[-158.8838,55.8052],[-158.9087,55.8413],[-158.8281,55.8967],[-158.7086,55.8315]]],[[[-169.5809,56.6095],[-169.4744,56.593],[-169.5869,56.5414],[-169.7891,56.6203],[-169.5809,56.6095]]],[[[-170.2416,57.2163],[-170.1044,57.2504],[-170.29,57.1064],[-170.2757,57.1479],[-170.4121,57.1848],[-170.2416,57.2163]]],[[[-165.5821,59.951],[-166.1821,59.7563],[-167.4528,60.2172],[-166.1574,60.437],[-165.6844,60.2998],[-165.5821,59.951]]],[[[-169.4409,63.3635],[-169.4893,63.3678],[-169.5123,63.3738],[-169.529,63.3834],[-169.5081,63.3734],[-169.4409,63.3635]]],[[[-170.2962,63.2394],[-170.3691,63.2906],[-170.4497,63.3251],[-170.7078,63.3952],[-170.4855,63.3447],[-170.3818,63.3014],[-170.2962,63.2394]]],[[[-170.9752,63.4312],[-171.0585,63.4301],[-171.0729,63.4373],[-171.0292,63.4387],[-170.784,63.4085],[-170.9752,63.4312]]],[[[-171.09,63.6039],[-171.0708,63.6025],[-171.0749,63.6022],[-171.09,63.6039]]],[[[-171.09,63.6039],[-171.1577,63.6097],[-171.144,63.6118],[-171.09,63.6039]]],[[[-168.7407,63.281],[-169.6662,62.9452],[-170.4443,63.3592],[-171.8529,63.5212],[-171.728,63.7961],[-170.31,63.6987],[-168.7407,63.281]]],[[[-68.8481,44.0955],[-68.7746,44.0619],[-68.8693,44.0484],[-68.9102,44.0955],[-68.8481,44.0955]]],[[[-68.6421,44.26],[-68.6228,44.1713],[-68.7163,44.1673],[-68.7246,44.2191],[-68.6421,44.26]]],[[[-68.2448,44.4245],[-68.1765,44.3283],[-68.3137,44.3084],[-68.326,44.2259],[-68.4141,44.2586],[-68.4339,44.312],[-68.3758,44.4041],[-68.2448,44.4245]]],[[[-164.7043,23.5793],[-164.6991,23.5705],[-164.7073,23.5726],[-164.7085,23.5745],[-164.7064,23.5766],[-164.7043,23.5793]]],[[[-167.9968,25.0011],[-168.0028,25.0148],[-167.9999,25.0164],[-167.9956,25.0117],[-167.9951,25.0078],[-167.9962,25.0043],[-167.9968,25.0011]]],[[[-171.7228,25.773],[-171.7294,25.7519],[-171.7391,25.7563],[-171.7407,25.769],[-171.7228,25.773]]],[[[-122.7054,47.182],[-122.6714,47.165],[-122.7011,47.124],[-122.7464,47.1537],[-122.7054,47.182]]],[[[-122.8682,47.2683],[-122.8739,47.1679],[-122.9219,47.2372],[-122.8682,47.2683]]],[[[-82.1184,24.5565],[-82.1138,24.5573],[-82.1188,24.5536],[-82.1288,24.5508],[-82.1283,24.5537],[-82.1184,24.5565]]],[[[-81.4245,24.655],[-81.4176,24.6594],[-81.4106,24.6554],[-81.4148,24.6477],[-81.4217,24.6518],[-81.4245,24.655]]],[[[-81.2652,24.6713],[-81.2602,24.6717],[-81.2584,24.6676],[-81.2663,24.6604],[-81.276,24.6556],[-81.2775,24.6576],[-81.2652,24.6713]]],[[[-81.4824,24.6833],[-81.4813,24.6498],[-81.5202,24.6741],[-81.4824,24.6833]]],[[[-80.6255,24.9362],[-80.6185,24.9416],[-80.6175,24.9381],[-80.6177,24.936],[-80.6262,24.9241],[-80.647,24.9047],[-80.6571,24.9011],[-80.6255,24.9362]]],[[[-81.3805,25.8209],[-81.4396,25.8039],[-81.4405,25.8424],[-81.3805,25.8209]]],[[[-81.4534,25.8255],[-81.5169,25.8598],[-81.4744,25.8725],[-81.4534,25.8255]]],[[[-89.9278,29.2882],[-89.9228,29.2893],[-89.9132,29.2902],[-89.9145,29.2849],[-89.9293,29.2766],[-89.939,29.2772],[-89.9338,29.2846],[-89.9278,29.2882]]],[[[-89.057,29.5621],[-89.0548,29.5636],[-89.0499,29.565],[-89.054,29.5595],[-89.0841,29.5294],[-89.0914,29.5239],[-89.0985,29.5209],[-89.057,29.5621]]],[[[-88.9796,29.6329],[-88.9701,29.6398],[-88.9645,29.6428],[-88.9688,29.6386],[-88.9783,29.6317],[-88.9796,29.6329]]],[[[-88.9254,29.6831],[-88.9388,29.6733],[-88.8741,29.7475],[-88.8896,29.7253],[-88.9254,29.6831]]],[[[-81.2513,31.5046],[-81.1746,31.5214],[-81.2796,31.3855],[-81.2513,31.5046]]],[[[-81.1606,31.6699],[-81.1313,31.693],[-81.1282,31.6286],[-81.161,31.5673],[-81.1606,31.6699]]],[[[-75.9038,37.1292],[-75.874,37.2904],[-75.8771,37.2056],[-75.8108,37.2002],[-75.9038,37.1292]]],[[[-72.3416,41.0907],[-72.2805,41.0789],[-72.2755,41.0318],[-72.3713,41.055],[-72.3416,41.0907]]],[[[-72.131,41.1205],[-72.0784,41.1],[-72.1008,41.0542],[-72.131,41.1205]]],[[[-131.1892,55.1034],[-131.1881,55.0751],[-131.19,55.0483],[-131.2162,55.048],[-131.2549,55.0692],[-131.2441,55.0927],[-131.204,55.1099],[-131.1892,55.1034]]],[[[-133.3073,55.4322],[-133.2693,55.444],[-133.2361,55.4402],[-133.2383,55.4138],[-133.2745,55.4043],[-133.3152,55.4045],[-133.3203,55.4231],[-133.3073,55.4322]]],[[[-152.2882,57.397],[-152.2627,57.3906],[-152.2559,57.3842],[-152.2677,57.3751],[-152.2982,57.3632],[-152.3151,57.3631],[-152.2999,57.3741],[-152.2882,57.397]]],[[[-136.1376,58.2651],[-136.1437,58.2854],[-136.107,58.3034],[-136.0451,58.3186],[-136.0279,58.295],[-136.06,58.2678],[-136.112,58.2585],[-136.1376,58.2651]]],[[[-135.7185,58.3461],[-135.7142,58.3705],[-135.6549,58.3798],[-135.5689,58.3732],[-135.5433,58.3348],[-135.5922,58.3278],[-135.6706,58.3309],[-135.7185,58.3461]]],[[[-151.6879,59.1297],[-151.6469,59.1039],[-151.7136,59.1058],[-151.6879,59.1297]]],[[[-151.4651,59.1382],[-151.4389,59.1073],[-151.5085,59.1286],[-151.4651,59.1382]]],[[[-151.859,59.1639],[-151.8168,59.1707],[-151.7888,59.1531],[-151.8008,59.1389],[-151.8533,59.1448],[-151.8932,59.1444],[-151.8887,59.1572],[-151.859,59.1639]]],[[[-146.3236,59.4521],[-146.3131,59.4558],[-146.3082,59.4471],[-146.3224,59.4258],[-146.3407,59.4114],[-146.3586,59.4101],[-146.3586,59.4224],[-146.3236,59.4521]]],[[[-152.5632,60.15],[-152.5801,60.1072],[-152.6381,60.1673],[-152.5632,60.15]]],[[[-147.3604,60.3007],[-147.4918,60.2288],[-147.4939,60.2631],[-147.3604,60.3007]]],[[[-173.0643,60.6425],[-173.1114,60.6642],[-173.0717,60.6862],[-173.0643,60.6425]]],[[[-146.8203,60.8417],[-146.7616,60.8792],[-146.7041,60.8395],[-146.7656,60.802],[-146.8203,60.8417]]],[[[-147.0941,60.8979],[-147.1396,60.8556],[-147.3189,60.8773],[-147.0941,60.8979]]],[[[-165.9489,62.0295],[-166.0098,62.0229],[-165.9721,62.0722],[-165.9489,62.0295]]],[[[-167.671,65.7937],[-167.5565,65.8174],[-167.6954,65.7409],[-167.7186,65.7778],[-167.671,65.7937]]],[[[-165.4887,66.409],[-165.4848,66.4103],[-165.4483,66.4188],[-165.4239,66.4213],[-165.4887,66.409]]],[[[-165.3426,66.4367],[-165.3784,66.4289],[-165.3817,66.4257],[-165.423,66.4214],[-165.3426,66.4367]]],[[[-165.3426,66.4367],[-165.3264,66.4403],[-165.3227,66.4404],[-165.3426,66.4367]]]]}},{"type":"Feature","properties":{"name":"Canada","ISO3166-1-Alpha-2":"CA"},"geometry":{"type":"MultiPolygon","coordinates":[[[[-95.1606,49.3695],[-95.1771,48.9927],[-123.0905,48.9925],[-123.2469,49.2746],[-122.8557,49.4418],[-123.27,49.3354],[-123.171,49.7053],[-123.5336,49.3885],[-124.0611,49.6308],[-123.5335,49.7053],[-123.9276,49.7636],[-123.8284,50.1584],[-124.283,49.7466],[-124.8289,50.0548],[-124.359,50.5093],[-125.0815,50.3247],[-124.8138,50.9272],[-125.1278,50.437],[-125.5771,50.4707],[-125.4546,50.7204],[-125.7033,50.4379],[-126.2773,50.6259],[-125.7056,50.6817],[-125.637,51.1037],[-125.6477,50.7824],[-126.1866,50.6719],[-126.5147,51.0764],[-127.0423,50.8229],[-127.777,51.1672],[-127.1266,51.3388],[-127.7797,51.3306],[-127.492,51.6206],[-126.6034,51.7138],[-127.4232,51.6719],[-127.3501,51.8702],[-127.7139,51.4577],[-127.8737,51.6734],[-127.1726,52.3165],[-126.6723,51.9875],[-126.753,52.3934],[-127.225,52.4561],[-126.9696,52.8294],[-127.6166,52.2985],[-128.0159,52.3467],[-127.8777,52.5841],[-128.3922,52.296],[-128.0288,52.9167],[-128.443,52.8277],[-128.9745,53.5566],[-127.8715,53.2283],[-128.8077,53.6154],[-128.5983,54.0302],[-129.2898,53.3854],[-130.1047,53.9471],[-129.4918,54.2515],[-130.4825,54.3737],[-130.4312,54.633],[-129.9589,54.3221],[-130.3724,54.6643],[-129.8795,54.6206],[-130.1737,54.8445],[-129.6413,54.9896],[-130.001,55.0224],[-129.478,55.4835],[-129.8248,55.6192],[-130.1248,55.0053],[-130.0715,56.0841],[-131.8256,56.5933],[-133.3922,58.4039],[-135.0329,59.5731],[-135.4828,59.7925],[-136.2585,59.6216],[-136.5695,59.1722],[-137.4869,58.9001],[-137.6114,59.2393],[-139.1821,60.0734],[-139.0795,60.341],[-140.9949,60.3044],[-141.0056,69.6509],[-135.149,68.6605],[-136.005,68.9479],[-135.519,69.0298],[-135.9678,69.2222],[-135.4159,69.0987],[-135.8379,69.3091],[-134.4763,69.4438],[-134.4809,69.7275],[-133.7513,69.5512],[-134.2765,69.158],[-129.6739,70.2699],[-129.4065,70.1212],[-129.5998,69.9912],[-132.7712,69.2563],[-133.4913,68.8425],[-132.922,68.694],[-133.3882,68.8454],[-132.4832,68.8054],[-132.8622,69.0733],[-131.9112,69.4281],[-131.2521,69.5039],[-131.4144,69.2979],[-131.1065,69.6195],[-130.9278,69.1396],[-130.3797,69.6945],[-128.9254,69.9776],[-129.1737,69.8323],[-128.9415,69.6824],[-128.3372,70.1298],[-127.5152,70.2221],[-128.1782,70.3799],[-127.9915,70.5929],[-125.4488,69.3192],[-125.089,69.4543],[-125.624,69.4208],[-125.1169,69.4897],[-125.3701,69.6945],[-124.822,69.715],[-125.2814,69.8112],[-124.6302,69.9863],[-125.2062,70.0031],[-124.4081,70.1554],[-124.5067,69.7362],[-124.0344,69.6815],[-124.4228,69.3666],[-122.036,69.8187],[-117.1654,68.8939],[-114.9878,68.8674],[-113.9054,68.3998],[-115.2417,68.1869],[-115.112,68.0162],[-115.5434,67.9234],[-115.1182,67.8039],[-111.8855,67.6852],[-110.0596,68.0051],[-109.067,67.7202],[-108.8241,67.3572],[-108.6399,67.6295],[-107.9925,67.2825],[-107.8854,67.0482],[-108.6221,67.1528],[-107.2415,66.3485],[-107.7997,66.7686],[-107.643,67.0771],[-107.0877,66.8307],[-108.0057,67.7097],[-107.6593,67.9467],[-107.8795,68.093],[-106.4435,68.1528],[-105.6483,68.6387],[-106.5533,68.5159],[-106.5527,68.2968],[-107.827,68.3445],[-107.6147,68.1671],[-108.8151,68.2742],[-108.2808,68.6216],[-106.2218,68.946],[-104.4839,68.0339],[-103.4149,68.1694],[-102.2189,67.6918],[-98.9364,67.6968],[-98.3634,67.7946],[-98.5846,68.0964],[-97.2132,67.6246],[-97.2496,67.9246],[-98.095,67.8366],[-98.7134,68.3793],[-96.4038,68.3179],[-96.7645,68.0172],[-95.8967,68.2967],[-96.4652,67.478],[-96.0959,67.4675],[-96.1107,67.2219],[-95.5814,67.3848],[-95.8353,67.1658],[-95.3303,67.0104],[-96.4557,67.0598],[-95.6435,66.6693],[-96.0935,66.9202],[-95.2183,66.9741],[-95.3381,67.5522],[-95.7077,67.7333],[-95.4784,68.0634],[-94.7982,68.0381],[-93.3749,68.6387],[-93.7523,68.6121],[-93.5707,68.8441],[-93.8271,69.0692],[-94.6361,68.756],[-94.0055,69.1601],[-94.2816,69.3221],[-93.5257,69.4414],[-93.8403,69.1687],[-93.4506,69.4897],[-95.7869,69.743],[-96.5319,70.1362],[-96.233,70.5712],[-95.7934,70.5441],[-96.6024,70.7913],[-96.5069,71.2779],[-95.5364,71.2961],[-95.376,71.5107],[-95.9104,71.6069],[-94.6081,71.8676],[-95.2252,71.9495],[-93.7209,71.7653],[-92.9801,71.3474],[-93.0408,70.8624],[-91.5304,70.182],[-92.3675,70.2364],[-92.5872,70.0788],[-91.9429,70.0241],[-92.923,69.6741],[-90.3118,69.4543],[-91.4495,69.3525],[-90.4353,68.879],[-90.607,68.4439],[-90.2708,68.2421],[-89.3317,69.2495],[-88.0226,68.8087],[-87.7922,68.3312],[-88.3984,68.2908],[-88.3736,67.9758],[-87.3629,67.2672],[-87.5162,67.1187],[-86.5019,67.3794],[-85.6681,68.727],[-84.7882,68.7356],[-85.1451,68.9479],[-84.5282,69.0236],[-85.4735,69.2768],[-85.3332,69.7914],[-85.5632,69.8581],[-82.2534,69.6406],[-83.2938,69.5399],[-81.2733,69.0987],[-82.0616,68.879],[-81.2665,68.6387],[-82.6506,68.4339],[-81.2379,67.4605],[-81.5029,67.001],[-83.5605,66.3494],[-84.0136,66.6321],[-83.9181,66.8859],[-84.2694,66.7279],[-84.9391,67.056],[-84.6374,66.9815],[-85.2152,66.8677],[-84.6033,66.9399],[-83.6908,66.1992],[-86.7825,66.5222],[-85.8567,66.1628],[-87.3808,65.3297],[-89.688,65.9468],[-91.4973,65.9468],[-86.9382,65.142],[-88.1127,64.1409],[-90.1274,64.1301],[-89.8133,63.946],[-90.2777,64.0072],[-89.9659,63.8133],[-90.2206,63.6132],[-93.7795,64.1915],[-93.6473,63.8815],[-92.1,63.6993],[-92.4674,63.5284],[-91.7784,63.7144],[-90.7847,63.3976],[-90.6265,63.0613],[-92.4527,62.8249],[-91.8881,62.6204],[-92.6185,62.6225],[-92.8274,62.3555],[-92.4705,62.1501],[-93.252,62.3698],[-92.7647,62.2184],[-93.617,61.9523],[-93.2646,61.7445],[-93.985,61.458],[-93.9862,61.1007],[-94.8006,60.4984],[-94.6601,59.3588],[-94.9992,59.0528],[-94.2041,58.8065],[-94.3617,58.223],[-94.1774,58.7791],[-93.1558,58.7444],[-92.4236,57.3544],[-92.882,56.9145],[-90.5855,57.2299],[-88.8792,56.8599],[-87.6186,56.0028],[-85.6964,55.6038],[-85.1178,55.3284],[-85.4173,54.9992],[-85.0539,55.2941],[-82.3309,55.1625],[-82.3012,52.9676],[-81.4787,52.3035],[-81.8828,52.1936],[-80.5949,51.7114],[-80.4298,51.3572],[-81.0126,51.0354],[-80.1361,51.3013],[-79.3343,50.7269],[-79.6968,51.3985],[-79.3232,51.667],[-78.847,51.1645],[-78.69,51.4873],[-79.0388,51.7685],[-78.4082,52.2482],[-78.9842,53.0284],[-79.1561,53.7081],[-78.9017,53.8173],[-79.2926,54.0911],[-79.0463,54.1805],[-79.7656,54.6596],[-77.7816,55.2735],[-76.5151,56.4382],[-76.9498,57.8278],[-78.5665,58.6208],[-78.5657,58.9577],[-77.6752,59.4023],[-77.9154,59.4191],[-77.7782,59.7101],[-77.3127,59.5668],[-77.5455,59.7449],[-77.1892,60.0602],[-77.6342,60.0665],[-77.4083,60.1353],[-77.7423,60.4258],[-77.4151,60.5468],[-77.8297,60.6492],[-77.5106,60.841],[-78.1965,60.7927],[-77.4766,61.54],[-77.9897,61.7148],[-78.1549,62.2973],[-77.4718,62.5938],[-74.5581,62.1091],[-73.6707,62.4821],[-72.6291,62.1169],[-72.796,61.8354],[-72.2032,61.8658],[-71.9952,61.6771],[-72.3031,61.5679],[-71.581,61.6138],[-71.8916,61.4307],[-71.5729,61.1557],[-69.3697,60.9168],[-69.829,60.5257],[-69.5956,60.1789],[-69.7949,59.9913],[-71.0351,60.0665],[-69.5615,59.8647],[-69.7551,59.3177],[-69.2325,59.2413],[-69.5426,59.1695],[-69.4517,58.8952],[-69.8631,59.0597],[-69.8017,58.8263],[-70.2542,58.7717],[-68.3616,58.7835],[-68.3453,58.1319],[-69.3697,57.7705],[-68.4176,58.0386],[-68.0062,58.5795],[-67.8627,58.3093],[-68.1295,58.083],[-67.7385,58.4692],[-67.7135,57.9271],[-66.3824,58.8536],[-65.9442,58.6208],[-66.0534,58.3328],[-65.9822,58.9172],[-65.3197,59.046],[-65.7176,59.1583],[-65.3576,59.2822],[-65.5599,59.491],[-64.984,59.3812],[-65.4979,59.7927],[-64.984,59.7648],[-65.2297,59.8924],[-64.8605,60.3613],[-64.3806,60.2452],[-64.8283,59.9912],[-64.3772,60.1297],[-64.5184,59.9025],[-64.1826,60.0323],[-64.2646,59.7648],[-63.922,59.6555],[-64.1206,59.5184],[-63.7277,59.52],[-64.0607,59.3873],[-63.3807,59.2788],[-64.0399,59.0179],[-63.1316,59.0623],[-63.3261,58.861],[-62.8446,58.6852],[-63.593,58.3055],[-62.5583,58.4775],[-62.9076,58.2143],[-62.6352,58.1868],[-63.3398,57.984],[-62.4621,58.182],[-62.305,58.0312],[-62.675,57.9356],[-62.1409,57.9783],[-61.8867,57.6376],[-62.5337,57.496],[-61.3657,57.1069],[-61.9047,56.7938],[-61.6881,56.6203],[-62.5856,56.7978],[-61.712,56.5754],[-62.1474,56.4553],[-61.6055,56.2839],[-62.0672,56.2855],[-61.3448,56.2225],[-61.5031,56.0102],[-60.602,55.8196],[-60.6813,55.5646],[-60.3347,55.782],[-60.4821,55.3523],[-60.1941,55.4274],[-60.6876,54.9954],[-59.7764,55.3319],[-59.964,55.1171],[-59.43,55.142],[-59.922,54.7432],[-59.1598,55.2387],[-59.3826,54.978],[-59.0274,55.162],[-58.9138,54.8482],[-57.3504,54.5894],[-59.5797,54.0504],[-58.3712,54.2282],[-60.1327,53.7831],[-60.1361,53.5294],[-60.9203,53.7143],[-60.0637,53.5089],[-60.4123,53.358],[-60.129,53.2755],[-58.8407,53.9471],[-57.7958,54.0712],[-58.3561,54.2096],[-57.4662,54.2003],[-57.0758,53.8242],[-57.5494,53.5908],[-57.3774,53.4337],[-56.4799,53.79],[-56.7091,53.6757],[-55.9796,53.5498],[-56.2635,53.5537],[-55.7469,53.1457],[-56.1652,53.0284],[-55.8021,52.8407],[-56.1625,52.818],[-55.7537,52.625],[-56.5004,52.5977],[-55.6476,52.4432],[-56.1987,52.4468],[-55.6848,52.1117],[-56.9665,51.4252],[-58.6227,51.2773],[-59.008,50.7611],[-60.1349,50.213],[-66.4682,50.2685],[-67.3763,49.3392],[-68.4443,49.1982],[-69.676,48.1499],[-71.0698,48.4446],[-69.736,48.1225],[-70.2369,47.4956],[-73.9792,45.4984],[-74.3795,45.5616],[-73.9615,45.3542],[-75.2702,44.8638],[-76.7972,43.6453],[-78.7508,43.6171],[-79.1743,43.4645],[-79.0194,42.8027],[-82.4513,41.6719],[-83.1595,42.0463],[-82.5262,42.6199],[-82.1457,43.5764],[-82.5321,45.2935],[-83.6369,45.7739],[-83.4628,46.0078],[-83.9646,46.0632],[-84.1104,46.5265],[-84.5666,46.4612],[-84.8787,46.8979],[-88.3473,48.2987],[-89.3636,47.9796],[-90.8738,48.2343],[-91.5748,48.0482],[-92.9797,48.6177],[-94.5929,48.7264],[-94.8391,49.3089],[-95.1606,49.3695]]],[[[-67.176,45.1787],[-67.807,45.7129],[-67.8136,47.0819],[-69.222,47.4597],[-70.8924,45.2346],[-74.713,44.9993],[-73.519,45.4263],[-73.1561,46.0497],[-72.1899,46.5262],[-70.5349,47.0106],[-68.8248,48.3658],[-65.5658,49.2665],[-64.5526,49.0974],[-64.1888,48.5266],[-65.2856,48.0126],[-65.8957,48.2255],[-66.8479,47.999],[-65.8179,47.9074],[-65.6357,47.6223],[-64.8,47.8093],[-65.3675,47.0878],[-64.7996,47.0816],[-64.5594,46.2238],[-62.7497,45.6129],[-61.9115,45.889],[-61.2372,45.5058],[-61.4615,45.3548],[-60.9687,45.2716],[-63.6619,44.7168],[-63.6328,44.4407],[-63.8884,44.6964],[-64.3055,44.566],[-64.269,44.2671],[-65.4748,43.4709],[-66.1217,43.7436],[-66.1906,44.1654],[-65.8405,44.5734],[-66.1803,44.4344],[-64.4778,45.3411],[-64.1553,44.9837],[-63.3602,45.3611],[-64.9293,45.3263],[-64.2646,45.7651],[-64.7487,46.0899],[-64.7716,45.6143],[-65.7523,45.2444],[-66.0098,45.4643],[-66.4407,45.0799],[-67.176,45.1787]]],[[[-66.901,44.8894],[-66.9193,44.8373],[-66.9818,44.8725],[-66.9049,44.9558],[-66.901,44.8894]]],[[[-66.9635,44.961],[-66.9857,44.9258],[-67.0169,44.9792],[-66.9388,45.0248],[-66.9635,44.961]]],[[[-54.1225,47.6427],[-54.244,47.4077],[-54.3627,47.41],[-54.1225,47.6427]]],[[[-55.925,47.6775],[-55.9036,47.6071],[-56.11,47.6365],[-55.925,47.6775]]],[[[-54.0951,47.6191],[-54.0815,47.6911],[-54.0611,47.6564],[-54.0815,47.4782],[-54.0951,47.6191]]],[[[-53.5677,48.1908],[-53.514,48.1868],[-53.5335,48.1082],[-53.6188,48.0821],[-53.8752,48.1065],[-53.9314,48.2084],[-53.6775,48.1498],[-53.5677,48.1908]]],[[[-54.6569,49.4657],[-54.6986,49.4077],[-54.7499,49.4243],[-54.6796,49.4929],[-54.6569,49.4657]]],[[[-55.7257,49.5619],[-55.6571,49.5414],[-55.7332,49.5135],[-55.7257,49.5619]]],[[[-55.579,49.6097],[-55.7257,49.5818],[-55.6717,49.637],[-55.579,49.6097]]],[[[-59.3506,50.6035],[-59.3834,50.6388],[-59.3375,50.6444],[-59.296,50.5723],[-59.3411,50.538],[-59.3506,50.6035]]],[[[-55.5104,50.8051],[-55.4523,50.7962],[-55.5236,50.721],[-55.6427,50.7233],[-55.6199,50.7918],[-55.5104,50.8051]]],[[[-55.5278,50.9727],[-55.5731,50.923],[-55.5476,50.8908],[-55.6234,50.9119],[-55.6392,50.9615],[-55.5278,50.9727]]],[[[-58.3984,51.2545],[-58.5629,51.2334],[-58.4795,51.278],[-58.3984,51.2545]]],[[[-52.6288,47.5267],[-53.0669,46.6656],[-53.5547,46.6184],[-53.5602,47.2045],[-54.1885,46.8284],[-53.8079,47.4237],[-54.0815,47.8755],[-55.2509,46.9188],[-55.7394,46.8544],[-55.98,46.9704],[-54.6986,47.6706],[-55.0885,47.6017],[-54.9381,47.7873],[-55.5985,47.3993],[-56.1694,47.5037],[-55.6295,47.6775],[-55.9144,47.6592],[-55.7804,47.9581],[-56.7915,47.5301],[-58.2613,47.7526],[-59.1464,47.561],[-59.4058,47.8966],[-58.2722,48.5209],[-59.2624,48.4726],[-58.769,48.7805],[-58.9589,48.6162],[-58.7137,48.5682],[-58.3984,49.1367],[-57.8845,48.9722],[-58.2287,49.371],[-57.7003,49.4628],[-57.9481,49.6795],[-57.1548,50.6257],[-57.397,50.7086],[-55.8928,51.6278],[-55.4042,51.563],[-56.0895,51.3706],[-55.7331,51.0831],[-56.1614,50.8782],[-56.8567,49.5482],[-56.1168,50.1584],[-56.1919,49.925],[-55.4651,49.9626],[-56.1307,49.4291],[-55.3148,49.3149],[-55.1361,49.5408],[-55.3831,49.0473],[-54.4693,49.5461],[-54.4835,49.2676],[-54.0447,49.4818],[-53.4925,49.2875],[-54.1976,48.7742],[-53.6041,48.6767],[-54.1641,48.3907],[-52.9848,48.5545],[-53.9253,48.237],[-53.6086,48.0543],[-53.9289,47.8524],[-53.5539,47.5393],[-52.9233,48.171],[-53.2598,47.5585],[-52.7725,47.801],[-52.6288,47.5267]]],[[[-127.9187,51.522],[-127.8715,51.4565],[-127.8975,51.4298],[-128.0503,51.4599],[-128.1566,51.6279],[-128.0099,51.7237],[-127.9187,51.522]]],[[[-55.3527,51.8845],[-55.4185,51.9186],[-55.2701,52.0056],[-55.3527,51.8845]]],[[[-128.1383,51.864],[-128.251,51.8759],[-128.1592,52.0348],[-127.9534,52.049],[-128.036,51.8436],[-128.0176,51.7722],[-128.1352,51.7473],[-128.1383,51.864]]],[[[-127.9466,52.1657],[-127.8777,52.1719],[-127.9615,52.0828],[-128.0699,52.0803],[-128.123,52.1517],[-127.9466,52.1657]]],[[[-128.2482,52.0217],[-128.2907,52.1247],[-128.2366,52.1873],[-128.1453,52.1936],[-128.1626,52.0732],[-128.2482,52.0217]]],[[[-128.2278,52.2128],[-128.3298,52.1479],[-128.3398,52.0793],[-128.3843,52.098],[-128.3578,52.1445],[-128.5224,52.1576],[-128.4473,52.238],[-128.2278,52.2128]]],[[[-128.0974,52.2408],[-128.1732,52.2551],[-127.9853,52.3021],[-127.9077,52.2009],[-128.0713,52.1823],[-128.0867,52.216],[-128.0216,52.2507],[-128.0974,52.2408]]],[[[-128.6182,52.4537],[-128.6232,52.3301],[-128.6796,52.2681],[-128.7638,52.4495],[-128.6728,52.4879],[-128.6182,52.4537]]],[[[-128.563,52.6114],[-128.5362,52.6523],[-128.4721,52.4883],[-128.4979,52.4363],[-128.8175,52.522],[-128.7001,52.522],[-128.732,52.5955],[-128.563,52.6114]]],[[[-128.3104,52.7274],[-128.323,52.7788],[-128.1732,52.8236],[-128.275,52.6025],[-128.3104,52.7274]]],[[[-128.5328,52.7274],[-128.5021,52.872],[-128.4556,52.789],[-128.5099,52.6539],[-128.5328,52.7274]]],[[[-129.5573,53.0012],[-129.5298,52.9649],[-129.6205,52.9582],[-129.6535,53.0222],[-129.5573,53.0012]]],[[[-129.5641,53.0563],[-129.5157,53.0359],[-129.5436,53.0086],[-129.6876,53.0639],[-129.5641,53.0563]]],[[[-129.6535,53.1321],[-129.5989,53.0936],[-129.6187,53.0639],[-129.7429,53.1321],[-129.6535,53.1321]]],[[[-129.3041,53.0359],[-129.3004,52.9744],[-129.3949,53.0004],[-129.5504,53.1662],[-129.4611,53.1867],[-129.3041,53.0359]]],[[[-131.1127,52.1719],[-132.5658,53.1457],[-131.798,53.2556],[-131.5956,53.0419],[-132.004,53.0639],[-131.613,52.9267],[-131.9836,52.8782],[-131.1127,52.1719]]],[[[-128.8038,52.7007],[-129.1212,52.8445],[-128.8773,53.072],[-129.1837,52.9495],[-129.0781,53.3028],[-128.5387,53.0197],[-128.5946,52.6144],[-128.6645,52.9709],[-128.8038,52.7007]]],[[[-129.2935,53.1079],[-129.3388,53.1782],[-129.2494,53.2829],[-129.2757,53.331],[-129.1978,53.3217],[-129.1396,53.1048],[-129.2935,53.1079]]],[[[-128.9136,53.4064],[-128.94,53.3239],[-129.1185,53.3205],[-129.1482,53.3637],[-128.9972,53.5439],[-128.9136,53.4064]]],[[[-130.4064,53.687],[-130.2609,53.7978],[-130.2168,53.7181],[-130.1247,53.6956],[-130.0917,53.5703],[-130.3319,53.624],[-130.4064,53.687]]],[[[-132.5794,53.2072],[-132.703,53.3785],[-132.4001,53.3303],[-132.9773,53.5566],[-133.0729,54.1668],[-132.161,54.0085],[-132.6579,53.6907],[-132.4838,53.5771],[-132.1592,53.6999],[-132.1822,54.0439],[-131.6608,54.1668],[-131.963,53.2829],[-132.5794,53.2072]]],[[[-130.2292,54.1184],[-130.2528,54.1907],[-130.1625,54.161],[-130.2292,54.1184]]],[[[-130.654,54.1184],[-130.8048,54.1737],[-130.7565,54.2145],[-130.654,54.1184]]],[[[-130.3533,54.2676],[-130.4691,54.3039],[-130.4206,54.3319],[-130.3533,54.2676]]],[[[-130.3521,54.2677],[-130.305,54.3337],[-130.253,54.3113],[-130.2985,54.2536],[-130.3521,54.2677]]],[[[-130.7428,54.6056],[-130.9691,54.462],[-130.9312,54.6227],[-130.7428,54.6056]]],[[[-130.5919,54.7422],[-130.6151,54.7651],[-130.4836,54.8104],[-130.4343,54.7695],[-130.4618,54.7121],[-130.5919,54.7422]]],[[[-130.2084,54.8111],[-130.24,54.7305],[-130.3777,54.6982],[-130.2084,54.8111]]],[[[-57.8714,54.8179],[-58.0223,54.7564],[-58.1571,54.7639],[-58.2274,54.8714],[-57.9453,54.9266],[-57.9875,54.8037],[-57.8714,54.8179]]],[[[-130.4312,54.79],[-130.4616,54.8315],[-130.1674,55.0165],[-130.1578,54.9477],[-130.2698,54.8315],[-130.4312,54.79]]],[[[-60.749,55.9345],[-60.6876,55.9283],[-60.7449,55.8869],[-60.8998,55.8768],[-60.8179,55.8867],[-60.8793,55.9208],[-60.852,55.9619],[-60.749,55.9345]]],[[[-61.4137,56.3734],[-61.4621,56.3454],[-61.4137,56.3256],[-61.597,56.3332],[-61.7974,56.4211],[-61.4137,56.3734]]],[[[-61.2157,56.5856],[-61.235,56.6265],[-61.1338,56.6613],[-61.1649,56.6918],[-61.0575,56.634],[-61.2157,56.5856]]],[[[-61.6298,56.8463],[-61.3387,56.935],[-61.5847,56.7717],[-61.3884,56.6232],[-61.6298,56.8463]]],[[[-61.6129,57.4155],[-61.9004,57.449],[-61.6794,57.5375],[-61.6335,57.5111],[-61.6949,57.4975],[-61.6471,57.4831],[-61.8253,57.4353],[-61.6129,57.4155]]],[[[-61.8526,57.5861],[-61.7799,57.5361],[-61.818,57.4947],[-61.9291,57.4561],[-62.0171,57.5179],[-61.9671,57.5894],[-61.9413,57.5521],[-61.8526,57.5861]]],[[[-61.9004,57.7643],[-61.8004,57.8449],[-61.6541,57.79],[-61.678,57.7279],[-61.7452,57.713],[-61.8303,57.783],[-61.9004,57.7643]]],[[[-61.9314,57.7954],[-62.1058,57.8386],[-61.9314,57.9151],[-61.9413,57.8742],[-61.8717,57.8485],[-61.9314,57.7954]]],[[[-69.102,59.1313],[-69.0613,59.0766],[-69.2189,58.9634],[-69.3635,58.9634],[-69.2862,59.0698],[-69.3542,59.1406],[-69.102,59.1313]]],[[[-107.8754,66.9431],[-107.8115,67.0152],[-107.8307,66.9027],[-107.9505,66.858],[-107.8754,66.9431]]],[[[-108.0467,66.9815],[-107.9368,66.9536],[-108.0368,66.9023],[-108.115,67.0368],[-108.0467,66.9815]]],[[[-107.4167,67.1187],[-107.3455,67.0888],[-107.5436,67.0884],[-107.6242,67.2045],[-107.4167,67.1187]]],[[[-108.2869,67.5358],[-108.3825,67.4675],[-108.4992,67.5358],[-108.4582,67.5737],[-108.2869,67.5358]]],[[[-97.4317,67.7077],[-97.3361,67.7282],[-97.3461,67.6736],[-97.5512,67.6453],[-97.5279,67.6804],[-97.562,67.694],[-97.4317,67.7077]]],[[[-113.446,67.9268],[-113.248,67.92],[-113.5284,67.8953],[-113.5839,67.9143],[-113.446,67.9268]]],[[[-111.0893,67.8654],[-110.8082,67.961],[-110.8787,67.8925],[-111.0893,67.8654]]],[[[-108.0535,67.9548],[-108.0922,67.8847],[-108.2589,67.8927],[-108.1771,67.961],[-108.0535,67.9548]]],[[[-108.9107,67.92],[-108.8833,67.8814],[-108.9411,67.8759],[-109.1392,67.9328],[-109.1981,67.9951],[-108.9351,67.9706],[-108.8859,67.9548],[-108.9107,67.92]]],[[[-98.9667,68.0709],[-98.954,67.9851],[-99.0834,68.0572],[-98.9667,68.0709]]],[[[-109.3557,68.0572],[-109.3082,68.0084],[-109.3424,67.9812],[-109.5475,68.0572],[-109.4718,68.0504],[-109.4839,68.0993],[-109.3557,68.0572]]],[[[-110.0614,68.0981],[-109.9206,68.1398],[-109.8758,68.1323],[-109.9139,68.0883],[-110.2594,68.0429],[-110.0614,68.0981]]],[[[-109.856,68.1596],[-109.568,68.2496],[-109.782,68.1426],[-109.856,68.1596]]],[[[-111.6579,68.3042],[-111.5002,68.3042],[-111.7261,68.2215],[-111.7814,68.2558],[-111.6579,68.3042]]],[[[-100.0907,68.3725],[-100.121,68.2786],[-100.234,68.324],[-100.0907,68.3725]]],[[[-110.836,68.5507],[-110.6989,68.4886],[-111.0952,68.48],[-110.836,68.5507]]],[[[-104.4901,68.5159],[-104.4294,68.445],[-104.4658,68.4169],[-104.6552,68.398],[-105.086,68.5507],[-104.6813,68.5786],[-104.4901,68.5159]]],[[[-100.2068,68.8039],[-100.6033,68.7556],[-100.6313,68.9957],[-100.2068,68.8039]]],[[[-100.0423,69.085],[-99.9863,69.0296],[-100.0218,68.9404],[-100.1976,68.9819],[-100.2552,69.0503],[-100.1385,69.1471],[-100.0423,69.085]]],[[[-101.5294,69.1881],[-101.5061,69.1548],[-101.5506,69.113],[-101.7014,69.0987],[-101.6052,69.1505],[-101.7219,69.1806],[-101.6891,69.2112],[-101.5294,69.1881]]],[[[-135.5668,69.3861],[-135.3534,69.397],[-135.2726,69.3488],[-135.3076,69.3091],[-135.5668,69.3861]]],[[[-100.9814,69.4822],[-101.2425,69.3743],[-101.3035,69.4481],[-101.1868,69.4822],[-101.3815,69.5382],[-101.3109,69.5834],[-101.1732,69.5717],[-100.9814,69.4822]]],[[[-96.5549,69.4792],[-96.7036,69.5865],[-96.3225,69.5314],[-96.1693,69.5705],[-96.1013,69.4673],[-96.1505,69.4283],[-96.1431,69.3525],[-96.5549,69.4792]]],[[[-133.9294,69.5779],[-134.017,69.5859],[-133.9014,69.6269],[-133.8127,69.6058],[-133.9294,69.5779]]],[[[-139.1134,69.6542],[-138.8701,69.5921],[-139.1378,69.5352],[-139.3356,69.5717],[-139.1134,69.6542]]],[[[-135.5742,69.5779],[-135.511,69.6484],[-135.4029,69.6542],[-135.4889,69.5793],[-135.5742,69.5779]]],[[[-102.126,69.715],[-102.1593,69.6542],[-102.2358,69.6846],[-102.2262,69.7261],[-102.126,69.715]]],[[[-95.2149,68.8622],[-96.5205,68.4476],[-99.5973,69.0267],[-98.4096,69.3078],[-98.5494,69.5851],[-98.0238,69.4346],[-98.3702,69.6058],[-97.9252,69.8959],[-96.2198,69.314],[-95.8282,68.8759],[-95.2149,68.8622]]],[[[-97.4658,69.9006],[-97.486,69.9494],[-97.3884,69.9624],[-97.3264,69.8918],[-97.2262,69.8795],[-97.4658,69.9006]]],[[[-100.7412,70.3122],[-100.7692,70.2569],[-100.8722,70.2978],[-100.7412,70.3122]]],[[[-111.9527,70.3251],[-111.6715,70.3122],[-112.1085,70.3009],[-112.3226,70.3562],[-111.9527,70.3251]]],[[[-115.886,70.5822],[-115.8158,70.5737],[-115.8792,70.5462],[-116.0641,70.5517],[-115.886,70.5822]]],[[[-128.2346,70.661],[-128.0837,70.6132],[-128.3445,70.5449],[-128.2346,70.661]]],[[[-100.3514,70.4897],[-100.6556,70.5516],[-100.7145,70.6815],[-100.4864,70.6815],[-100.1938,70.579],[-100.3924,70.5853],[-100.2292,70.4645],[-100.3514,70.4897]]],[[[-125.9489,71.9632],[-125.9681,71.9652],[-125.9884,71.9704],[-125.9969,71.977],[-125.9803,71.9836],[-125.9636,71.9828],[-125.9091,71.9643],[-125.9489,71.9632]]],[[[-110.3972,72.6205],[-110.3829,72.6216],[-110.3686,72.621],[-110.3566,72.6169],[-110.3489,72.6075],[-110.4935,72.6205],[-110.4692,72.6254],[-110.3972,72.6205]]],[[[-110.3147,72.6552],[-110.2799,72.6484],[-110.303,72.6332],[-110.3398,72.632],[-110.4109,72.6422],[-110.3882,72.6487],[-110.3642,72.6528],[-110.3147,72.6552]]],[[[-100.8722,69.8078],[-103.4896,69.6945],[-103.0167,69.4822],[-103.1835,69.1159],[-102.2826,69.5036],[-101.9391,69.4206],[-102.2215,69.2291],[-101.7716,69.1938],[-102.9659,68.7987],[-105.123,68.8964],[-104.941,69.0861],[-106.4121,69.1881],[-106.5839,69.5036],[-107.3348,69.0256],[-109.0286,68.7268],[-113.244,68.4544],[-113.6681,68.8154],[-113.5411,69.1907],[-115.9748,69.3002],[-117.442,69.9894],[-111.5156,70.3524],[-113.9884,70.7162],[-117.5854,70.6064],[-118.3865,71.0222],[-115.0568,71.525],[-118.162,71.379],[-117.6953,71.6684],[-119.1376,71.7744],[-118.1278,72.2272],[-118.5934,72.4287],[-118.1898,72.6354],[-114.5843,73.3846],[-113.9584,73.1401],[-113.9811,72.8091],[-114.558,72.571],[-112.8589,73.0047],[-111.2196,72.7241],[-111.8875,72.3677],[-111.7533,72.2071],[-110.7041,72.5788],[-109.7803,72.4362],[-110.2943,72.6757],[-109.7734,72.7167],[-110.7357,73.0014],[-109.6226,72.916],[-108.6334,72.5656],[-108.246,71.723],[-107.741,71.6181],[-107.2516,71.9017],[-107.7792,72.1413],[-108.2983,73.1338],[-106.8734,73.3156],[-105.3672,72.7924],[-104.3653,71.5772],[-104.5912,71.0732],[-103.5718,70.6055],[-101.0223,70.1862],[-100.8722,69.8078]]],[[[-72.949,66.7346],[-72.1933,67.2757],[-72.9946,68.2359],[-73.8444,68.3496],[-73.7556,68.6872],[-74.22,68.5158],[-74.9827,68.8113],[-74.6848,68.8798],[-75.0441,68.9069],[-74.8091,69.0833],[-76.625,68.6824],[-76.6381,69.0159],[-75.6019,69.2357],[-76.6296,69.546],[-76.1819,69.6679],[-77.2029,69.6467],[-76.7948,69.7225],[-77.3128,69.842],[-76.9764,69.9422],[-77.6144,69.743],[-77.7039,70.2012],[-78.4083,70.2159],[-79.0737,70.4766],[-78.8399,70.6357],[-79.5913,70.4113],[-78.9254,70.3021],[-78.7999,69.8795],[-81.732,70.134],[-80.9512,69.715],[-83.0479,70.3122],[-81.7386,69.9518],[-82.1384,69.786],[-85.7829,69.9952],[-86.5499,70.2365],[-86.3709,70.5266],[-87.8525,70.238],[-88.9072,70.5449],[-89.5577,71.093],[-87.0023,70.9968],[-89.8531,71.3393],[-90.0449,71.5967],[-89.7979,71.7646],[-90.1186,71.9289],[-89.5782,72.1624],[-89.913,72.426],[-88.6875,73.423],[-87.1341,73.8027],[-85.1057,73.812],[-84.8777,73.7104],[-86.7375,72.7309],[-86.242,72.4225],[-86.4082,72.0058],[-84.8376,71.2866],[-86.8236,70.9905],[-84.9726,71.1962],[-85.1452,71.0861],[-84.7992,70.9279],[-84.6224,71.6658],[-86.0506,72.0146],[-85.4764,72.2663],[-84.1645,72.0246],[-84.9392,72.2921],[-84.4321,72.3815],[-85.5145,72.4634],[-85.6821,72.8936],[-83.9529,72.7582],[-85.4636,73.1119],[-83.6376,72.9848],[-85.1134,73.3218],[-81.5284,73.7162],[-80.2455,72.7378],[-81.3826,72.2443],[-80.5062,72.4976],[-80.9718,72.2034],[-80.5669,72.0823],[-81.0263,72.0935],[-80.8004,72.0178],[-80.9853,71.8881],[-80.2452,72.2999],[-79.6764,72.1276],[-80.1698,72.3263],[-79.8188,72.5064],[-79.768,72.2224],[-78.9572,72.2831],[-79.2307,71.9763],[-78.5045,71.8745],[-78.8304,72.1727],[-77.7476,71.7517],[-78.8144,72.3317],[-76.9974,72.1345],[-78.5591,72.5106],[-76.8891,72.7435],[-74.9417,72.2574],[-76.0684,72.0759],[-76.385,71.8515],[-75.2223,72.0693],[-76.0999,71.6963],[-75.0632,72.1282],[-74.1739,72.0314],[-75.3778,71.6918],[-74.6401,71.6684],[-75.1337,71.4924],[-74.7047,71.3949],[-75.0768,71.1837],[-74.5227,71.6626],[-73.7215,71.7782],[-74.3179,71.4151],[-74.03,71.4424],[-74.2423,71.2028],[-73.5638,71.5585],[-73.3789,71.3872],[-73.8808,71.0533],[-73.315,71.3404],[-73.0499,71.2705],[-73.3789,70.9831],[-72.5494,71.6651],[-71.1171,71.2705],[-72.7761,70.818],[-72.1654,70.8397],[-72.5707,70.6132],[-70.6379,71.0787],[-70.8055,70.7244],[-71.9674,70.4214],[-71.1689,70.5351],[-71.5422,70.0241],[-70.9853,70.6337],[-69.915,70.8799],[-70.4744,70.4777],[-69.4735,70.7913],[-68.3623,70.5843],[-70.4728,69.8454],[-68.6783,70.2023],[-69.982,69.6178],[-68.0546,70.3251],[-67.1155,69.7287],[-70.0172,69.5261],[-67.2276,69.4643],[-66.654,69.1998],[-69.0135,69.3594],[-68.0825,69.2197],[-68.9641,69.2235],[-68.507,69.2011],[-69.0183,68.9684],[-68.3734,69.1796],[-67.7045,69.0236],[-68.4928,68.8995],[-67.7734,68.784],[-69.3835,68.8175],[-68.0477,68.6872],[-68.9043,68.6052],[-67.9584,68.3998],[-66.6636,68.4408],[-67.8688,68.2677],[-66.3135,68.1291],[-66.7456,67.8791],[-66.3887,67.7815],[-65.9282,68.1648],[-66.0118,67.6366],[-65.8096,67.9749],[-65.4519,67.9986],[-65.6145,67.7895],[-65.3612,67.5979],[-65.4194,67.9138],[-64.7497,68.0007],[-65.1948,67.6437],[-64.5035,67.8065],[-64.042,67.5365],[-64.4434,67.4811],[-63.9084,67.3068],[-64.7997,67.3515],[-63.963,67.2757],[-64.7004,67.0089],[-63.5675,67.2441],[-63.7712,66.9604],[-63.1636,67.3376],[-62.9769,67.2219],[-63.2368,66.9741],[-63.8197,66.8171],[-62.8653,66.9691],[-62.9016,66.6383],[-62.09,67.0598],[-61.2764,66.6542],[-62.1884,66.6321],[-61.5646,66.3441],[-62.8942,66.3372],[-61.9542,66.0198],[-63.0655,66.1243],[-62.2915,65.8227],[-62.8708,65.9081],[-62.6572,65.5888],[-63.5101,65.9365],[-63.3467,65.6725],[-63.7214,65.6793],[-63.2914,65.4323],[-63.6551,65.467],[-63.3133,65.2098],[-63.535,64.8985],[-63.8091,65.1859],[-64.2783,65.1039],[-64.2374,65.4323],[-64.7308,65.1592],[-64.9151,65.3435],[-64.4086,65.4807],[-65.3409,65.5832],[-64.7922,65.7277],[-65.5054,65.7551],[-64.354,66.3503],[-65.8994,65.9537],[-65.4775,66.3918],[-66.0119,66.1175],[-67.0603,66.6457],[-67.7461,66.57],[-67.146,66.3028],[-67.9925,66.5085],[-67.1871,65.9162],[-68.8497,66.1933],[-68.0273,66.0759],[-68.3479,66.0398],[-67.8143,65.8159],[-68.0334,65.4875],[-67.2731,65.6452],[-67.4587,65.5012],[-67.0599,65.4241],[-67.4171,65.351],[-66.9373,65.2412],[-67.1086,65.0623],[-66.725,65.1859],[-66.7052,64.7688],[-66.6822,65.0442],[-66.218,64.6924],[-65.6892,64.83],[-65.7069,64.4901],[-65.1144,64.515],[-65.6579,64.3092],[-64.6352,63.983],[-64.9914,63.8284],[-64.5223,63.6691],[-64.5368,63.2552],[-65.3024,63.8127],[-64.6278,62.9111],[-65.272,63.0067],[-64.9395,62.631],[-65.7242,63.0551],[-66.4184,63.0075],[-66.6437,63.3746],[-66.6751,63.0287],[-67.9242,63.7676],[-67.6977,63.3697],[-68.993,63.7607],[-65.93,62.2047],[-66.2043,62.1166],[-65.9504,61.8969],[-66.2745,61.8581],[-71.7135,63.1779],[-72.1423,63.4483],[-71.2269,63.6025],[-72.6662,63.8564],[-73.3863,64.2815],[-73.3031,64.6657],[-74.0777,64.3293],[-74.0498,64.7259],[-74.3945,64.5768],[-74.6463,64.9047],[-74.9889,64.8023],[-74.4687,64.5621],[-74.681,64.3778],[-75.82,64.6222],[-75.736,64.3725],[-76.689,64.1916],[-78.011,64.4282],[-78.299,64.7067],[-77.3128,65.2001],[-77.3916,65.4731],[-75.7979,65.2323],[-75.3787,64.7216],[-75.5717,64.8842],[-75.1987,65.1057],[-75.9491,65.3225],[-73.4744,65.4596],[-74.4722,66.1486],[-72.949,66.7346]]],[[[-115.3236,73.5087],[-119.1639,72.6298],[-119.3402,72.3467],[-120.2548,72.2608],[-120.6352,71.4914],[-122.7978,71.0878],[-124.9589,71.9666],[-125.8776,71.964],[-123.7738,73.7656],[-124.7557,74.3486],[-121.5808,74.5559],[-119.5183,74.2311],[-119.7652,74.0353],[-119.1444,74.2091],[-119.1893,73.9922],[-117.4165,74.2325],[-115.3236,73.5087]]],[[[-123.369,48.7742],[-123.4584,48.7674],[-123.4276,48.7296],[-123.461,48.7154],[-123.5311,48.7344],[-123.5956,48.9518],[-123.369,48.7742]]],[[[-123.6539,49.0337],[-123.687,49.1085],[-123.5467,48.9762],[-123.3171,48.8698],[-123.3945,48.8724],[-123.6539,49.0337]]],[[[-123.7213,49.1608],[-123.6971,49.1371],[-123.7767,49.1333],[-123.8698,49.1905],[-123.7213,49.1608]]],[[[-125.9499,49.2008],[-125.9689,49.1487],[-126.035,49.2018],[-125.9499,49.2008]]],[[[-126.0833,49.3149],[-126.0694,49.2555],[-126.2235,49.2771],[-126.2314,49.3786],[-126.1317,49.3968],[-126.0833,49.3149]]],[[[-123.3307,49.3729],[-123.4294,49.3467],[-123.35,49.4175],[-123.3152,49.4134],[-123.3307,49.3729]]],[[[-124.2322,49.4993],[-124.1862,49.447],[-124.3791,49.5073],[-124.2322,49.4993]]],[[[-123.4516,49.4452],[-123.4181,49.5309],[-123.3622,49.5408],[-123.3225,49.4861],[-123.3427,49.4429],[-123.4516,49.4452]]],[[[-124.6074,49.5309],[-124.6629,49.4943],[-124.7038,49.5212],[-124.6074,49.5309]]],[[[-124.7087,49.497],[-124.8254,49.5401],[-124.836,49.5977],[-124.7087,49.497]]],[[[-124.1095,49.678],[-124.1637,49.6598],[-124.2051,49.7053],[-124.0201,49.781],[-124.1095,49.678]]],[[[-124.6644,49.7469],[-124.6326,49.8017],[-124.3479,49.7042],[-124.1232,49.4998],[-124.6644,49.7469]]],[[[-127.2406,50.0217],[-127.2723,49.978],[-127.3186,49.9996],[-127.2406,50.0217]]],[[[-125.0275,50.1441],[-124.9957,50.2321],[-124.891,50.069],[-125.0055,50.0176],[-125.0598,50.1155],[-125.0275,50.1441]]],[[[-125.1988,50.0411],[-125.3237,50.1433],[-125.336,50.2745],[-125.2632,50.294],[-125.1715,50.219],[-125.2277,50.1208],[-125.1606,50.0031],[-125.1988,50.0411]]],[[[-124.8026,50.2286],[-124.7251,50.3045],[-124.6507,50.2244],[-124.7258,50.1632],[-124.7233,50.2929],[-124.7567,50.2194],[-124.8026,50.2286]]],[[[-125.5023,50.4138],[-125.7834,50.3974],[-125.5469,50.4434],[-125.5023,50.4138]]],[[[-125.368,50.4611],[-125.3279,50.4337],[-125.3924,50.3674],[-125.5448,50.3778],[-125.368,50.4611]]],[[[-125.7491,50.4218],[-125.9654,50.4382],[-125.8058,50.475],[-125.7491,50.4218]]],[[[-126.5377,50.5838],[-126.6149,50.5527],[-126.6709,50.5896],[-126.5377,50.5838]]],[[[-126.3365,50.6035],[-126.2267,50.5693],[-126.3055,50.5346],[-126.6245,50.5346],[-126.3365,50.6035]]],[[[-126.4038,50.6298],[-126.3635,50.6188],[-126.4256,50.5886],[-126.5585,50.6032],[-126.4038,50.6298]]],[[[-126.8593,50.6457],[-127.1504,50.64],[-127.1075,50.6711],[-126.8593,50.6457]]],[[[-126.6177,50.6723],[-126.2895,50.8286],[-126.1789,50.7508],[-126.2881,50.6546],[-126.6177,50.6723]]],[[[-126.7821,50.7747],[-126.8795,50.8343],[-126.7934,50.8073],[-126.641,50.8498],[-126.5624,50.8021],[-126.7821,50.7747]]],[[[-123.3212,48.4958],[-123.6539,48.3143],[-125.094,48.73],[-124.8084,49.2466],[-125.6066,48.9619],[-125.912,49.4384],[-126.5727,49.4143],[-126.1075,49.6833],[-127.1419,49.8666],[-127.0969,50.1509],[-127.8981,50.1141],[-127.9258,50.4621],[-127.4469,50.3769],[-127.419,50.6035],[-128.0602,50.4526],[-128.4172,50.7719],[-125.4767,50.339],[-124.7947,49.4726],[-123.9549,49.2292],[-123.3212,48.4958]]],[[[-127.8456,50.9229],[-127.875,50.8904],[-127.983,50.9167],[-127.8456,50.9229]]],[[[-127.5453,51.0898],[-127.542,51.0522],[-127.6117,51.0751],[-127.5453,51.0898]]],[[[-131.6813,52.8421],[-131.7435,52.8113],[-131.8376,52.841],[-131.6813,52.8421]]],[[[-132.2296,52.9952],[-132.3031,52.9667],[-132.3826,53.0041],[-132.2296,52.9952]]],[[[-132.9785,54.246],[-133.0005,54.1901],[-133.0818,54.2318],[-132.9785,54.246]]],[[[-64.4774,60.3339],[-64.4267,60.2862],[-64.7265,60.3649],[-64.8616,60.4655],[-64.6413,60.4923],[-64.5315,60.3756],[-64.4225,60.3976],[-64.4774,60.3339]]],[[[-67.8808,60.4968],[-68.4194,60.2097],[-68.2413,60.5856],[-67.8808,60.4968]]],[[[-64.6103,60.6902],[-64.6256,60.6146],[-64.7135,60.5976],[-64.6103,60.6902]]],[[[-78.2437,60.8349],[-78.3406,60.7728],[-78.2785,60.7728],[-78.6961,60.7141],[-78.6161,60.7764],[-78.2437,60.8349]]],[[[-64.8406,61.3515],[-65.4842,61.6225],[-64.717,61.6635],[-64.8406,61.3515]]],[[[-65.7033,61.7932],[-65.6915,61.7504],[-65.9464,61.8011],[-65.7915,61.8725],[-65.7033,61.7932]]],[[[-93.0255,61.9167],[-92.964,61.8894],[-93.0589,61.8299],[-93.2247,61.9064],[-93.0255,61.9167]]],[[[-92.2719,62.4074],[-92.1415,62.3965],[-92.3259,62.3572],[-92.2787,62.3903],[-92.3749,62.3965],[-92.2719,62.4074]]],[[[-79.2825,62.2699],[-79.7589,61.5822],[-80.2611,61.8563],[-79.9346,62.3781],[-79.2825,62.2699]]],[[[-77.8539,62.5883],[-77.8606,62.5505],[-78.1134,62.5747],[-77.8539,62.5883]]],[[[-77.723,62.5883],[-77.6205,62.5883],[-77.7847,62.5423],[-77.8335,62.6026],[-77.723,62.5883]]],[[[-64.9669,62.5337],[-65.1416,62.5541],[-64.9145,62.6069],[-64.8406,62.5821],[-64.9669,62.5337]]],[[[-74.0162,62.6708],[-73.9647,62.6094],[-74.1186,62.6026],[-74.6531,62.7193],[-74.5301,62.7534],[-74.3756,62.6845],[-74.0162,62.6708]]],[[[-82.1913,62.9862],[-81.8624,62.9248],[-81.9398,62.7116],[-83.0662,62.1872],[-83.7052,62.1435],[-83.9398,62.4238],[-83.4187,62.8923],[-82.1913,62.9862]]],[[[-90.6202,63.4796],[-90.7022,63.4449],[-90.7568,63.5001],[-90.6202,63.4796]]],[[[-77.538,63.2878],[-77.9408,63.0871],[-78.5443,63.4492],[-77.538,63.2878]]],[[[-90.6749,63.5212],[-90.8118,63.5001],[-90.9697,63.5548],[-90.6749,63.5212]]],[[[-91.4631,63.6168],[-91.2987,63.5678],[-91.4534,63.5586],[-91.5391,63.607],[-91.4631,63.6168]]],[[[-72.4744,63.7055],[-72.5997,63.6467],[-72.7829,63.6645],[-72.4744,63.7055]]],[[[-77.9734,63.9656],[-77.9054,64.0245],[-77.5455,64.0277],[-77.7372,63.9321],[-77.9734,63.9656]]],[[[-81.4688,64.1916],[-81.5388,64.2064],[-81.4991,64.2368],[-81.3826,64.2132],[-81.4688,64.1916]]],[[[-73.2764,64.2194],[-73.1733,64.2058],[-73.2764,64.151],[-73.3998,64.1649],[-73.3148,64.2009],[-73.3378,64.2399],[-73.2764,64.2194]]],[[[-83.5034,65.8097],[-83.5724,65.8404],[-83.5447,65.8711],[-83.2912,65.8469],[-83.5034,65.8097]]],[[[-80.1833,63.7676],[-81.1249,63.4638],[-82.4818,63.6852],[-82.3709,63.913],[-83.0845,63.9582],[-83.0843,64.1898],[-85.2739,63.1234],[-85.6352,63.2431],[-85.7137,63.7744],[-87.2238,63.6601],[-86.1929,64.1034],[-86.4194,64.5969],[-86.1515,65.3961],[-85.4865,65.9241],[-84.9318,65.2182],[-84.5547,65.4859],[-81.7713,64.512],[-81.6066,64.1341],[-81.9916,63.9987],[-80.8888,64.1226],[-80.1833,63.7676]]],[[[-85.0011,66.0076],[-84.5741,65.6356],[-85.1127,65.7621],[-85.0011,66.0076]]],[[[-84.4735,66.0902],[-83.2123,65.706],[-83.8389,65.6522],[-84.4735,66.0902]]],[[[-83.2738,66.3093],[-83.2331,66.3441],[-83.1372,66.3093],[-83.1782,66.2895],[-82.9044,66.2684],[-83.0776,66.1978],[-83.2926,66.2679],[-83.2738,66.3093]]],[[[-62.4075,67.187],[-62.3739,67.1658],[-62.7469,67.0181],[-62.9015,67.0634],[-62.6129,67.1454],[-62.639,67.1784],[-62.4075,67.187]]],[[[-63.5179,67.3242],[-63.3861,67.3117],[-63.3602,67.2962],[-63.4092,67.2753],[-63.8332,67.29],[-63.6316,67.3561],[-63.593,67.3105],[-63.5179,67.3242]]],[[[-63.7575,67.5228],[-64.038,67.5296],[-63.9547,67.655],[-63.7575,67.5228]]],[[[-73.3583,67.8381],[-74.7752,68.0294],[-74.3384,68.1807],[-73.3583,67.8381]]],[[[-66.2964,68.2695],[-66.1831,68.2626],[-66.2633,68.2222],[-66.2706,68.1614],[-66.6611,68.2095],[-66.2964,68.2695]]],[[[-86.5771,68.2906],[-86.3725,67.9366],[-86.6801,67.7351],[-86.9874,68.0843],[-86.5771,68.2906]]],[[[-75.0335,68.1733],[-75.0651,67.5524],[-75.5959,67.3111],[-76.9816,67.2433],[-77.3227,67.708],[-76.6889,68.2626],[-75.0335,68.1733]]],[[[-78.909,68.324],[-78.8104,68.2845],[-78.83,68.2527],[-79.0084,68.1769],[-79.1835,68.2217],[-79.1561,68.3445],[-78.909,68.324]]],[[[-82.0814,68.3073],[-82.3489,68.3651],[-82.0001,68.3514],[-82.0814,68.3073]]],[[[-74.3688,68.3892],[-74.3905,68.4537],[-74.2978,68.4644],[-74.0807,68.3327],[-74.2217,68.2496],[-74.2713,68.2948],[-74.2149,68.324],[-74.3688,68.3892]]],[[[-74.8448,68.5786],[-74.8932,68.6257],[-74.7926,68.6757],[-74.5171,68.5643],[-74.8448,68.5786]]],[[[-68.0061,68.7703],[-67.6634,68.7077],[-67.9147,68.7105],[-68.4586,68.7936],[-68.0061,68.7703]]],[[[-90.182,69.1192],[-90.138,69.05],[-90.2768,69.114],[-90.264,69.1471],[-90.182,69.1192]]],[[[-79.0798,68.879],[-79.423,68.9274],[-78.7223,69.3371],[-78.214,69.3029],[-79.0798,68.879]]],[[[-76.6923,69.4109],[-76.9012,69.1055],[-77.3872,69.2665],[-76.6923,69.4109]]],[[[-67.4443,69.5921],[-67.3078,69.5581],[-67.5542,69.5233],[-67.5058,69.4959],[-67.7528,69.5233],[-67.4443,69.5921]]],[[[-67.9099,69.5338],[-68.3077,69.5921],[-68.0753,69.671],[-67.828,69.6611],[-67.9726,69.6945],[-67.8806,69.7105],[-67.7249,69.6467],[-67.9099,69.5338]]],[[[-79.9711,69.6331],[-80.814,69.6945],[-79.6724,69.8204],[-79.3481,69.6945],[-79.9711,69.6331]]],[[[-83.8361,69.7498],[-83.9171,69.7936],[-83.8556,69.8317],[-83.5277,69.7908],[-83.7007,69.7685],[-83.658,69.7287],[-83.701,69.7228],[-83.8361,69.7498]]],[[[-91.8536,69.8597],[-91.6413,69.8597],[-91.8402,69.8249],[-91.8536,69.8597]]],[[[-91.4631,69.7771],[-91.5568,69.7292],[-91.7375,69.7976],[-91.4253,69.8861],[-91.5041,69.8187],[-91.4631,69.7771]]],[[[-72.9536,71.5175],[-73.0536,71.2964],[-73.3788,71.5175],[-72.9536,71.5175]]],[[[-72.7379,71.6615],[-72.6588,71.6],[-72.7653,71.529],[-73.0436,71.5864],[-72.9263,71.6553],[-72.7379,71.6615]]],[[[-95.3275,71.8471],[-95.2593,71.8328],[-95.3185,71.7425],[-95.4921,71.7435],[-95.3623,71.7918],[-95.4517,71.826],[-95.3275,71.8471]]],[[[-95.7663,72.875],[-95.7118,72.834],[-95.7495,72.8032],[-95.8558,72.8607],[-95.7663,72.875]]],[[[-96.9177,72.7378],[-97.014,72.7788],[-96.7594,72.8962],[-96.6918,72.8886],[-96.726,72.834],[-96.6483,72.8009],[-96.7533,72.7241],[-96.9177,72.7378]]],[[[-108.0876,73.5906],[-107.8489,73.6334],[-107.5799,73.6005],[-107.994,73.5466],[-108.0876,73.5906]]],[[[-104.6809,73.6298],[-104.5727,73.3322],[-105.285,72.8514],[-107.0393,73.4844],[-104.6809,73.6298]]],[[[-80.9034,73.6074],[-78.1138,73.6657],[-76.0583,72.9017],[-79.5684,72.7598],[-80.8601,73.319],[-80.9034,73.6074]]],[[[-96.3213,72.4669],[-96.8768,72.3263],[-96.5342,72.2443],[-96.8693,72.0451],[-96.4932,72.028],[-96.7669,71.9223],[-96.5888,71.8207],[-97.6853,71.6184],[-98.295,71.9017],[-98.5005,71.723],[-98.0418,71.5312],[-98.73,71.2717],[-102.756,72.8123],[-102.2829,73.0872],[-101.056,72.6909],[-100.348,72.7766],[-100.4203,73.0395],[-100.0718,72.8886],[-100.5563,73.2313],[-99.7686,73.2108],[-101.6256,73.4914],[-100.44,73.4081],[-101.1186,73.7241],[-100.8858,73.8321],[-97.7739,73.9189],[-96.9382,73.6868],[-97.6439,73.5397],[-97.1727,73.359],[-98.4462,72.8725],[-97.256,72.9621],[-97.1939,72.6151],[-96.5376,72.752],[-96.3213,72.4669]]],[[[-90.291,73.9233],[-92.0958,72.7462],[-94.3208,72.7651],[-93.4642,72.4634],[-94.0601,71.9836],[-95.2115,71.9942],[-94.7904,72.1599],[-95.1767,72.155],[-95.1357,72.4634],[-95.7174,72.9971],[-95.5133,73.1337],[-95.7192,73.6906],[-94.6224,73.6557],[-95.3309,73.9175],[-94.7206,74.1014],[-90.291,73.9233]]],[[[-97.7368,74.4714],[-97.7948,74.4919],[-97.7572,74.5198],[-97.503,74.623],[-97.2604,74.598],[-97.3771,74.5124],[-97.7368,74.4714]]],[[[-95.3623,74.5908],[-95.2556,74.5188],[-95.3496,74.4959],[-95.87,74.5812],[-95.5632,74.6429],[-95.3623,74.5908]]],[[[-103.6384,75.1995],[-104.9296,75.1411],[-104.4032,75.4326],[-103.6384,75.1995]]],[[[-93.4369,74.9443],[-93.5331,74.6706],[-94.7242,74.6318],[-96.6161,74.9915],[-95.78,75.3825],[-96.1555,75.408],[-94.8995,75.6447],[-93.6765,75.362],[-93.4369,74.9443]]],[[[-94.4853,75.9784],[-94.4232,75.8729],[-94.3003,75.8009],[-94.3165,75.7643],[-94.7438,75.7615],[-94.9105,75.9374],[-94.4853,75.9784]]],[[[-102.5716,75.9927],[-103.6916,75.889],[-103.9762,75.9443],[-102.4438,76.0899],[-102.328,76.0654],[-102.3268,76.0228],[-102.5716,75.9927]]],[[[-117.7847,75.8965],[-118.6139,75.5037],[-119.409,75.6016],[-117.7987,76.1116],[-117.4625,76.0883],[-117.7847,75.8965]]],[[[-78.8954,76.123],[-79.176,75.958],[-78.8965,75.8426],[-79.752,75.8828],[-78.8954,76.123]]],[[[-81.328,76.1497],[-81.4651,76.164],[-81.2533,76.1954],[-81.2044,76.1845],[-81.328,76.1497]]],[[[-103.8114,76.0336],[-104.3945,76.0815],[-104.2025,76.2254],[-102.5306,76.1572],[-103.8114,76.0336]]],[[[-89.3801,76.4451],[-89.6265,76.4514],[-89.525,76.4804],[-89.3801,76.4451]]],[[[-83.9923,76.4254],[-84.1234,76.4514],[-84.1378,76.5141],[-83.9112,76.4719],[-83.9923,76.4254]]],[[[-104.398,76.4687],[-104.6813,76.6022],[-104.0246,76.6705],[-103.0104,76.4235],[-104.398,76.4687]]],[[[-97.4249,75.5197],[-98.0418,75.4849],[-97.5688,75.1498],[-98.1033,75.2255],[-97.9758,75.0145],[-99.6454,74.976],[-100.3688,75.0231],[-100.5494,75.205],[-99.987,75.2386],[-100.7213,75.4377],[-98.9067,75.7097],[-102.8817,75.6178],[-100.9132,75.8145],[-101.5506,75.8698],[-101.3035,76.0207],[-101.9029,76.1059],[-101.3855,76.2534],[-102.1028,76.2208],[-102.0351,76.4128],[-99.9471,75.8752],[-99.4403,75.9722],[-100.2211,76.1361],[-99.4185,76.164],[-100.9882,76.5066],[-99.6409,76.6374],[-99.0703,76.4042],[-98.4553,76.6821],[-97.6651,76.4862],[-97.5702,75.8652],[-97.9394,75.7457],[-97.4249,75.5197]]],[[[-101.1597,76.5817],[-101.6871,76.5886],[-101.1921,76.6558],[-100.9725,76.7355],[-100.2477,76.7394],[-101.1597,76.5817]]],[[[-89.675,76.7326],[-89.9774,76.4777],[-90.5945,76.7509],[-89.675,76.7326]]],[[[-105.3951,75.6743],[-106.0089,75.0566],[-108.8242,75.0715],[-112.4374,74.4135],[-114.4224,74.7031],[-110.9508,75.2516],[-113.8866,75.0582],[-113.3231,75.4241],[-114.0707,75.4749],[-115.0577,74.9667],[-117.6885,75.2597],[-115.0021,75.6985],[-117.249,75.6091],[-114.8274,75.8794],[-116.7363,75.9374],[-116.1627,76.2038],[-114.667,76.164],[-115.927,76.2869],[-114.8724,76.5202],[-112.4256,76.1708],[-111.7268,75.9169],[-112.227,75.8145],[-111.4591,75.8419],[-111.2508,75.5219],[-108.91,75.4787],[-108.8281,75.6911],[-110.0546,75.8965],[-109.3231,76.1154],[-110.3972,76.3967],[-108.7756,76.8642],[-108.4508,76.7326],[-108.7319,76.6432],[-108.6159,76.4235],[-108.0809,76.2869],[-108.4992,76.0405],[-107.6503,76.0058],[-108.0262,75.7873],[-107.076,75.8994],[-106.8809,75.6492],[-106.6148,75.8009],[-106.8749,75.9654],[-106.3398,76.0616],[-105.3951,75.6743]]],[[[-79.5602,74.9915],[-80.3994,74.9143],[-80.1008,74.8276],[-80.2175,74.5875],[-81.7887,74.4584],[-83.4917,74.9095],[-83.4935,74.5778],[-84.2583,74.5065],[-88.5178,74.5012],[-88.297,74.7799],[-88.5395,74.9038],[-89.4344,74.5533],[-91.025,74.7041],[-90.7868,74.8896],[-91.5135,74.6447],[-92.504,75.218],[-92.0044,75.6016],[-92.1268,75.8738],[-93.0602,76.349],[-95.3902,76.2391],[-94.8006,76.3284],[-95.9738,76.4359],[-95.5882,76.6096],[-96.9656,76.7394],[-95.7707,77.0767],[-93.6702,76.9146],[-93.179,76.7199],[-93.5607,76.3952],[-90.9211,76.6433],[-90.4927,76.4683],[-91.4011,76.4588],[-89.1944,76.2482],[-91.6134,76.267],[-90.1882,76.0678],[-91.1288,75.8361],[-89.9638,76.016],[-89.1625,75.7652],[-89.7631,75.5812],[-88.9174,75.4304],[-88.7224,75.6861],[-86.618,75.3689],[-84.0006,75.8288],[-81.1131,75.7791],[-79.5738,75.4515],[-79.5169,75.2292],[-80.4434,75.0399],[-79.5602,74.9915]]],[[[-119.3175,76.1999],[-119.7169,76.3353],[-119.486,75.9749],[-120.3874,75.8067],[-120.865,76.201],[-121.2997,75.9108],[-123.0407,76.0883],[-119.1956,77.3176],[-117.0392,77.2928],[-116.4067,77.5624],[-115.3926,77.3079],[-116.4005,77.1373],[-115.732,76.9486],[-116.3658,76.9318],[-115.8928,76.6984],[-117.0079,76.5522],[-117.1363,76.2902],[-118.0584,76.4104],[-117.8658,76.8233],[-119.3175,76.1999]]],[[[-85.1622,77.4587],[-85.1383,77.4997],[-85.2444,77.5325],[-85.5424,77.5407],[-85.3233,77.5891],[-85.0184,77.5835],[-84.8162,77.4997],[-85.1622,77.4587]]],[[[-89.6613,77.3564],[-90.405,77.2032],[-91.2093,77.5754],[-89.6613,77.3564]]],[[[-104.3945,77.1925],[-105.2246,77.1645],[-106.0937,77.7296],[-104.3945,77.1925]]],[[[-93.252,77.6444],[-93.7845,77.4377],[-96.3287,77.6096],[-93.252,77.6444]]],[[[-77.5727,77.8566],[-77.5966,77.8166],[-77.8526,77.7792],[-77.9563,77.8361],[-77.5727,77.8566]]],[[[-109.6037,78.0739],[-110.9037,77.8532],[-110.1079,77.7762],[-110.2354,77.5042],[-111.9908,77.3293],[-113.1659,77.5151],[-113.3231,77.8082],[-109.6037,78.0739]]],[[[-102.9005,78.2744],[-102.7992,78.2567],[-102.7838,78.2067],[-103.0472,78.127],[-103.2842,78.1614],[-103.0651,78.2613],[-102.9005,78.2744]]],[[[-88.0574,78.4525],[-88.2083,78.2818],[-88.4056,78.259],[-88.3795,78.319],[-88.2014,78.3569],[-88.2474,78.3726],[-88.2219,78.4326],[-88.0574,78.4525]]],[[[-109.2595,78.4593],[-113.3362,78.3364],[-110.741,78.758],[-109.2595,78.4593]]],[[[-74.5581,78.7814],[-74.1671,78.7268],[-74.3311,78.6784],[-74.6923,78.7217],[-74.6431,78.7783],[-74.5581,78.7814]]],[[[-96.9103,77.7952],[-97.7743,78.0416],[-96.8693,78.1372],[-97.9195,78.2203],[-98.4073,78.4882],[-98.025,78.5526],[-98.3559,78.7739],[-94.8279,78.3637],[-95.4032,78.2333],[-94.8893,78.1093],[-95.0607,77.9726],[-96.9103,77.7952]]],[[[-105.6068,79.1036],[-105.4569,79.3293],[-103.7216,79.3633],[-102.8795,79.2333],[-102.5989,78.8776],[-101.6484,79.081],[-99.5579,78.5987],[-99.8027,78.3085],[-98.9462,78.0689],[-99.9386,77.7829],[-101.0597,78.2055],[-104.4657,78.2746],[-105.0177,78.5245],[-103.5395,78.5004],[-104.0445,78.6306],[-103.3258,78.7475],[-104.2472,78.9971],[-104.9554,78.7982],[-104.7084,79.0311],[-105.6068,79.1036]]],[[[-100.1522,79.998],[-99.1197,80.1337],[-98.6514,79.7922],[-100.1522,79.998]]],[[[-95.8524,80.6528],[-96.1105,80.6857],[-95.4777,80.7084],[-95.0675,80.687],[-94.9713,80.6391],[-95.8524,80.6528]]],[[[-96.6231,80.0443],[-94.3822,79.988],[-94.8074,80.0973],[-94.1068,80.1871],[-96.685,80.3437],[-93.7858,80.5293],[-95.4852,80.9061],[-93.1558,81.0978],[-94.3959,81.2617],[-93.2577,81.3734],[-91.7983,81.1592],[-90.7311,80.5667],[-89.058,80.4678],[-89.2353,80.2738],[-88.5384,80.0991],[-88.1461,80.1035],[-88.6442,80.3967],[-87.7006,80.4126],[-87.5677,80.1833],[-88.0636,80.1252],[-86.962,79.9088],[-87.4609,79.5356],[-85.6987,79.618],[-84.9126,79.2707],[-86.9683,79.0642],[-87.6492,78.643],[-87.9975,78.8112],[-87.7284,79.0831],[-88.1737,78.9956],[-88.3585,78.6579],[-87.9097,78.5524],[-88.8048,78.6102],[-88.54,78.4169],[-88.8113,78.1654],[-90.0062,78.6138],[-89.4957,78.1561],[-92.0245,78.2107],[-92.9691,78.4896],[-91.6492,78.565],[-93.2817,78.5947],[-93.8131,78.7678],[-93.0384,78.7678],[-94.2935,78.9869],[-90.3664,79.2475],[-92.6273,79.2454],[-91.1205,79.3916],[-93.0867,79.4871],[-95.211,79.281],[-95.7391,79.5424],[-94.3003,79.7752],[-95.8537,79.6524],[-96.6231,80.0443]]],[[[-61.0855,82.3312],[-64.3726,81.725],[-69.3083,81.7217],[-66.6083,81.5162],[-70.0203,81.1059],[-64.6921,81.3908],[-69.666,80.3552],[-70.8077,80.5709],[-70.1591,80.1925],[-72.3795,80.2278],[-70.5143,80.1035],[-71.4488,79.9161],[-71.1424,79.7895],[-74.2278,79.8957],[-74.8449,79.8503],[-73.3833,79.7756],[-73.3169,79.5091],[-78.0594,79.3569],[-74.4687,79.2272],[-78.8955,79.0694],[-77.7322,79.0247],[-78.2268,78.7722],[-75.7808,78.982],[-76.4592,78.8494],[-74.7738,78.8348],[-74.6326,78.5897],[-76.6616,78.5283],[-75.0298,78.3364],[-76.8883,78.2233],[-75.6176,78.131],[-75.934,77.9586],[-78.2166,78.0025],[-78.43,77.9113],[-77.7162,77.6096],[-78.6897,77.3191],[-80.5514,77.3098],[-81.9375,77.6854],[-81.1709,77.3325],[-82.1519,77.3159],[-81.8577,77.1705],[-79.4324,77.2386],[-79.0065,77.1047],[-79.3756,76.9256],[-77.7162,76.822],[-78.3673,76.4657],[-81.0725,76.1291],[-80.7725,76.42],[-82.7298,76.821],[-82.0821,76.5681],[-82.282,76.4005],[-83.4014,76.7615],[-83.2237,76.4114],[-84.293,76.6638],[-84.235,76.4468],[-85.0558,76.5203],[-84.3881,76.3151],[-85.2034,76.2843],[-86.578,76.6417],[-86.3029,76.5277],[-86.722,76.3484],[-87.563,76.6202],[-87.4271,76.3494],[-88.4036,76.3937],[-88.507,76.8237],[-88.5987,76.4105],[-89.1702,76.4242],[-89.6812,76.5749],[-89.5372,76.8568],[-86.6038,77.1782],[-87.721,77.3701],[-88.222,77.8629],[-86.4522,77.8364],[-85.7957,77.4253],[-84.4661,77.3017],[-83.4662,77.3489],[-83.8362,77.4588],[-82.3211,78.0826],[-83.9182,77.4935],[-85.3072,77.6711],[-84.3153,77.8976],[-85.6796,77.9352],[-84.028,78.1788],[-84.9683,78.2141],[-84.576,78.3535],[-84.8709,78.37],[-84.647,78.5994],[-85.4915,78.1061],[-86.2894,78.0834],[-85.8603,78.3856],[-87.5167,78.1335],[-87.0911,78.2068],[-87.5113,78.4354],[-86.6099,78.8093],[-85.0311,78.9219],[-82.3428,78.5692],[-83.2602,78.8367],[-81.4788,79.049],[-84.7521,79.0389],[-83.3632,79.0552],[-86.4747,79.761],[-85.2538,79.926],[-86.5347,80.0309],[-86.5039,80.3091],[-83.7879,80.2509],[-81.7873,79.6114],[-80.5875,79.5692],[-79.752,79.707],[-81.5234,79.718],[-81.6617,79.9076],[-81.4037,79.9397],[-83.2056,80.3232],[-78.0523,80.5691],[-79.9643,80.6175],[-76.5153,80.8561],[-78.9364,80.8788],[-76.7442,81.4405],[-79.505,81.2003],[-79.195,80.9594],[-80.8756,80.6629],[-83.1204,80.5478],[-81.76,80.8167],[-83.2737,80.8465],[-85.1214,80.5041],[-86.7491,80.6045],[-85.7985,80.9463],[-82.3848,81.1854],[-87.7065,80.6455],[-89.4344,80.9284],[-84.7487,81.296],[-89.8262,81.013],[-90.2981,81.1935],[-88.9339,81.2487],[-89.9245,81.3422],[-87.3135,81.5179],[-90.4214,81.3685],[-90.8336,81.4643],[-89.5856,81.6323],[-91.9566,81.6602],[-88.0705,82.1073],[-84.6033,81.893],[-86.8787,82.2083],[-84.7084,82.483],[-83.1304,82.0712],[-81.8766,82.0438],[-82.9699,82.2984],[-79.2306,81.8179],[-82.7116,82.3815],[-81.4788,82.5025],[-82.371,82.6461],[-78.5479,82.676],[-80.4012,82.8796],[-79.3405,82.9755],[-77.1387,82.8669],[-75.8938,82.5987],[-76.2183,82.4521],[-75.4004,82.6192],[-77.134,83.037],[-72.5911,82.7012],[-73.6531,82.9271],[-72.9722,83.073],[-70.8371,82.8861],[-71.5012,83.0096],[-71.1244,83.0996],[-69.6875,83.1165],[-66.2998,82.9345],[-68.6177,82.6304],[-64.6967,82.9098],[-63.408,82.8182],[-63.8531,82.7216],[-62.9283,82.5708],[-63.3733,82.441],[-61.0855,82.3312]]],[[[-79.8414,53.1457],[-79.8066,53.0974],[-79.9298,53.0944],[-79.9166,53.1703],[-79.8414,53.1457]]],[[[-79.95,53.3518],[-79.9173,53.2974],[-79.9471,53.2659],[-80.086,53.3304],[-79.95,53.3518]]],[[[-79.5937,56.7712],[-79.5734,56.8182],[-79.4833,56.7394],[-79.4877,56.6636],[-79.5649,56.6206],[-79.5476,56.7275],[-79.5937,56.7712]]],[[[-79.9028,56.8941],[-79.795,56.9516],[-79.7309,56.8019],[-79.7908,56.7961],[-79.8125,56.8967],[-79.9028,56.8941]]],[[[-80.4708,59.491],[-80.5422,59.3713],[-80.5192,59.4438],[-80.5533,59.4501],[-80.4708,59.491]]],[[[-80.225,59.7313],[-80.1561,59.6828],[-80.3422,59.6196],[-80.225,59.7313]]],[[[-80.1083,59.7648],[-80.0946,59.8132],[-80.1799,59.7581],[-80.043,59.8778],[-79.8817,59.861],[-80.1083,59.7648]]],[[[-65.6078,43.4835],[-65.5599,43.5108],[-65.6288,43.4221],[-65.6561,43.463],[-65.6078,43.4835]]],[[[-59.7935,43.9646],[-59.7072,44.0144],[-59.9078,43.9162],[-60.1302,43.9605],[-59.7935,43.9646]]],[[[-66.8615,44.7268],[-66.8258,44.7876],[-66.7432,44.782],[-66.6904,44.62],[-66.7833,44.6612],[-66.906,44.6062],[-66.8615,44.7268]]],[[[-73.9952,45.3201],[-73.9206,45.3338],[-74.003,45.2687],[-74.165,45.2697],[-73.9952,45.3201]]],[[[-73.889,45.3967],[-73.9316,45.3669],[-73.9845,45.4064],[-73.889,45.3967]]],[[[-60.9141,45.5666],[-61.0035,45.4608],[-61.1117,45.5488],[-60.9141,45.5666]]],[[[-73.8573,45.5494],[-73.7409,45.6643],[-73.5648,45.6987],[-73.7183,45.5624],[-73.8573,45.5494]]],[[[-73.4993,45.7099],[-73.469,45.7056],[-73.5394,45.4874],[-73.5887,45.4479],[-73.9736,45.4446],[-73.694,45.5553],[-73.4993,45.7099]]],[[[-70.8433,47.0332],[-70.8097,47.0134],[-70.8743,46.937],[-71.0312,46.8629],[-71.1247,46.877],[-70.8433,47.0332]]],[[[-60.0809,45.7924],[-61.2846,45.5477],[-61.5515,46.0218],[-60.3961,47.0264],[-60.4269,46.284],[-61.1476,45.7079],[-60.7325,45.6844],[-60.2835,46.3275],[-59.8105,46.1699],[-60.0809,45.7924]]],[[[-62.004,46.4641],[-62.7507,45.9508],[-62.963,46.32],[-63.6021,46.2169],[-64.4168,46.6828],[-63.9971,47.0673],[-63.9356,46.4783],[-62.004,46.4641]]],[[[-64.5048,47.8898],[-64.5935,47.7654],[-64.6488,47.7321],[-64.6966,47.7594],[-64.6488,47.7905],[-64.7001,47.8279],[-64.6687,47.8713],[-64.5048,47.8898]]],[[[-64.5458,47.9717],[-64.5108,48.0336],[-64.4724,47.9634],[-64.5904,47.9035],[-64.5458,47.9717]]],[[[-64.3192,49.7912],[-63.1241,49.7839],[-61.6608,49.151],[-63.0933,49.2329],[-64.3192,49.7912]]],[[[-63.8847,50.1994],[-63.927,50.2214],[-63.9015,50.254],[-63.8575,50.2174],[-63.8847,50.1994]]],[[[-79.3951,52.0837],[-79.2517,52.0769],[-79.3365,51.9633],[-79.6204,51.9205],[-79.6353,52.0217],[-79.3951,52.0837]]],[[[-80.7593,52.9192],[-80.6696,52.742],[-80.7177,52.695],[-82.0627,53.0228],[-81.8578,53.1852],[-81.1742,53.2123],[-80.9776,53.1103],[-80.7593,52.9192]]],[[[-79.2859,54.9135],[-79.036,54.9269],[-79.7799,54.7838],[-79.6539,54.8544],[-79.2859,54.9135]]],[[[-77.3121,55.6192],[-77.2096,55.6397],[-77.6479,55.4274],[-77.3121,55.6192]]],[[[-79.0053,56.017],[-78.9364,56.0245],[-79.1424,55.7973],[-79.0133,56.0591],[-78.9507,56.0785],[-78.9507,56.0375],[-79.0053,56.017]]],[[[-78.7576,56.1679],[-78.9364,56.1195],[-78.9249,56.161],[-78.7777,56.4149],[-78.6708,56.4431],[-78.6553,56.2362],[-78.6757,56.1815],[-78.7576,56.1679]]],[[[-79.5459,56.0438],[-80.0257,55.9003],[-79.204,56.685],[-78.8818,56.3256],[-79.2033,55.8594],[-78.9802,56.392],[-79.2859,55.8663],[-79.141,56.2268],[-79.5459,56.0438]]],[[[-79.9059,56.8668],[-79.8174,56.8316],[-79.8881,56.7491],[-79.9517,56.7852],[-79.9059,56.8668]]],[[[-78.6416,58.6283],[-78.4567,58.5389],[-78.6832,58.6208],[-78.6553,58.6413],[-78.6962,58.6966],[-78.6074,58.6345],[-78.6416,58.6283]]],[[[-123.2872,48.8128],[-123.1867,48.7364],[-123.307,48.7646],[-123.3226,48.8128],[-123.2872,48.8128]]],[[[-123.089,48.7675],[-123.1853,48.7746],[-123.2235,48.8327],[-123.0536,48.7958],[-123.089,48.7675]]],[[[-59.7081,45.9947],[-59.781,46.0044],[-59.6952,46.034],[-59.7081,45.9947]]],[[[-54.7942,47.2794],[-54.7781,47.2736],[-54.7923,47.2591],[-54.7984,47.2426],[-54.8124,47.2318],[-54.8283,47.2431],[-54.8301,47.2671],[-54.7942,47.2794]]],[[[-54.1956,47.3932],[-54.1446,47.4004],[-54.178,47.36],[-54.2202,47.3682],[-54.1956,47.3932]]],[[[-70.3698,47.4268],[-70.3239,47.4274],[-70.3739,47.3839],[-70.4357,47.377],[-70.3698,47.4268]]],[[[-52.9565,47.6548],[-52.9164,47.6345],[-53.0303,47.5992],[-52.9565,47.6548]]],[[[-125.8616,49.2374],[-125.797,49.227],[-125.8014,49.1439],[-125.915,49.1763],[-125.8616,49.2374]]],[[[-55.763,50.2319],[-55.6958,50.1937],[-55.7895,50.2075],[-55.763,50.2319]]],[[[-58.8612,50.8331],[-58.8516,50.8127],[-58.8463,50.7894],[-58.8611,50.7796],[-58.8809,50.7847],[-58.8856,50.7943],[-58.8612,50.8331]]],[[[-57.2503,50.8406],[-57.1866,50.823],[-57.2525,50.7967],[-57.2503,50.8406]]],[[[-127.7791,50.9015],[-127.6882,50.9009],[-127.656,50.8378],[-127.8174,50.8686],[-127.7791,50.9015]]],[[[-58.4626,51.1763],[-58.4274,51.1671],[-58.457,51.1407],[-58.6212,51.0918],[-58.4626,51.1763]]],[[[-58.3076,51.2523],[-58.3071,51.2358],[-58.3263,51.2205],[-58.3629,51.2022],[-58.411,51.2016],[-58.4139,51.2222],[-58.3882,51.2389],[-58.3076,51.2523]]],[[[-128.4382,51.9808],[-128.4324,51.9024],[-128.4788,51.9068],[-128.4382,51.9808]]],[[[-78.7342,52.4451],[-78.7498,52.4062],[-78.8273,52.4276],[-78.7342,52.4451]]],[[[-79.5846,52.5552],[-79.6394,52.5326],[-79.6124,52.5773],[-79.5846,52.5552]]],[[[-129.4328,52.6831],[-129.4024,52.6466],[-129.4496,52.644],[-129.4328,52.6831]]],[[[-55.8523,52.7725],[-55.8095,52.7311],[-55.884,52.7511],[-55.8523,52.7725]]],[[[-129.3547,52.8625],[-129.312,52.8393],[-129.3289,52.7996],[-129.3547,52.8625]]],[[[-55.8085,53.0066],[-55.7679,52.9882],[-55.8023,52.9446],[-55.8504,53.0035],[-55.8085,53.0066]]],[[[-55.8273,53.0793],[-55.7713,53.0892],[-55.7588,53.0341],[-55.8707,53.0265],[-55.8273,53.0793]]],[[[-55.9276,53.4922],[-55.7429,53.4454],[-55.8026,53.4554],[-55.7859,53.3939],[-55.9655,53.4324],[-55.9899,53.4704],[-55.9276,53.4922]]],[[[-130.5921,53.4962],[-130.5873,53.4779],[-130.587,53.4662],[-130.6025,53.4713],[-130.6247,53.4815],[-130.6361,53.4984],[-130.6165,53.5064],[-130.5921,53.4962]]],[[[-57.1527,53.6931],[-57.0308,53.713],[-57.1138,53.643],[-57.1721,53.6596],[-57.1527,53.6931]]],[[[-56.9225,53.7976],[-56.8177,53.79],[-56.9473,53.7521],[-56.9995,53.8104],[-56.9225,53.7976]]],[[[-130.6091,53.797],[-130.5694,53.8367],[-130.42,53.7833],[-130.6091,53.797]]],[[[-57.328,54.2876],[-57.2925,54.2837],[-57.3144,54.2397],[-57.3676,54.259],[-57.328,54.2876]]],[[[-57.2445,54.4842],[-57.1976,54.4493],[-57.2933,54.4686],[-57.2445,54.4842]]],[[[-130.8176,54.4863],[-130.7296,54.4208],[-130.87,54.4348],[-130.8176,54.4863]]],[[[-57.3037,54.5747],[-57.268,54.5035],[-57.3622,54.5073],[-57.3037,54.5747]]],[[[-131.0988,54.628],[-131.0568,54.6257],[-131.05,54.606],[-131.0694,54.5879],[-131.0909,54.5822],[-131.1022,54.5956],[-131.0988,54.628]]],[[[-76.7305,56.1608],[-76.7208,56.1254],[-76.7803,56.1081],[-76.7655,56.176],[-76.7305,56.1608]]],[[[-76.652,57.0714],[-76.7009,57.0827],[-76.7251,57.1908],[-76.656,57.1398],[-76.652,57.0714]]],[[[-76.7911,57.3361],[-76.8354,57.4258],[-76.7454,57.3602],[-76.7394,57.2839],[-76.7911,57.3361]]],[[[-67.5583,58.411],[-67.5308,58.2969],[-67.6359,58.291],[-67.6366,58.4022],[-67.5583,58.411]]],[[[-68.9955,59.0163],[-68.9746,58.9896],[-69.1203,58.9573],[-68.9955,59.0163]]],[[[-69.9219,61.0131],[-70.0039,60.9351],[-70.0119,60.9968],[-69.9219,61.0131]]],[[[-71.561,61.3334],[-71.4878,61.3371],[-71.4865,61.3019],[-71.5864,61.302],[-71.561,61.3334]]],[[[-72.0914,61.8947],[-71.9734,61.8589],[-72.0589,61.8505],[-72.1308,61.889],[-72.0914,61.8947]]],[[[-72.4121,62.0391],[-72.3842,62.0324],[-72.3281,62.016],[-72.3524,62.0003],[-72.3938,62.0127],[-72.4406,62.0268],[-72.4624,62.0367],[-72.4121,62.0391]]],[[[-92.6417,62.0607],[-92.6361,62.0404],[-92.6528,62.0265],[-92.6887,62.0419],[-92.6938,62.057],[-92.7009,62.0746],[-92.6417,62.0607]]],[[[-66.4385,62.8953],[-66.3633,62.8706],[-66.3425,62.8496],[-66.4106,62.8483],[-66.4948,62.8774],[-66.569,62.9148],[-66.562,62.9311],[-66.4385,62.8953]]],[[[-66.9247,63.0652],[-66.7708,62.9449],[-67.0745,63.0975],[-66.9247,63.0652]]],[[[-68.1453,63.2725],[-68.0585,63.2227],[-68.0498,63.1924],[-68.1274,63.2206],[-68.1879,63.2503],[-68.2161,63.2764],[-68.1453,63.2725]]],[[[-68.0234,63.3009],[-67.9317,63.2329],[-67.895,63.1894],[-67.9589,63.2184],[-68.0301,63.2716],[-68.092,63.3204],[-68.0234,63.3009]]],[[[-67.8527,63.346],[-67.8183,63.2913],[-67.8662,63.2918],[-67.964,63.41],[-67.8527,63.346]]],[[[-64.0434,63.5631],[-64.0648,63.534],[-64.0912,63.4865],[-64.1489,63.5401],[-64.1687,63.6046],[-64.1373,63.618],[-64.0434,63.5631]]],[[[-64.2172,63.8426],[-64.1742,63.8057],[-64.2611,63.7239],[-64.3429,63.7693],[-64.334,63.8448],[-64.2172,63.8426]]],[[[-76.4842,64.1813],[-76.5727,64.2343],[-76.4974,64.2426],[-76.4842,64.1813]]],[[[-64.9654,64.3097],[-64.8783,64.2296],[-64.9913,64.1932],[-65.0755,64.307],[-64.9654,64.3097]]],[[[-66.9343,65.317],[-66.9678,65.283],[-66.9971,65.2977],[-67.0167,65.3198],[-66.9712,65.3468],[-66.9246,65.3649],[-66.903,65.345],[-66.9343,65.317]]],[[[-88.4308,65.487],[-88.3713,65.462],[-88.4846,65.4648],[-88.4308,65.487]]],[[[-67.4325,65.7427],[-67.3892,65.7362],[-67.4788,65.708],[-67.7045,65.7165],[-67.4325,65.7427]]],[[[-65.7864,65.702],[-65.8372,65.6783],[-65.8656,65.7812],[-65.7706,65.7633],[-65.7864,65.702]]],[[[-66.9295,65.9498],[-67.1486,65.9959],[-66.9639,65.997],[-66.9295,65.9498]]],[[[-85.0217,66.0831],[-84.9975,66.0573],[-85.104,66.059],[-85.0217,66.0831]]],[[[-83.6114,66.0846],[-83.6484,66.0711],[-83.6488,66.123],[-83.5741,66.1103],[-83.6114,66.0846]]],[[[-113.0083,67.9473],[-112.7613,67.9641],[-112.9393,67.9206],[-113.1551,67.9218],[-113.0083,67.9473]]],[[[-112.8369,68.1702],[-112.7178,68.1559],[-112.7897,68.1301],[-112.9123,68.1449],[-112.8369,68.1702]]],[[[-136.2119,69.1793],[-136.0063,69.0903],[-136.2219,69.1057],[-136.1773,69.1165],[-136.2477,69.1717],[-136.2119,69.1793]]],[[[-80.1466,69.4005],[-80.071,69.3836],[-80.1313,69.3625],[-80.2077,69.4081],[-80.1466,69.4005]]],[[[-81.6433,69.4144],[-81.5058,69.4068],[-81.4856,69.3472],[-81.782,69.3873],[-81.8303,69.3443],[-81.9027,69.3941],[-81.8389,69.4338],[-81.6433,69.4144]]],[[[-135.706,69.5088],[-135.5952,69.4484],[-135.8409,69.4814],[-135.706,69.5088]]],[[[-82.5062,69.7906],[-82.492,69.763],[-82.5589,69.7433],[-82.8547,69.7944],[-82.6477,69.8261],[-82.5062,69.7906]]]]}},{"type":"Feature","properties":{"name":"Mexico","ISO3166-1-Alpha-2":"MX"},"geometry":{"type":"MultiPolygon","coordinates":[[[[-97.1393,25.9658],[-97.891,22.5961],[-97.1505,20.647],[-95.852,18.7168],[-95.1901,18.7051],[-94.4669,18.1442],[-92.4051,18.6711],[-91.4865,18.4364],[-91.182,18.6566],[-91.4147,18.8136],[-91.2372,18.9576],[-91.5053,18.8166],[-90.7424,19.343],[-90.1995,21.1142],[-88.1295,21.616],[-87.0433,21.6021],[-86.7416,21.1641],[-87.7412,19.6717],[-87.4128,19.5776],[-87.8446,18.1967],[-88.0363,18.875],[-88.8714,17.891],[-90.9909,17.802],[-90.992,17.2519],[-91.4425,17.238],[-90.3949,16.4192],[-90.4374,16.0989],[-91.7398,16.061],[-92.2113,15.2721],[-92.2261,14.5493],[-93.8981,16.0889],[-94.8521,16.4289],[-95.0638,16.2683],[-94.767,16.1987],[-96.2366,15.6833],[-97.7727,15.9795],[-101.059,17.2642],[-101.9899,17.9748],[-103.3616,18.2668],[-104.9936,19.3422],[-105.6987,20.4069],[-105.2436,20.5836],[-105.5449,20.7681],[-105.185,21.443],[-105.7325,22.5414],[-107.7923,24.494],[-107.5297,24.5219],[-107.9952,24.6484],[-108.3279,25.1112],[-108.0035,25.0314],[-109.1161,25.5363],[-108.838,25.8046],[-109.4103,25.6461],[-109.0882,26.2904],[-110.5223,27.2904],[-110.5133,27.8732],[-111.105,27.9354],[-112.1665,28.9667],[-113.2329,31.288],[-115.0294,31.9709],[-114.6603,30.1833],[-112.8463,28.4411],[-112.7732,27.8639],[-111.7843,26.5718],[-111.8514,26.8803],[-111.5601,26.6957],[-110.6099,24.2537],[-110.2326,24.3432],[-109.468,23.5551],[-109.5162,23.1253],[-110.0275,22.9162],[-110.3074,23.541],[-112.088,24.7734],[-112.1789,25.9552],[-113.2158,26.7445],[-113.1457,26.9701],[-113.6371,26.7255],[-115.0227,27.7403],[-113.9533,27.6557],[-114.2765,27.9011],[-114.0682,28.518],[-115.6976,29.7558],[-117.1251,32.5317],[-114.7243,32.7128],[-114.8221,32.5002],[-111.0063,31.3272],[-108.2148,31.3274],[-108.2151,31.7778],[-106.429,31.7585],[-104.9343,30.6105],[-104.5166,29.6543],[-103.3866,29.0288],[-102.321,29.8939],[-101.4051,29.7784],[-99.515,27.5886],[-99.1064,26.423],[-97.1393,25.9658]]],[[[-114.7755,18.3549],[-114.7209,18.3457],[-114.7819,18.3245],[-114.7755,18.3549]]],[[[-110.9459,18.8],[-110.9243,18.7274],[-111.0673,18.7687],[-111.0006,18.8682],[-110.9459,18.8]]],[[[-110.8143,19.348],[-110.7877,19.3139],[-110.8302,19.2733],[-110.8143,19.348]]],[[[-106.224,21.3287],[-106.2275,21.2912],[-106.2794,21.3147],[-106.224,21.3287]]],[[[-106.4042,21.4839],[-106.3629,21.4643],[-106.3871,21.4206],[-106.4926,21.469],[-106.4042,21.4839]]],[[[-106.5124,21.597],[-106.5324,21.5416],[-106.6312,21.6009],[-106.6608,21.6931],[-106.548,21.6685],[-106.5124,21.597]]],[[[-109.8358,24.2247],[-109.8029,24.1371],[-109.8739,24.1517],[-109.9332,24.3744],[-109.8358,24.2247]]],[[[-111.5616,24.3781],[-111.463,24.3298],[-111.6733,24.3584],[-111.5616,24.3781]]],[[[-111.7535,24.447],[-111.6923,24.3739],[-111.7081,24.2999],[-112.0068,24.5144],[-111.8644,24.5205],[-111.7535,24.447]]],[[[-110.3249,24.5159],[-110.2879,24.4697],[-110.348,24.4025],[-110.4157,24.5696],[-110.3249,24.5159]]],[[[-110.7108,25.095],[-110.5749,25.0157],[-110.5249,24.88],[-110.5792,24.8637],[-110.6423,24.9145],[-110.7108,25.095]]],[[[-108.8316,25.4264],[-108.8039,25.3746],[-109.0131,25.4469],[-108.8316,25.4264]]],[[[-110.7653,25.5939],[-110.8055,25.6444],[-110.7734,25.7128],[-110.7653,25.5939]]],[[[-110.6042,27.318],[-110.5931,27.417],[-110.594,27.3318],[-110.5307,27.3004],[-110.6042,27.318]]],[[[-112.6132,28.7258],[-112.548,28.7285],[-112.5539,28.6723],[-112.6043,28.6694],[-112.6132,28.7258]]],[[[-112.2747,28.7684],[-112.583,28.8754],[-112.2643,29.2469],[-112.2747,28.7684]]],[[[-114.7861,31.803],[-114.6527,31.6898],[-114.7626,31.7156],[-114.7861,31.803]]],[[[-87.2692,18.7385],[-87.2555,18.7243],[-87.2482,18.6762],[-87.2499,18.6509],[-87.2629,18.6286],[-87.2586,18.657],[-87.2692,18.7385]]],[[[-91.6003,18.772],[-91.5389,18.7931],[-91.5246,18.7521],[-91.6208,18.7447],[-91.6889,18.6694],[-91.8427,18.6512],[-91.6003,18.772]]],[[[-86.749,20.5922],[-86.9953,20.2608],[-87.0197,20.3974],[-86.9681,20.5063],[-86.9054,20.5677],[-86.8371,20.5472],[-86.749,20.5922]]],[[[-86.7006,21.1989],[-86.72,21.2127],[-86.7396,21.2428],[-86.7499,21.2731],[-86.7416,21.2877],[-86.7385,21.2667],[-86.7275,21.2429],[-86.7006,21.1989]]],[[[-97.6514,21.7879],[-97.6017,21.7519],[-97.64,21.7451],[-97.6849,21.8625],[-97.6514,21.7879]]],[[[-118.2515,29.0894],[-118.2258,28.9151],[-118.2888,28.8681],[-118.3688,29.1144],[-118.2738,29.1896],[-118.2515,29.0894]]],[[[-113.2447,26.7246],[-113.1744,26.7204],[-113.1381,26.6651],[-113.2447,26.7246]]],[[[-89.6642,22.3711],[-89.698,22.4175],[-89.6552,22.472],[-89.714,22.541],[-89.7708,22.5332],[-89.7457,22.5772],[-89.6102,22.4611],[-89.6642,22.3711]]],[[[-115.7528,24.9548],[-115.7523,24.9543],[-115.7523,24.9533],[-115.7533,24.953],[-115.7538,24.9535],[-115.7538,24.9544],[-115.7528,24.9548]]],[[[-111.0591,25.701],[-111.0192,25.6939],[-111.0285,25.6518],[-111.0591,25.701]]],[[[-112.097,27.2245],[-112.0901,27.26],[-112.0453,27.2166],[-112.0663,27.179],[-112.097,27.2245]]],[[[-111.3885,27.9688],[-111.3951,27.9794],[-111.3874,27.9881],[-111.3732,27.9688],[-111.3656,27.9534],[-111.382,27.9572],[-111.3885,27.9688]]],[[[-114.4185,29.9868],[-114.4018,29.986],[-114.4001,29.9693],[-114.3948,29.9602],[-114.4071,29.9586],[-114.422,29.9662],[-114.4159,29.9761],[-114.4185,29.9868]]],[[[-116.1144,30.4962],[-116.1096,30.4953],[-116.1042,30.4881],[-116.1042,30.4826],[-116.1148,30.482],[-116.1228,30.4852],[-116.1228,30.4916],[-116.1144,30.4962]]]]}},{"type":"Feature","properties":{"name":"Belize","ISO3166-1-Alpha-2":"BZ"},"geometry":{"type":"MultiPolygon","coordinates":[[[[-89.1931,16.3926],[-89.1539,17.9411],[-88.3038,18.4813],[-88.0836,18.2101],[-88.3448,16.5246],[-88.9519,15.8797],[-89.2365,15.8939],[-89.1931,16.3926]]],[[[-87.8277,17.5456],[-87.7872,17.4969],[-87.9001,17.3918],[-87.9265,17.2786],[-87.9095,17.4263],[-87.8039,17.4919],[-87.8277,17.5456]]],[[[-88.0773,17.6418],[-88.0635,17.6306],[-88.0536,17.6063],[-88.0438,17.553],[-88.0506,17.553],[-88.0557,17.5626],[-88.0644,17.5864],[-88.0773,17.6418]]],[[[-87.9134,18.0259],[-87.9346,17.9429],[-88.009,17.9025],[-87.9459,17.9518],[-87.9049,18.1532],[-87.8473,18.156],[-87.9134,18.0259]]]]}},{"type":"Feature","properties":{"name":"Panama","ISO3166-1-Alpha-2":"PA"},"geometry":{"type":"MultiPolygon","coordinates":[[[[-82.5736,9.5762],[-82.243,9.0045],[-81.7755,8.9403],[-81.8828,9.1795],[-81.3045,8.7819],[-79.6303,9.6085],[-78.9706,9.5733],[-77.8601,9.1104],[-77.1633,7.9393],[-77.58,7.5284],[-77.7642,7.7057],[-77.9188,7.2416],[-78.4361,8.0583],[-78.1325,8.4053],[-77.7372,8.1303],[-78.1344,8.5617],[-78.4156,8.3563],[-79.0525,9.1308],[-80.4702,8.2206],[-80.0179,7.4568],[-80.8618,7.2057],[-81.0536,7.9112],[-81.4241,7.671],[-82.1844,8.3432],[-82.8087,8.2957],[-82.8976,8.0347],[-83.0521,8.3276],[-82.7194,8.9215],[-82.9417,9.4563],[-82.5736,9.5762]]],[[[-81.8077,7.2874],[-81.7667,7.2874],[-81.7934,7.226],[-81.8077,7.2874]]],[[[-81.1492,7.5612],[-81.0331,7.5754],[-81.0528,7.5446],[-81.2519,7.4904],[-81.1492,7.5612]]],[[[-81.6644,7.3973],[-81.588,7.3352],[-81.7462,7.3489],[-81.8751,7.4904],[-81.7599,7.6443],[-81.6718,7.5264],[-81.719,7.4525],[-81.6644,7.3973]]],[[[-82.2118,8.1992],[-82.246,8.1713],[-82.3157,8.2149],[-82.2118,8.1992]]],[[[-82.3428,8.26],[-82.3148,8.2402],[-82.3865,8.2129],[-82.4309,8.26],[-82.35,8.2936],[-82.3428,8.26]]],[[[-79.0941,8.3085],[-79.0657,8.2608],[-79.1227,8.209],[-79.0941,8.3085]]],[[[-82.123,9.3227],[-82.0746,9.2885],[-82.1388,9.2453],[-82.2118,9.3494],[-82.123,9.3227]]],[[[-82.3285,9.4121],[-82.2664,9.4394],[-82.246,9.3301],[-82.3285,9.4121]]],[[[-78.8922,8.458],[-78.8345,8.3428],[-78.9205,8.2826],[-78.904,8.2192],[-78.9699,8.3051],[-78.9747,8.4444],[-78.8922,8.458]]]]}},{"type":"Feature","properties":{"name":"Venezuela","ISO3166-1-Alpha-2":"VE"},"geometry":{"type":"MultiPolygon","coordinates":[[[[-60.021,8.558],[-59.8293,8.2451],[-60.7306,7.5254],[-60.3036,7.0541],[-61.1298,6.7158],[-61.3967,5.9456],[-60.6126,4.9006],[-61.5673,4.2485],[-62.7444,4.034],[-62.8894,3.5608],[-63.3517,3.9587],[-64.0377,3.8825],[-64.7916,4.2844],[-64.203,3.5947],[-64.048,2.4713],[-63.3726,2.2668],[-65.5427,0.6493],[-65.596,0.9836],[-66.2851,0.7458],[-66.8751,1.2225],[-67.1897,2.3944],[-67.8559,2.7898],[-67.3095,3.3839],[-67.8751,4.5326],[-67.45,6.1979],[-69.2461,6.0807],[-70.1292,6.9725],[-71.9938,7.0129],[-72.4787,7.4845],[-72.3358,8.1039],[-72.791,9.1139],[-73.3908,9.1945],[-72.4993,11.1208],[-71.3576,11.8508],[-71.9605,11.5913],[-71.5763,10.7211],[-72.1244,9.8261],[-71.7086,9.0767],[-71.241,9.1557],[-71.0356,9.7441],[-71.5831,10.8092],[-70.1616,11.5685],[-69.7949,11.4367],[-70.302,11.8581],[-70.0177,12.1989],[-69.6236,11.4678],[-68.4033,11.2003],[-68.1295,10.4877],[-66.2759,10.6522],[-65.084,10.0475],[-63.655,10.4945],[-64.2707,10.6727],[-61.8458,10.741],[-62.9233,10.5308],[-63.004,10.2754],[-62.6266,10.1308],[-63.01,10.0932],[-62.5799,10.2244],[-62.2157,9.6379],[-62.1965,10.0197],[-61.7433,9.5964],[-61.6367,9.8988],[-60.8623,9.4561],[-61.2095,8.609],[-61.5987,8.5555],[-60.021,8.558]]],[[[-60.9203,9.0285],[-60.8384,9.0006],[-60.865,8.9412],[-61.0916,8.8224],[-60.9203,9.0285]]],[[[-61.0854,8.8907],[-61.0693,8.9788],[-60.852,9.0961],[-61.0854,8.8907]]],[[[-60.8732,9.1166],[-60.9613,9.0694],[-60.9073,9.1855],[-60.8452,9.1824],[-60.8732,9.1166]]],[[[-60.8179,9.206],[-60.7579,9.2304],[-60.7285,9.1929],[-60.8452,9.1166],[-60.8179,9.206]]],[[[-63.9766,10.8092],[-63.9036,10.7773],[-63.9092,10.7355],[-64.0045,10.7757],[-63.9766,10.8092]]],[[[-65.2276,10.9538],[-65.2049,10.9044],[-65.2446,10.885],[-65.4118,10.9247],[-65.3299,10.9776],[-65.2276,10.9538]]],[[[-63.8468,11.1354],[-63.8981,10.885],[-64.4086,10.9675],[-63.8468,11.1354]]],[[[-66.6083,11.7831],[-66.7045,11.7831],[-66.6151,11.824],[-66.6083,11.7831]]],[[[-66.1322,11.824],[-66.114,11.7799],[-66.1943,11.8177],[-66.1322,11.824]]],[[[-64.6072,11.8991],[-64.5629,11.8166],[-64.6488,11.8303],[-64.6072,11.8991]]],[[[-67.6804,12.0251],[-67.6815,12.0258],[-67.6791,12.0281],[-67.6804,12.0251]]],[[[-67.6776,12.0278],[-67.6772,12.03],[-67.6764,12.0278],[-67.6767,12.0269],[-67.6776,12.0278]]],[[[-67.6772,12.0502],[-67.6747,12.0484],[-67.6761,12.0444],[-67.677,12.0463],[-67.6772,12.0502]]],[[[-67.6814,12.0637],[-67.681,12.0618],[-67.6844,12.0635],[-67.6814,12.0637]]],[[[-67.6873,12.0656],[-67.6888,12.069],[-67.6871,12.0675],[-67.6873,12.0656]]],[[[-63.6399,15.696],[-63.6436,15.7006],[-63.6396,15.7029],[-63.6346,15.7006],[-63.6339,15.6962],[-63.6355,15.694],[-63.6399,15.696]]],[[[-61.3903,8.5806],[-61.3146,8.5713],[-61.2637,8.4561],[-61.5401,8.5654],[-61.3903,8.5806]]],[[[-60.745,8.7194],[-60.6761,8.7629],[-60.6872,8.71],[-60.6116,8.6838],[-60.6177,8.6367],[-60.8081,8.6329],[-60.745,8.7194]]],[[[-60.9514,8.8278],[-60.7324,8.8922],[-60.686,8.789],[-60.8466,8.6377],[-61.1699,8.5953],[-61.1264,8.7565],[-60.9514,8.8278]]],[[[-62.6652,10.3664],[-62.6656,10.31],[-62.7876,10.4301],[-62.7811,10.4929],[-62.6652,10.3664]]]]}},{"type":"Feature","properties":{"name":"Papua New Guinea","ISO3166-1-Alpha-2":"PG"},"geometry":{"type":"MultiPolygon","coordinates":[[[[140.9745,-2.6005],[144.5134,-3.8176],[145.8014,-4.8425],[145.7596,-5.477],[147.5114,-6.0003],[147.854,-6.691],[146.9627,-6.747],[147.1885,-7.4626],[148.1463,-8.0457],[148.5856,-9.0641],[149.3093,-9.017],[149.2266,-9.4867],[150.0488,-9.6845],[149.731,-9.8093],[149.8545,-10.0149],[150.874,-10.2247],[150.3665,-10.3269],[150.6873,-10.5676],[150.2113,-10.7013],[149.7484,-10.3383],[147.7168,-10.0981],[146.0999,-8.0833],[144.5223,-7.4962],[144.5078,-7.798],[144.2149,-7.796],[143.6463,-7.4384],[143.9568,-7.9723],[143.364,-7.8964],[143.6125,-8.2392],[142.1462,-8.2174],[143.3953,-8.7687],[142.6526,-9.3303],[140.977,-9.1061],[140.9745,-2.6005]]],[[[153.1851,-11.2774],[153.1045,-11.1855],[153.2539,-11.2426],[153.1851,-11.2774]]],[[[152.8083,-10.6325],[152.8711,-10.6744],[152.7537,-10.7082],[152.5408,-10.6257],[152.6848,-10.6603],[152.8083,-10.6325]]],[[[151.0747,-10.6057],[151.0464,-10.6697],[150.9369,-10.6325],[150.9245,-10.6803],[150.9341,-10.5999],[151.0747,-10.6057]]],[[[150.8755,-10.5363],[150.8919,-10.6471],[150.7935,-10.6399],[150.7737,-10.5983],[150.8657,-10.6235],[150.7904,-10.54],[150.8755,-10.5363]]],[[[151.177,-9.9547],[151.2323,-10.2005],[150.958,-10.1049],[150.7639,-9.7028],[151.177,-9.9547]]],[[[150.801,-9.6524],[150.4336,-9.6313],[150.4321,-9.3653],[150.801,-9.6524]]],[[[150.3689,-9.3718],[150.3606,-9.4903],[150.3123,-9.5195],[150.1716,-9.4356],[150.1128,-9.2994],[150.2145,-9.2058],[150.3154,-9.2595],[150.3689,-9.3718]]],[[[151.1126,-8.7686],[151.1429,-8.8307],[151.0436,-8.727],[151.1224,-8.5829],[150.999,-8.5182],[151.061,-8.4296],[151.1292,-8.4191],[151.1126,-8.7686]]],[[[143.6084,-8.6381],[143.6527,-8.6834],[143.6289,-8.7304],[143.1789,-8.4191],[143.4749,-8.5253],[143.6084,-8.6381]]],[[[143.3794,-8.426],[143.3379,-8.3576],[143.5737,-8.3737],[143.6106,-8.475],[143.3794,-8.426]]],[[[148.0492,-5.6061],[147.9911,-5.8562],[147.7713,-5.5069],[148.0492,-5.6061]]],[[[155.9334,-6.6408],[155.697,-6.8766],[155.3301,-6.7197],[154.7002,-5.4311],[155.9334,-6.6408]]],[[[148.1004,-5.3766],[148.1465,-5.4196],[148.1209,-5.4653],[148.0763,-5.4286],[148.1004,-5.3766]]],[[[147.6069,-5.2872],[147.6478,-5.3212],[147.6001,-5.3629],[147.562,-5.3078],[147.6069,-5.2872]]],[[[147.2096,-5.27],[147.2438,-5.3554],[147.2233,-5.4242],[147.1619,-5.4448],[147.0051,-5.3194],[147.0181,-5.2439],[147.1126,-5.1918],[147.2096,-5.27]]],[[[154.7274,-5.2114],[154.6318,-5.4591],[154.5415,-5.1033],[154.7274,-5.2114]]],[[[149.1219,-4.8831],[149.1804,-4.8792],[149.1561,-4.924],[149.1219,-4.8831]]],[[[146.2029,-4.8246],[146.2433,-4.7874],[146.2638,-4.8352],[146.2029,-4.8246]]],[[[149.5193,-4.6435],[149.5602,-4.718],[149.5125,-4.6633],[149.4982,-4.7042],[149.4546,-4.6925],[149.5193,-4.6435]]],[[[145.9968,-4.5343],[146.0552,-4.6599],[145.9392,-4.7609],[145.8807,-4.6496],[145.9968,-4.5343]]],[[[152.418,-4.3453],[152.2918,-4.9355],[151.9744,-4.9841],[152.0989,-5.4557],[151.4641,-5.5343],[150.4651,-6.274],[149.0529,-6.1617],[148.3289,-5.6838],[148.4299,-5.4448],[149.9115,-5.5151],[150.1126,-5.0077],[150.1613,-5.5466],[150.917,-5.4864],[151.679,-4.9002],[151.5403,-4.1767],[152.418,-4.3453]]],[[[145.0789,-4.0471],[145.1001,-4.1163],[145.0383,-4.1228],[145.0271,-4.0582],[145.0789,-4.0471]]],[[[153.1917,-3.471],[153.2334,-3.4443],[153.2601,-3.499],[153.1917,-3.471]]],[[[153.3016,-3.3686],[153.3433,-3.4163],[153.2676,-3.4033],[153.3016,-3.3686]]],[[[154.642,-3.2623],[154.7318,-3.4608],[154.5532,-3.2063],[154.642,-3.2623]]],[[[152.6506,-3.1147],[152.6438,-3.2245],[152.5316,-3.0753],[152.6506,-3.0465],[152.6506,-3.1147]]],[[[150.9922,-2.9577],[150.7698,-2.9796],[150.8823,-2.903],[150.9922,-2.9577]]],[[[152.0715,-2.9167],[152.0254,-2.9961],[151.9719,-2.8478],[152.0715,-2.9167]]],[[[152.0132,-2.8068],[151.9158,-2.8443],[151.913,-2.7054],[152.0098,-2.7448],[152.0132,-2.8068]]],[[[151.9824,-2.6628],[151.9603,-2.6267],[151.9995,-2.5945],[152.0374,-2.6423],[151.9824,-2.6628]]],[[[153.1372,-4.2695],[152.8977,-4.8483],[152.2886,-3.5698],[150.7598,-2.7688],[150.8127,-2.5558],[153.1372,-4.2695]]],[[[150.4651,-2.5325],[150.4513,-2.6584],[150.1868,-2.6795],[149.9588,-2.463],[150.2079,-2.3748],[150.4236,-2.4672],[150.4651,-2.5325]]],[[[147.8267,-2.2376],[147.8812,-2.2861],[147.8582,-2.3245],[147.7305,-2.3264],[147.8267,-2.2376]]],[[[149.735,-1.4736],[149.793,-1.5803],[149.6834,-1.5813],[149.5602,-1.4977],[149.5398,-1.4255],[149.5807,-1.3464],[149.6187,-1.3538],[149.735,-1.4736]]],[[[154.1921,-4.4646],[154.2541,-4.5265],[154.2323,-4.5807],[154.1853,-4.5461],[154.2238,-4.5671],[154.242,-4.5279],[154.1921,-4.4646]]],[[[152.4866,-4.1363],[152.4927,-4.2109],[152.4313,-4.163],[152.4866,-4.1363]]],[[[153.6648,-4.0407],[153.6296,-4.13],[153.5899,-4.0881],[153.6648,-4.0407]]],[[[153.7192,-3.9992],[153.7329,-4.0407],[153.6789,-4.0265],[153.7192,-3.9992]]],[[[152.0945,-10.402],[152.0991,-10.3909],[152.1101,-10.3913],[152.1077,-10.4006],[152.0945,-10.402]]],[[[151.8696,-10.3448],[151.8684,-10.3378],[151.8775,-10.3342],[151.8696,-10.3448]]],[[[151.8527,-10.2595],[151.8623,-10.2503],[151.8646,-10.2547],[151.8566,-10.2649],[151.8527,-10.2595]]],[[[144.0616,-3.2153],[144.0735,-3.1975],[144.0958,-3.1885],[144.1211,-3.2153],[144.1345,-3.2301],[144.1152,-3.2479],[144.0809,-3.2391],[144.0616,-3.2153]]],[[[151.0247,-9.6389],[150.9598,-9.5924],[151.0222,-9.5914],[151.0247,-9.6389]]],[[[143.6743,-8.3906],[143.6483,-8.4259],[143.5409,-8.35],[143.6379,-8.3406],[143.6743,-8.3906]]],[[[143.6629,-8.1093],[143.6667,-8.1674],[143.5994,-8.1108],[143.6629,-8.1093]]],[[[143.6756,-8.0538],[143.6904,-8.1002],[143.5642,-8.03],[143.6756,-8.0538]]],[[[151.1885,-4.8915],[151.2068,-4.9475],[151.1195,-4.9257],[151.1885,-4.8915]]],[[[150.0042,-1.6726],[149.9121,-1.6537],[149.9641,-1.6303],[150.0042,-1.6726]]]]}},{"type":"Feature","properties":{"name":"Egypt","ISO3166-1-Alpha-2":"EG"},"geometry":{"type":"MultiPolygon","coordinates":[[[[34.3679,30.9074],[34.8867,29.4901],[34.2573,27.7286],[33.2287,28.5694],[32.5778,30.0114],[32.3377,29.5925],[33.5544,27.8965],[35.1446,24.5002],[35.7925,23.9023],[35.4839,23.9178],[35.6953,22.9321],[36.8836,21.9957],[31.4355,21.9954],[31.4233,22.227],[31.2484,21.9944],[24.9812,21.9954],[24.9812,29.1814],[24.6887,30.1828],[25.0884,31.6135],[27.3206,31.381],[29.0281,30.8271],[31.0974,31.6079],[31.9448,31.5209],[32.1996,31.2951],[31.8895,31.5321],[31.7669,31.2847],[32.1065,31.0534],[32.207,31.2951],[32.7313,31.0388],[34.2003,31.3143],[34.3679,30.9074]],[[35.4292,22.9783],[35.2121,22.7863],[35.3458,22.9016],[35.4867,23.0233],[35.6211,23.1393],[35.4292,22.9783]],[[34.7776,22.4998],[34.8282,22.6069],[34.862,22.6802],[34.7776,22.4998]],[[34.5017,22.2621],[34.6821,22.2979],[34.4228,22.2492],[34.1475,22.1919],[34.3211,22.2263],[34.5017,22.2621]]],[[[34.0513,27.4548],[33.9136,27.5237],[34.0285,27.502],[34.0513,27.4548]]],[[[34.6618,27.9302],[34.6818,27.9587],[34.7319,27.9571],[34.7322,27.9189],[34.7047,27.9084],[34.681,27.9152],[34.6618,27.9302]]],[[[34.6205,27.9204],[34.5181,27.9304],[34.4895,27.996],[34.5348,28.0082],[34.5032,27.9756],[34.6205,27.9204]]],[[[32.9831,31.0899],[32.987,31.0836],[32.9893,31.0734],[32.9785,31.0817],[32.9751,31.0865],[32.9697,31.0866],[32.9771,31.0913],[32.9831,31.0899]]],[[[33.2435,31.2193],[33.1026,31.2268],[32.9347,31.1479],[33.1047,31.2403],[33.2435,31.2193]]]]}},{"type":"Feature","properties":{"name":"Yemen","ISO3166-1-Alpha-2":"YE"},"geometry":{"type":"MultiPolygon","coordinates":[[[[51.9786,18.9956],[53.0903,16.6424],[52.2927,16.2638],[52.2284,15.6161],[49.3724,14.6498],[48.6958,14.0436],[45.6658,13.342],[45.0586,12.762],[43.468,12.6839],[42.9373,14.9485],[42.6101,15.2436],[43.3031,17.459],[46.7101,17.2754],[47.1613,16.9474],[48.1619,18.1489],[49.0358,18.5797],[51.9786,18.9956]]],[[[53.0531,12.1749],[53.0718,12.1303],[52.9853,12.1627],[53.0531,12.1749]]],[[[52.2892,12.2008],[52.3896,12.1973],[52.3885,12.1489],[52.2402,12.1569],[52.0641,12.2355],[52.2892,12.2008]]],[[[43.429,12.6738],[43.4358,12.6321],[43.3901,12.6663],[43.429,12.6738]]],[[[54.4707,12.5436],[53.7312,12.3004],[53.3069,12.5434],[54.4707,12.5436]]],[[[42.7192,13.7426],[42.7826,13.7799],[42.7918,13.7507],[42.6885,13.6638],[42.7192,13.7426]]],[[[42.7603,14.0647],[42.8018,14.0231],[42.7817,13.92],[42.6919,14.0132],[42.7603,14.0647]]],[[[42.636,15.4455],[42.5816,15.3916],[42.6281,15.3865],[42.5684,15.2689],[42.5589,15.393],[42.636,15.4455]]]]}},{"type":"Feature","properties":{"name":"Mauritania","ISO3166-1-Alpha-2":"MR"},"geometry":{"type":"MultiPolygon","coordinates":[[[[-8.6824,27.2854],[-4.8216,24.9951],[-6.5931,24.9941],[-5.6233,16.5278],[-5.3533,16.312],[-5.511,15.4942],[-9.3492,15.4956],[-9.3565,15.6979],[-9.4239,15.4405],[-10.7254,15.4331],[-10.9152,15.1029],[-11.5244,15.6435],[-12.0704,14.7344],[-14.4066,16.6608],[-16.2738,16.5232],[-16.5423,15.8088],[-16.0352,18.1414],[-16.5355,19.3808],[-16.2023,20.2333],[-16.9176,21.1592],[-17.0569,20.7669],[-16.9683,21.3246],[-13.0152,21.3334],[-13.1523,22.82],[-12.0193,23.461],[-12.0153,25.9949],[-8.6877,26],[-8.6824,27.2854]]],[[[-16.3778,19.8135],[-16.3368,19.8557],[-16.3671,19.7211],[-16.4325,19.6013],[-16.464,19.6846],[-16.3778,19.8135]]]]}},{"type":"Feature","properties":{"name":"Equatorial Guinea","ISO3166-1-Alpha-2":"GQ"},"geometry":{"type":"MultiPolygon","coordinates":[[[[9.7996,2.3417],[11.3221,2.1658],[11.3363,0.9992],[9.3965,1.1115],[9.7996,2.3417]]],[[[8.9227,3.7507],[8.6862,3.1973],[8.4502,3.2729],[8.9227,3.7507]]]]}},{"type":"Feature","properties":{"name":"Gambia","ISO3166-1-Alpha-2":"GM"},"geometry":{"type":"Polygon","coordinates":[[[-16.7537,13.065],[-16.6788,13.4962],[-16.4194,13.2082],[-15.3048,13.4553],[-16.412,13.3385],[-16.5614,13.5869],[-15.0977,13.82],[-13.8187,13.4294],[-14.3688,13.2357],[-15.1377,13.59],[-16.7537,13.065]]]}},{"type":"Feature","properties":{"name":"Hong Kong S.A.R.","ISO3166-1-Alpha-2":"HK"},"geometry":{"type":"MultiPolygon","coordinates":[[[[114.2298,22.5558],[114.2967,22.2583],[113.897,22.4088],[114.2298,22.5558]]],[[[114.2156,22.2856],[114.2561,22.2036],[114.2227,22.2388],[114.2077,22.1896],[114.1126,22.2715],[114.2156,22.2856]]],[[[113.8464,22.1971],[113.8925,22.2927],[114.0549,22.3363],[114.0002,22.2161],[113.8464,22.1971]]]]}},{"type":"Feature","properties":{"name":"Vatican","ISO3166-1-Alpha-2":"VA"},"geometry":{"type":"Polygon","coordinates":[[[12.4531,41.9028],[12.4527,41.903],[12.4528,41.9034],[12.453,41.9039],[12.454,41.9039],[12.454,41.9028],[12.4531,41.9028]]]}},{"type":"Feature","properties":{"name":"Northern Cyprus","ISO3166-1-Alpha-2":"-99"},"geometry":{"type":"MultiPolygon","coordinates":[[[[34.0123,35.0638],[32.7106,35.1753],[34.5925,35.692],[33.9517,35.3115],[34.0123,35.0638]]]]}},{"type":"Feature","properties":{"name":"Cyprus No Mans Area","ISO3166-1-Alpha-2":"-99"},"geometry":{"type":"MultiPolygon","coordinates":[[[[32.6407,35.1871],[32.634,35.1541],[32.5848,35.1725],[32.6407,35.1871]]]]}},{"type":"Feature","properties":{"name":"Siachen Glacier","ISO3166-1-Alpha-2":"-99"},"geometry":{"type":"Polygon","coordinates":[[[77.049,35.1104],[76.7774,35.6461],[77.3837,35.472],[77.8003,35.4954],[77.049,35.1104]]]}},{"type":"Feature","properties":{"name":"Baykonur Cosmodrome","ISO3166-1-Alpha-2":"-99"},"geometry":{"type":"Polygon","coordinates":[[[63.3839,45.5658],[62.8125,46.0614],[63.5015,46.3824],[63.9409,45.8557],[63.3839,45.5658]]]}},{"type":"Feature","properties":{"name":"Akrotiri Sovereign Base Area","ISO3166-1-Alpha-2":"-99"},"geometry":{"type":"Polygon","coordinates":[[[33.0156,34.6344],[33.0303,34.5685],[32.9409,34.5685],[32.9136,34.6567],[32.7601,34.6691],[32.8597,34.7006],[33.0156,34.6344]]]}},{"type":"Feature","properties":{"name":"Southern Patagonian Ice Field","ISO3166-1-Alpha-2":"-99"},"geometry":{"type":"Polygon","coordinates":[[[-73.4651,-49.76],[-73.4711,-49.3172],[-73.0982,-49.2728],[-73.0597,-49.555],[-73.4651,-49.76]]]}},{"type":"Feature","properties":{"name":"Bir Tawil","ISO3166-1-Alpha-2":"-99"},"geometry":{"type":"Polygon","coordinates":[[[33.1811,21.9954],[34.0842,21.9955],[33.9991,21.7674],[33.5584,21.711],[33.1811,21.9954]]]}},{"type":"Feature","properties":{"name":"Antarctica","ISO3166-1-Alpha-2":"AQ"},"geometry":{"type":"MultiPolygon","coordinates":[[[[-51.7306,-82.0626],[-46.2792,-81.9098],[-45.9488,-82.1257],[-46.6888,-82.4055],[-45.5204,-82.5266],[-44.0111,-82.3912],[-41.5879,-81.3401],[-38.7911,-80.8596],[-37.2303,-81.0893],[-35.3584,-80.6153],[-22.5325,-79.9171],[-30.6732,-79.5881],[-29.5414,-79.28],[-30.5247,-79.2864],[-29.9418,-79.1114],[-30.2392,-79.0343],[-32.8202,-79.2439],[-36.2513,-78.8517],[-36.4412,-78.6113],[-36.0218,-78.2159],[-34.4997,-77.852],[-34.7739,-77.6874],[-34.3205,-77.4664],[-28.8591,-76.3533],[-24.2137,-75.7564],[-18.2514,-75.4602],[-18.8649,-75.2289],[-17.8022,-74.7765],[-17.9657,-74.6379],[-17.5708,-74.3696],[-15.1955,-74.3605],[-14.3618,-73.8577],[-16.517,-73.8852],[-15.8258,-73.7887],[-16.5832,-73.6863],[-16.5436,-73.4687],[-15.5666,-73.0793],[-13.9364,-73.1137],[-14.3907,-72.7131],[-13.3794,-72.8361],[-11.3875,-72.4181],[-10.8472,-71.7809],[-12.1503,-71.6364],[-12.3492,-71.3564],[-10.7581,-71.5774],[-9.9888,-71.1193],[-10.4501,-70.991],[-10.0697,-70.9119],[-9.0545,-71.2067],[-8.7186,-71.7048],[-7.6039,-71.634],[-7.5642,-71.1506],[-7.9122,-70.8437],[-6.0136,-70.6798],[-5.5666,-70.8417],[-6.1498,-71.3663],[-3.9372,-71.2941],[-3.4922,-71.5227],[-3.2902,-71.2872],[-2.1068,-71.4854],[-1.1376,-71.2553],[-0.5185,-71.7652],[2.5197,-70.9006],[7.6683,-70.5182],[7.479,-70.1899],[8.4431,-70.4824],[9.1367,-70.3754],[8.8984,-70.1855],[9.2943,-70.0788],[11.8535,-70.7815],[13.041,-70.2345],[12.4446,-70.0702],[12.9692,-70.0462],[13.8488,-70.3478],[16.5773,-70.1314],[16.5051,-70.4542],[18.0938,-70.5424],[18.9417,-70.171],[19.2966,-70.3681],[18.9309,-70.736],[19.5674,-70.9461],[21.2012,-70.8122],[21.7456,-70.2262],[22.5793,-70.5402],[21.8264,-70.655],[22.3269,-70.7595],[23.2927,-70.8212],[24.1089,-70.4094],[24.968,-70.9455],[27.2751,-70.9897],[29.8412,-70.3113],[32.7453,-70.0134],[33.0005,-69.5048],[32.5057,-68.9031],[33.216,-68.6696],[34.3006,-68.6882],[33.6037,-69.0524],[35.1255,-69.2595],[35.244,-69.7356],[37.7863,-69.6819],[38.9403,-70.2047],[38.8036,-69.9877],[39.1615,-69.7267],[39.7787,-69.6114],[39.8579,-68.8295],[42.5361,-68.3796],[42.8286,-68.0964],[44.8032,-67.9763],[44.618,-67.8604],[44.9732,-67.7311],[46.4016,-67.7454],[46.6227,-67.59],[46.2345,-67.4487],[46.48,-67.2753],[47.4411,-67.4094],[46.9196,-67.5065],[47.6345,-67.6603],[47.3587,-67.7731],[48.4546,-67.7302],[48.1712,-67.8888],[48.3827,-68.0234],[48.7181,-67.7293],[48.582,-67.4748],[49.4053,-67.2233],[48.3611,-67.0164],[49.2165,-66.8189],[49.8828,-67.0782],[49.6975,-67.2885],[50.8812,-67.2162],[50.4277,-66.9626],[50.8298,-66.7747],[50.2395,-66.7431],[50.4245,-66.3378],[53.7902,-65.8454],[57.2378,-66.5475],[55.9919,-66.5857],[56.7068,-66.8997],[55.7622,-67.2076],[56.1707,-67.4089],[57.5935,-66.9899],[58.9159,-67.1775],[58.5938,-67.2985],[59.5129,-67.6064],[60.4666,-67.3698],[69.639,-67.7633],[69.6348,-68.1222],[70.1797,-68.4948],[69.2813,-68.8313],[69.8576,-68.8725],[69.3039,-69.0473],[69.7401,-69.2961],[68.742,-69.3893],[69.3552,-69.6171],[68.8827,-69.7409],[69.2069,-69.7979],[69.0222,-69.9485],[68.177,-69.7197],[67.2179,-70.2628],[69.2575,-70.4316],[68.8965,-71.0362],[67.2622,-72.0812],[66.9774,-72.9264],[66.3259,-73.1314],[67.2232,-73.3124],[68.0223,-73.1467],[67.9211,-72.693],[68.3328,-72.5075],[69.5593,-72.464],[70.7295,-71.9461],[70.447,-71.8302],[71.5398,-71.6103],[71.1582,-71.4561],[71.7268,-70.774],[72.8528,-70.4448],[72.6395,-70.1603],[73.4055,-69.7975],[75.4382,-69.9374],[75.9163,-69.7828],[75.8205,-69.5251],[77.8416,-69.1301],[77.9856,-68.8201],[78.6699,-68.6985],[78.4617,-68.4855],[78.7466,-68.2625],[83.616,-67.6384],[83.4168,-67.4282],[84.4915,-67.1101],[91.9601,-66.4982],[93.7393,-66.7472],[98.5276,-66.449],[99.0693,-66.4899],[98.7165,-66.6428],[98.8262,-66.9099],[100.5,-66.5187],[101.3364,-65.944],[102.7137,-65.8613],[107.7791,-66.5517],[107.7098,-66.8476],[108.207,-66.6267],[108.8587,-66.9714],[110.7442,-66.7145],[110.489,-66.3088],[110.9271,-66.0546],[113.2036,-65.7654],[114.4299,-66.226],[114.3224,-66.509],[115.7808,-66.7883],[113.6465,-67.4836],[116.9429,-66.9482],[118.8552,-67.1872],[120.4016,-66.945],[118.7322,-67.2789],[118.9567,-67.4225],[124.0151,-66.5888],[124.7168,-66.7592],[125.9406,-66.3023],[126.8543,-66.4493],[126.5695,-66.6658],[127.0814,-67.1354],[127.3636,-66.9311],[129.0646,-67.1744],[129.7217,-66.4382],[130.7048,-66.1496],[133.7923,-66.1054],[134.4265,-66.3115],[134.1094,-66.5046],[134.3501,-66.52],[135.343,-66.1007],[136.6567,-66.5408],[137.4579,-66.3448],[139.8228,-66.797],[144.5125,-67.0157],[143.8807,-67.9339],[146.0481,-67.5866],[146.8728,-67.9376],[146.6023,-68.1785],[147.0647,-68.0388],[146.718,-68.3034],[147.0604,-68.4228],[150.9566,-68.343],[151.0249,-68.777],[151.5669,-68.9168],[151.9238,-68.6668],[153.845,-68.7604],[153.8784,-68.279],[155.6375,-69.1342],[159.7733,-69.5065],[160.3345,-69.7961],[159.8783,-69.9904],[160.7598,-70.102],[161.4517,-70.686],[161.3612,-70.901],[162.3408,-71.1095],[161.9979,-70.4384],[162.5952,-70.2691],[163.895,-70.782],[164.2404,-70.4911],[167.7009,-70.7913],[167.1833,-71.0309],[170.1828,-71.6744],[170.2824,-71.2988],[170.9661,-71.8346],[170.334,-71.8009],[169.7726,-72.2201],[170.2824,-72.3263],[170.2554,-72.603],[168.3162,-72.3736],[169.9325,-72.7359],[169.2146,-73.2765],[166.3408,-72.9039],[166.7776,-73.3653],[167.9294,-73.3587],[166.1398,-73.482],[165.8254,-73.5983],[166.2942,-73.7258],[165.6519,-73.9137],[165.199,-73.8591],[165.032,-73.4109],[165.3582,-73.34],[164.5261,-73.3302],[164.8938,-73.4835],[164.8709,-73.9316],[165.3088,-74.0304],[164.4108,-73.9433],[165.4347,-74.629],[163.6847,-74.6157],[163.4699,-74.342],[162.3638,-74.8416],[162.7861,-74.99],[162.5952,-75.2237],[160.5824,-75.3784],[162.1911,-75.3878],[162.0296,-75.5742],[162.9001,-75.8229],[162.0923,-76.2022],[162.8843,-76.4391],[162.4232,-76.6393],[162.9746,-76.7897],[162.3018,-76.9513],[163.8241,-77.4308],[163.4401,-77.6686],[164.2433,-77.7819],[163.7285,-77.8792],[164.5441,-77.8749],[163.8421,-78.227],[165.4944,-78.0186],[165.3371,-78.1989],[165.7302,-78.3996],[167.2278,-78.6692],[164.4097,-78.6039],[162.6216,-78.9452],[161.5529,-78.5055],[161.3359,-78.5812],[161.5208,-78.7953],[162.0654,-79.0686],[161.0037,-78.9337],[160.387,-79.1681],[161.0342,-79.4748],[159.635,-79.5256],[160.8405,-79.6184],[159.4961,-79.8195],[161.4706,-79.9016],[158.173,-80.4195],[160.7749,-80.3832],[159.8552,-80.6422],[161.3464,-80.7844],[159.4976,-80.843],[160.8761,-80.9146],[160.5415,-81.1192],[161.1424,-81.2444],[160.132,-81.2037],[160.6262,-81.3167],[160.3078,-81.3798],[161.4541,-81.4235],[161.0115,-81.5488],[163.9168,-82.1901],[160.8021,-82.492],[164.6732,-82.3388],[167.4242,-83.0261],[168.6234,-83.006],[168.7962,-83.1838],[168.0769,-83.1839],[168.4152,-83.2669],[166.9988,-83.1992],[168.0317,-83.3596],[180,-84.3528],[180,-90],[-180,-90],[-180,-84.3528],[-155.504,-85.1261],[-157.6372,-84.8972],[-155.6426,-84.8278],[-166.4235,-84.3703],[-163.0011,-84.363],[-165.1544,-84.138],[-163.9037,-83.9573],[-168.0826,-83.7796],[-174.3398,-82.7589],[-169.5997,-83.3105],[-165.0863,-83.2021],[-164.6173,-83.5069],[-163.134,-83.3155],[-159.1934,-83.5444],[-156.9177,-83.2302],[-158.4972,-83.1179],[-155.5922,-83.0461],[-152.5429,-82.5481],[-154.8389,-81.9448],[-153.8164,-81.6812],[-157.0639,-81.2558],[-147.5483,-80.8869],[-151.0116,-80.4295],[-149.9683,-80.3937],[-150.7258,-80.3204],[-150.1337,-80.1857],[-150.3697,-80.0746],[-147.5548,-80.0512],[-148.9997,-79.8608],[-147.0671,-79.9086],[-152.2649,-79.3092],[-151.7201,-79.0838],[-154.9698,-79.0348],[-156.5283,-78.6637],[-153.8151,-78.2332],[-157.1996,-78.2527],[-158.3439,-77.9744],[-158.64,-77.8486],[-158.1181,-77.5558],[-158.2202,-77.0737],[-157.0218,-77.3587],[-155.8655,-77.0597],[-153.534,-77.2542],[-153.8624,-77.4426],[-152.3507,-77.3027],[-149.975,-77.8162],[-147.7931,-77.4903],[-149.041,-77.3331],[-148.7697,-77.1047],[-145.4628,-77.5232],[-145.9534,-77.2331],[-145.246,-77.2324],[-146.3814,-77.0031],[-145.31,-77.0587],[-145.9636,-76.8575],[-145.4626,-76.7516],[-149.6063,-76.3139],[-148.1971,-76.0871],[-145.3546,-76.4345],[-146.4996,-76.087],[-146.2092,-75.9155],[-142.467,-75.4317],[-140.6465,-75.8072],[-141.2988,-75.5016],[-139.5666,-75.148],[-136.346,-75.1778],[-137.0099,-75.0099],[-136.8343,-74.7604],[-135.42,-74.5651],[-133.8655,-74.9283],[-121.7725,-74.7861],[-118.8671,-74.6025],[-118.6165,-74.5222],[-119.0697,-74.4396],[-117.9708,-74.2581],[-117.7858,-74.5175],[-114.8743,-74.4816],[-115.1249,-74.0949],[-114.21,-73.8635],[-113.9518,-73.9146],[-114.2423,-74.0783],[-113.4396,-74.0997],[-113.9478,-74.2564],[-113.8013,-74.4518],[-113.2251,-74.4021],[-114.357,-74.6959],[-113.8267,-74.713],[-114.1058,-75.0689],[-111.5426,-74.8015],[-111.9261,-74.5512],[-111.3256,-74.4755],[-111.8871,-74.3154],[-111.5926,-74.1725],[-110.1031,-74.5486],[-111.5784,-75.1288],[-111.3042,-75.2409],[-106.5913,-75.3786],[-101.7607,-75.0829],[-101.1127,-75.4321],[-98.772,-75.321],[-98.4343,-75.1334],[-100.5364,-74.8844],[-99.8167,-74.5261],[-101.3959,-74.5027],[-101.5892,-74.0002],[-102.8486,-73.9216],[-102.9986,-73.6096],[-98.8501,-73.6042],[-102.8736,-73.3082],[-103.4299,-72.8494],[-103.0414,-72.7076],[-102.094,-72.7717],[-102.7169,-72.9977],[-101.9603,-73.0556],[-91.0774,-73.3366],[-89.2303,-73.1113],[-89.0541,-72.9291],[-89.3485,-72.6345],[-88.1735,-72.7321],[-88.714,-73.1198],[-88.4069,-73.2706],[-85.6786,-73.1775],[-82.1371,-73.8897],[-81.1847,-73.7042],[-81.2347,-73.248],[-80.1968,-73.402],[-80.651,-73.0844],[-80.4925,-72.9533],[-78.7819,-73.338],[-78.845,-73.6088],[-76.8467,-73.4649],[-77.0808,-73.8793],[-68.7797,-73.108],[-67.5111,-72.8341],[-66.7508,-72.1131],[-67.6226,-71.4334],[-67.4111,-70.9929],[-68.8249,-69.4313],[-67.3923,-69.5027],[-66.7591,-69.0712],[-67.4807,-68.8419],[-66.9592,-68.7481],[-67.1747,-68.5253],[-66.8607,-68.3676],[-67.1571,-68.3022],[-66.6251,-68.2467],[-67.2687,-67.9687],[-66.5102,-67.5279],[-67.6107,-67.547],[-67.4762,-67.0541],[-66.9507,-66.9389],[-66.9809,-67.2763],[-66.4628,-67.3366],[-66.5479,-66.6502],[-65.6894,-66.6837],[-65.7055,-66.15],[-63.7952,-65.6057],[-64.09,-65.4133],[-63.8739,-65.046],[-63.0836,-65.1661],[-63.2088,-64.9494],[-62.4072,-64.8766],[-62.6738,-64.7773],[-62.4955,-64.5986],[-61.5788,-64.662],[-60.9857,-64.0645],[-57.2866,-63.2148],[-56.7991,-63.6262],[-57.4454,-63.4444],[-58.0977,-63.664],[-59.1163,-64.2365],[-58.7545,-64.2934],[-58.8158,-64.5427],[-60.0073,-64.3984],[-62.1983,-65.3045],[-61.701,-65.5457],[-62.3619,-65.8142],[-62.0228,-66.1115],[-60.5471,-65.9583],[-61.0241,-66.0828],[-60.9947,-66.3415],[-62.6683,-66.2275],[-62.6439,-66.7245],[-63.8116,-66.1889],[-63.5734,-66.3912],[-64.1349,-66.6432],[-63.7555,-66.8976],[-64.6179,-66.7678],[-64.9638,-66.8967],[-64.6901,-67.1484],[-65.0659,-67.2021],[-64.7491,-67.3073],[-65.616,-67.3689],[-65.3375,-67.658],[-65.7067,-67.8595],[-65.3292,-67.9838],[-65.7607,-68.1657],[-64.7558,-68.1081],[-65.4939,-68.3171],[-64.9757,-68.4078],[-65.2438,-68.6295],[-64.033,-68.8313],[-64.2573,-68.5738],[-62.8717,-68.4207],[-63.7606,-68.581],[-63.2123,-68.8386],[-63.8971,-68.9826],[-62.3973,-69.5152],[-62.5297,-69.8639],[-61.8687,-70.2083],[-62.4072,-70.4055],[-61.3542,-70.5611],[-62.1293,-70.7234],[-62.0326,-70.903],[-61.305,-70.8561],[-60.9346,-71.1822],[-62.1122,-71.6398],[-61.1413,-71.5329],[-60.7978,-71.7815],[-62.4409,-71.9196],[-62.2543,-72.1352],[-60.6938,-71.9978],[-61.0719,-72.1913],[-60.6426,-72.4299],[-61.4647,-72.4073],[-61.2154,-72.6381],[-61.4203,-72.6458],[-60.5524,-72.6559],[-60.7635,-73.0745],[-59.9494,-72.8952],[-60.0266,-73.279],[-60.7344,-73.398],[-62.0651,-73.1305],[-61.6461,-73.252],[-62.0018,-73.2306],[-61.5685,-73.3531],[-61.9348,-73.3722],[-61.6878,-73.5359],[-60.7996,-73.5779],[-61.1456,-73.7379],[-60.7347,-73.7158],[-60.9866,-73.9553],[-61.791,-73.9067],[-61.1335,-74.1642],[-61.9781,-74.2442],[-60.6912,-74.2389],[-60.9779,-74.4972],[-62.3639,-74.4035],[-61.873,-74.8515],[-62.526,-74.9972],[-62.7013,-74.678],[-63.2657,-74.6681],[-63.0769,-74.9085],[-64.0856,-74.9986],[-63.0409,-75.1472],[-64.4344,-75.3176],[-63.1616,-75.4094],[-70.1008,-76.4239],[-69.7463,-76.4695],[-70.014,-76.6936],[-77.6935,-76.4876],[-75.5266,-77.5412],[-72.7223,-77.5756],[-74.0557,-78.1371],[-80.7694,-77.6699],[-81.6162,-77.8621],[-77.4125,-78.4196],[-77.724,-78.7314],[-80.2952,-78.8468],[-83.7676,-77.968],[-82.9449,-78.4733],[-83.8861,-78.4194],[-80.4923,-79.5779],[-80.4294,-79.2585],[-76.0663,-79.4353],[-76.0976,-79.7336],[-76.6322,-79.9392],[-79.6873,-79.9826],[-76.2745,-80.0811],[-75.4141,-80.4885],[-75.712,-80.6381],[-74.9495,-80.7702],[-75.5541,-80.8914],[-72.5889,-80.9614],[-70.8206,-80.6101],[-69.9758,-80.976],[-62.2113,-81.5921],[-65.6917,-81.7105],[-63.4761,-81.8373],[-66.2558,-81.948],[-65.6298,-81.9866],[-66.0801,-82.2917],[-60.4012,-82.1702],[-62.795,-82.5197],[-61.9325,-82.9723],[-62.1808,-83.0341],[-61.0657,-82.9098],[-61.8515,-83.3676],[-60.9523,-83.4763],[-59.47,-83.4601],[-54.3035,-82.1917],[-51.7306,-82.0626]]],[[[163.6143,-74.8434],[163.6952,-74.8923],[163.6265,-74.9138],[163.6143,-74.8434]]],[[[163.8035,-74.6895],[164.3024,-74.5527],[163.9634,-74.8664],[163.8035,-74.6895]]],[[[163.2937,-66.8381],[163.2951,-66.8849],[163.1908,-66.8438],[163.0813,-66.7065],[163.2605,-66.7162],[163.257,-66.7633],[163.3132,-66.7815],[163.2937,-66.8381]]],[[[-45.0539,-60.7031],[-45.0671,-60.6311],[-45.0002,-60.7009],[-45.0539,-60.7031]]],[[[-59.2868,-80.2096],[-59.7574,-80.3357],[-59.8468,-80.5283],[-59.4665,-80.4909],[-59.819,-80.7449],[-60.6527,-80.9604],[-66.8048,-80.3285],[-61.7504,-80.3683],[-61.1846,-80.2526],[-61.8079,-80.0576],[-61.2668,-80.0085],[-61.5227,-79.893],[-60.0767,-79.656],[-60.4866,-79.7377],[-59.7991,-79.7743],[-59.6256,-79.9063],[-59.9613,-80.0839],[-59.2868,-80.2096]]],[[[-66.1491,-79.6282],[-66.7008,-79.6681],[-65.4501,-79.9524],[-66.2227,-80.0864],[-67.8398,-79.5588],[-66.1491,-79.6282]]],[[[-68.2331,-79.2859],[-67.0482,-79.2648],[-67.4679,-79.506],[-68.5503,-79.443],[-67.4694,-79.308],[-68.2331,-79.2859]]],[[[-75.5884,-78.7579],[-75.3937,-78.741],[-75.525,-78.8059],[-75.4812,-78.8523],[-75.5124,-78.8668],[-75.6499,-78.8332],[-75.5884,-78.7579]]],[[[-66.7344,-78.4418],[-69.296,-79.2177],[-69.822,-79.4584],[-69.6466,-79.6038],[-71.8157,-79.4792],[-70.5928,-78.8859],[-66.7344,-78.4418]]],[[[-52.5188,-80.2001],[-50.2637,-79.5357],[-50.7397,-79.2844],[-50.2144,-78.8329],[-50.3674,-78.6905],[-49.111,-78.0529],[-47.2225,-77.7726],[-43.8188,-78.2483],[-43.9203,-78.5963],[-45.3705,-78.7861],[-43.739,-78.8006],[-42.9364,-79.5221],[-43.1374,-79.9518],[-43.8567,-79.996],[-43.5316,-80.2],[-49.798,-80.7909],[-54.1616,-80.8771],[-54.3776,-80.5774],[-53.4071,-80.1077],[-52.5188,-80.2001]]],[[[-49.2587,-77.8725],[-49.4508,-77.8631],[-49.3364,-77.8298],[-48.7504,-77.7477],[-49.2587,-77.8725]]],[[[-20.3666,-74.4254],[-22.0402,-74.1056],[-20.6402,-73.5875],[-20.6929,-74.102],[-20.3666,-74.4254]]],[[[-71.7965,-73.2198],[-71.9874,-73.2584],[-72.0962,-73.2145],[-71.9808,-73.1811],[-71.7965,-73.2198]]],[[[-73.8868,-73.1201],[-73.5225,-73.1301],[-73.6921,-73.217],[-73.7084,-73.2916],[-74.0359,-73.407],[-74.1509,-73.2792],[-73.8749,-73.1897],[-73.8868,-73.1201]]],[[[-104.6871,-73.0965],[-104.5327,-73.1745],[-104.8595,-73.2067],[-105.0377,-73.1404],[-105.1554,-73.0053],[-104.9586,-72.9426],[-104.6871,-73.0965]]],[[[-89.8924,-72.8846],[-89.3307,-72.928],[-90.1325,-73.0944],[-90.3363,-72.9874],[-89.8924,-72.8846]]],[[[-74.8468,-72.8666],[-74.2186,-72.9908],[-74.758,-73.3032],[-74.3609,-73.4604],[-74.5194,-73.6061],[-76.1261,-73.1588],[-74.8468,-72.8666]]],[[[-93.7508,-72.8886],[-93.862,-72.9282],[-94.1282,-72.873],[-93.9829,-72.819],[-93.7508,-72.8886]]],[[[-98.1308,-72.6923],[-98.0423,-72.6623],[-97.9403,-72.6574],[-97.7487,-72.6833],[-97.8313,-72.717],[-97.9412,-72.725],[-98.0504,-72.7145],[-98.1308,-72.6923]]],[[[-90.9016,-72.8198],[-90.9177,-73.1013],[-91.5063,-73.1978],[-91.3334,-72.8976],[-91.6865,-72.61],[-90.9152,-72.5622],[-90.9016,-72.8198]]],[[[-93.3594,-72.5798],[-93.1106,-72.5598],[-93.2363,-72.6355],[-93.3888,-72.6025],[-93.3594,-72.5798]]],[[[-60.7751,-72.5624],[-60.9689,-72.592],[-60.9093,-72.5411],[-60.7751,-72.5624]]],[[[-94.4914,-72.5224],[-94.3998,-72.6074],[-94.5048,-72.6327],[-95.2743,-72.6518],[-95.1978,-72.5886],[-94.5809,-72.4689],[-94.5021,-72.4793],[-94.4914,-72.5224]]],[[[-16.1861,-72.5905],[-16.1028,-72.6874],[-16.3816,-72.69],[-16.4875,-72.6223],[-16.5163,-72.5191],[-16.338,-72.4606],[-16.1861,-72.5905]]],[[[-70.5503,-72.2219],[-70.4176,-72.2384],[-70.6012,-72.28],[-70.6536,-72.2507],[-70.5503,-72.2219]]],[[[-60.2585,-72.204],[-60.1881,-72.176],[-60.1066,-72.2241],[-60.1814,-72.2558],[-60.2585,-72.204]]],[[[-12.6594,-72.0595],[-12.4897,-72.1671],[-12.654,-72.1993],[-12.8776,-72.1438],[-12.9674,-72.0563],[-12.8102,-72.0007],[-12.6594,-72.0595]]],[[[-95.4992,-72.3156],[-96.0548,-72.5837],[-98.5801,-72.5728],[-102.3237,-72.0641],[-100.1326,-71.8219],[-100.452,-71.9983],[-98.6855,-72.1074],[-99.1526,-71.9162],[-98.5316,-71.7568],[-97.9824,-71.8596],[-98.3526,-72.1564],[-97.6028,-71.8881],[-97.3941,-72.2084],[-96.9901,-71.8473],[-96.3605,-71.8351],[-96.1395,-72.0136],[-97,-72.2143],[-95.6581,-72.0476],[-96.4158,-72.2898],[-95.4992,-72.3156]]],[[[-60.5307,-71.051],[-60.7566,-71.05],[-60.9573,-70.9773],[-60.8133,-70.9171],[-60.587,-70.9251],[-60.5166,-70.9916],[-60.5307,-71.051]]],[[[-74.9127,-71.0234],[-76.5426,-70.9656],[-74.0361,-70.5481],[-73.5592,-70.7497],[-74.9127,-71.0234]]],[[[-60.4353,-70.5968],[-60.7165,-70.7106],[-60.8856,-70.7001],[-60.9822,-70.6209],[-60.9694,-70.5476],[-60.8345,-70.5124],[-60.5049,-70.5175],[-60.4353,-70.5968]]],[[[-71.711,-70.4298],[-71.8165,-70.2958],[-71.4088,-70.2656],[-71.3186,-70.2988],[-71.5345,-70.4362],[-71.711,-70.4298]]],[[[-70.7689,-70.3035],[-70.7223,-70.2408],[-70.6324,-70.255],[-70.6671,-70.3268],[-70.7689,-70.3035]]],[[[-61.1054,-69.9638],[-61.2885,-69.9843],[-61.406,-69.9428],[-61.3734,-69.8733],[-61.2682,-69.852],[-61.1383,-69.8886],[-61.1054,-69.9638]]],[[[-75.4835,-70.1337],[-75.8317,-70.0164],[-75.4355,-69.7688],[-74.3971,-69.9618],[-75.4835,-70.1337]]],[[[-61.7555,-69.4543],[-62.0951,-69.7297],[-62.5792,-69.1891],[-61.7555,-69.4543]]],[[[-71.4601,-72.6292],[-73.1642,-72.4312],[-70.1833,-72.2739],[-72.0552,-72.1581],[-70.8565,-71.8456],[-71.8297,-71.8986],[-72.3389,-71.6135],[-72.8594,-71.921],[-73.8789,-71.8642],[-73.5013,-72.0125],[-74.1213,-72.1725],[-75.356,-71.9236],[-75.1772,-71.7526],[-75.4141,-71.6609],[-72.189,-71.3731],[-73.0535,-71.1817],[-72.7861,-71.0628],[-69.838,-71.152],[-69.7867,-70.8534],[-71.2665,-70.6801],[-69.5885,-70.3935],[-71.7845,-70.0422],[-71.9116,-69.7083],[-71.6159,-69.4548],[-72.1989,-69.0978],[-70.4021,-68.7868],[-68.3302,-70.7997],[-68.2086,-71.8211],[-68.4831,-71.8969],[-68.4361,-72.2408],[-69.2182,-72.5429],[-71.4601,-72.6292]]],[[[-60.8941,-68.7599],[-61.0211,-68.7067],[-60.883,-68.6794],[-60.7172,-68.7153],[-60.652,-68.7758],[-60.8941,-68.7599]]],[[[-67.135,-68.1381],[-67.163,-68.158],[-67.2008,-68.1726],[-67.2355,-68.1716],[-67.255,-68.1448],[-67.2401,-68.1331],[-67.202,-68.1316],[-67.135,-68.1381]]],[[[-67.0831,-67.8327],[-67.2464,-67.894],[-67.2926,-67.8688],[-67.2338,-67.8308],[-67.3368,-67.8183],[-67.1859,-67.7941],[-67.0831,-67.8327]]],[[[-64.9543,-67.6614],[-64.9405,-67.5988],[-64.5637,-67.6204],[-64.7071,-67.6742],[-64.7999,-67.6378],[-64.9543,-67.6614]]],[[[-66.8105,-67.5235],[-66.9994,-67.5915],[-67.1603,-67.5881],[-66.9712,-67.517],[-66.8105,-67.5235]]],[[[-67.5758,-67.2145],[-67.6933,-67.2843],[-67.8102,-67.2634],[-67.5758,-67.2145]]],[[[-67.6566,-67.0888],[-67.5727,-67.0468],[-67.5404,-67.0989],[-67.6334,-67.1415],[-67.6815,-67.1281],[-67.6566,-67.0888]]],[[[-67.3812,-66.9024],[-67.6031,-66.88],[-67.4902,-66.7991],[-67.5199,-66.7621],[-67.4066,-66.7365],[-67.2407,-66.8308],[-67.3812,-66.9024]]],[[[-69.1093,-67.6262],[-68.3778,-66.8207],[-67.6594,-66.6486],[-68.0262,-66.9406],[-67.6768,-67.148],[-68.251,-67.3693],[-67.9738,-67.4684],[-69.1093,-67.6262]]],[[[-67.161,-66.3888],[-67.1227,-66.3626],[-67.1475,-66.3253],[-67.0271,-66.3419],[-67.161,-66.3888]]],[[[-65.7408,-65.9684],[-65.802,-65.9926],[-65.7799,-65.948],[-65.7408,-65.9684]]],[[[-65.9001,-65.8767],[-65.9144,-65.9169],[-66.0338,-65.9246],[-65.9001,-65.8767]]],[[[-65.3178,-65.8659],[-65.3444,-65.8395],[-65.2478,-65.8414],[-65.194,-65.8839],[-65.3178,-65.8659]]],[[[-65.527,-65.4729],[-65.66,-65.5115],[-65.7322,-65.4853],[-65.527,-65.4729]]],[[[-59.4355,-65.2338],[-59.5146,-65.2457],[-59.6488,-65.2199],[-59.7777,-65.1744],[-59.8415,-65.1274],[-59.7714,-65.0861],[-59.6461,-65.1218],[-59.4355,-65.2338]]],[[[-62.9215,-64.8771],[-63.1295,-64.8694],[-63.0699,-64.8414],[-62.9215,-64.8771]]],[[[-62.8468,-64.809],[-62.9005,-64.8239],[-63.0052,-64.8167],[-63.0193,-64.8131],[-63.031,-64.8064],[-62.9946,-64.7971],[-62.9571,-64.7949],[-62.8468,-64.809]]],[[[-62.6375,-64.7262],[-62.7643,-64.7096],[-62.6678,-64.6699],[-62.6375,-64.7262]]],[[[-62.149,-64.5803],[-62.0146,-64.5529],[-62.093,-64.6209],[-62.149,-64.5803]]],[[[-57.6525,-64.4503],[-57.5846,-64.4177],[-57.564,-64.4423],[-57.5875,-64.471],[-57.6525,-64.4503]]],[[[-57.3146,-64.4365],[-56.8784,-64.3357],[-56.9464,-64.3756],[-56.9679,-64.4555],[-57.2191,-64.5654],[-57.4476,-64.5344],[-57.442,-64.4522],[-57.3146,-64.4365]]],[[[-62.9064,-64.5212],[-63.6821,-64.8532],[-64.3011,-64.6999],[-63.5749,-64.2652],[-62.9064,-64.5212]]],[[[-56.8495,-64.28],[-56.5825,-64.2351],[-56.8088,-64.3227],[-56.8985,-64.3173],[-56.8495,-64.28]]],[[[-61.6591,-64.1716],[-61.7491,-64.1573],[-61.7537,-64.1142],[-61.6896,-64.1027],[-61.6591,-64.1716]]],[[[-62.6566,-64.503],[-62.5721,-64.0524],[-62.0089,-64.1417],[-62.6566,-64.503]]],[[[-61.9363,-63.9913],[-61.7843,-63.9695],[-61.9825,-64.0909],[-62.0654,-64.0624],[-61.9363,-63.9913]]],[[[-57.5133,-64.341],[-58.215,-64.3845],[-58.0127,-64.239],[-58.4604,-64.0857],[-57.7947,-63.7914],[-57.8644,-64.0666],[-57.0702,-64.1596],[-57.5133,-64.341]]],[[[-61.7261,-63.7509],[-61.8083,-63.7289],[-61.6364,-63.7262],[-61.6138,-63.7636],[-61.6842,-63.8079],[-61.7261,-63.7509]]],[[[-57.5389,-63.6831],[-57.5721,-63.6428],[-57.4021,-63.628],[-57.4639,-63.6887],[-57.5389,-63.6831]]],[[[-56.6892,-63.5929],[-56.6628,-63.5675],[-56.6027,-63.5573],[-56.5304,-63.5583],[-56.4679,-63.5657],[-56.5779,-63.611],[-56.648,-63.6233],[-56.6892,-63.5929]]],[[[-59.8375,-63.5546],[-59.7779,-63.5948],[-59.8716,-63.5838],[-59.8375,-63.5546]]],[[[-55.7196,-63.4754],[-55.9649,-63.5815],[-56.2405,-63.4787],[-56.2067,-63.4362],[-55.8064,-63.4074],[-55.7196,-63.4754]]],[[[-61.9517,-63.3118],[-62.2775,-63.3523],[-62.2416,-63.3193],[-62.2643,-63.2731],[-62.2027,-63.2371],[-61.9517,-63.3118]]],[[[-56.6986,-63.2062],[-56.6549,-63.1583],[-56.566,-63.1629],[-56.5919,-63.2086],[-56.6986,-63.2062]]],[[[-56.546,-63.0993],[-56.618,-63.0514],[-56.4768,-62.9767],[-56.1042,-63.0042],[-56.035,-63.0575],[-56.2735,-63.1785],[-56.546,-63.0993]]],[[[-60.4979,-62.9643],[-60.6853,-62.9262],[-60.6935,-62.9669],[-60.5575,-63.0076],[-60.6188,-63.0165],[-60.747,-62.9406],[-60.6193,-62.8967],[-60.4979,-62.9643]]],[[[-62.6013,-63.0656],[-62.7123,-63.0893],[-62.5193,-62.9125],[-62.3063,-62.8752],[-62.6013,-63.0656]]],[[[-61.5073,-62.8136],[-61.5202,-62.7745],[-61.4607,-62.7372],[-61.1989,-62.7277],[-61.4093,-62.8233],[-61.5073,-62.8136]]],[[[-59.7457,-62.545],[-59.9961,-62.4526],[-59.5798,-62.4856],[-59.5537,-62.5012],[-59.6182,-62.5447],[-59.7457,-62.545]]],[[[-59.6942,-62.3785],[-59.4368,-62.3551],[-59.3474,-62.4065],[-59.5088,-62.457],[-59.6257,-62.4081],[-59.6022,-62.3815],[-59.6942,-62.3785]]],[[[-58.9831,-62.2654],[-58.8343,-62.3093],[-59.0299,-62.3481],[-59.2178,-62.2921],[-59.0329,-62.2335],[-58.9831,-62.2654]]],[[[-58.4669,-62.1604],[-59.0107,-62.2197],[-58.4141,-61.9333],[-57.5898,-62.0255],[-58.4669,-62.1604]]],[[[-54.036,-61.2457],[-54.098,-61.3121],[-54.2274,-61.2701],[-54.0574,-61.127],[-54.0089,-61.1376],[-54.0575,-61.1926],[-54.036,-61.2457]]],[[[-44.5185,-60.7184],[-44.7178,-60.7727],[-44.8473,-60.7155],[-44.5248,-60.6747],[-44.4517,-60.7033],[-44.5185,-60.7184]]],[[[-162.3398,-82.9238],[-161.5758,-83.0243],[-162.4024,-83.1484],[-163.8114,-82.8469],[-162.3398,-82.9238]]],[[[-169.0303,-83.1542],[-168.8102,-83.2018],[-168.8472,-83.2268],[-169.8022,-83.184],[-171.9014,-82.8421],[-169.0303,-83.1542]]],[[[-154.1142,-80.037],[-155.6653,-79.8168],[-153.9182,-80.006],[-154.1142,-80.037]]],[[[-155.7193,-79.7691],[-155.5817,-79.7829],[-155.6541,-79.8039],[-155.8554,-79.7975],[-155.7193,-79.7691]]],[[[-163.0997,-79.7453],[-162.6874,-79.8149],[-163.349,-79.7978],[-163.0381,-79.7771],[-163.0997,-79.7453]]],[[[-159.8422,-79.3486],[-158.9531,-79.7697],[-160.7129,-79.8546],[-164.3265,-79.2874],[-163.243,-78.7063],[-159.8422,-79.3486]]],[[[-149.0187,-77.4801],[-149.2089,-77.4399],[-148.832,-77.4483],[-149.0187,-77.4801]]],[[[-148.9189,-77.3849],[-149.3917,-77.3823],[-149.6698,-77.3044],[-149.3364,-77.2835],[-148.9189,-77.3849]]],[[[-150.4838,-77.3432],[-150.35,-77.3455],[-150.4985,-77.3756],[-151.5115,-77.2708],[-150.9852,-77.2223],[-150.4838,-77.3432]]],[[[-147.2496,-77.1886],[-147.1877,-77.2102],[-147.3834,-77.259],[-147.6016,-77.1843],[-147.2496,-77.1886]]],[[[169.2734,-77.4545],[166.6773,-77.86],[166.8906,-77.7125],[166.4534,-77.7101],[166.8957,-77.6757],[166.1655,-77.5348],[166.6795,-77.1633],[169.2734,-77.4545]]],[[[-154.5619,-77.1135],[-154.284,-77.0641],[-154.0358,-77.1301],[-154.5619,-77.1135]]],[[[166.9151,-76.9313],[166.9773,-76.9627],[166.8722,-76.9729],[166.8547,-76.9291],[166.9151,-76.9313]]],[[[-148.5336,-76.9496],[-148.4352,-76.9737],[-148.4812,-77.0012],[-148.9399,-77.028],[-149.239,-76.9964],[-149.3048,-76.912],[-148.5336,-76.9496]]],[[[-149.7287,-77.1295],[-150.8011,-76.99],[-149.84,-76.878],[-149.2244,-77.1181],[-149.7287,-77.1295]]],[[[-148.5295,-76.7966],[-148.9271,-76.8498],[-149.4907,-76.7669],[-149.3098,-76.714],[-148.7471,-76.716],[-148.3265,-76.7568],[-148.3568,-76.7941],[-148.5295,-76.7966]]],[[[-150.2326,-76.7775],[-150.6018,-76.7966],[-150.8755,-76.7405],[-150.206,-76.6868],[-150.0781,-76.7385],[-150.2326,-76.7775]]],[[[-148.7175,-76.7072],[-149.1485,-76.637],[-148.8115,-76.6119],[-148.4679,-76.6772],[-148.7175,-76.7072]]],[[[-147.7298,-76.6545],[-148.0062,-76.5737],[-147.7316,-76.5844],[-147.5598,-76.6629],[-147.7298,-76.6545]]],[[[162.9172,-75.5583],[162.9719,-75.5732],[162.8135,-75.6933],[162.5765,-75.6628],[162.9172,-75.5583]]],[[[-145.4404,-75.58],[-145.2008,-75.6858],[-145.383,-75.718],[-146.1598,-75.5698],[-145.8708,-75.5046],[-145.4404,-75.58]]],[[[162.488,-75.4572],[162.5708,-75.4229],[162.6178,-75.4592],[162.488,-75.4572]]],[[[-132.5712,-74.3884],[-132.3423,-74.4045],[-132.5318,-74.499],[-132.8575,-74.471],[-132.8985,-74.4264],[-132.5712,-74.3884]]],[[[-127.1285,-74.4694],[-127.5517,-74.6436],[-128.1892,-74.3161],[-127.1285,-74.4694]]],[[[-117.1685,-74.3564],[-117.3956,-74.3661],[-117.3115,-74.3093],[-117.0251,-74.2809],[-116.9681,-74.2919],[-117.1685,-74.3564]]],[[[-119.821,-74.1208],[-119.6361,-74.0012],[-119.9036,-73.825],[-118.8708,-73.8857],[-119.821,-74.1208]]],[[[-120.2612,-73.9278],[-121.099,-74.3481],[-122.2435,-74.4133],[-123.0282,-74.2483],[-122.3274,-73.9157],[-123.3498,-73.8388],[-120.2612,-73.9278]]],[[[169.9617,-73.5144],[169.4588,-73.5549],[169.7516,-73.3201],[169.9617,-73.5144]]],[[[-127.4732,-73.5496],[-127.149,-73.2773],[-126.1041,-73.2962],[-125.2128,-73.6398],[-125.8653,-73.781],[-124.5343,-73.7276],[-123.7544,-74.0725],[-124.7843,-74.226],[-127.4732,-73.5496]]],[[[68.7787,-72.1165],[68.8626,-72.1935],[68.8091,-72.2398],[68.3947,-72.2971],[68.6475,-72.1093],[68.7787,-72.1165]]],[[[69.9245,-71.9089],[69.7874,-72.0554],[69.7269,-72.0564],[69.6828,-71.975],[69.7741,-71.8966],[69.9245,-71.9089]]],[[[-3.2281,-71.0528],[-2.9446,-71.225],[-3.3377,-71.193],[-3.415,-71.13],[-3.3704,-71.0938],[-3.4093,-71.0665],[-3.2281,-71.0528]]],[[[-2.7177,-70.8201],[-2.0807,-70.8256],[-2.8,-71.1677],[-2.6673,-70.9937],[-3.5856,-70.7384],[-2.7177,-70.8201]]],[[[1.9513,-70.6043],[2.1452,-70.6501],[2.054,-70.6735],[1.9513,-70.6043]]],[[[-5.9398,-70.4226],[-5.966,-70.4985],[-5.8849,-70.5494],[-6.1501,-70.6148],[-6.4538,-70.4444],[-5.9398,-70.4226]]],[[[3.2199,-70.3923],[3.2526,-70.4867],[3.0632,-70.5934],[2.6824,-70.623],[2.5808,-70.5243],[3.0498,-70.3854],[3.2199,-70.3923]]],[[[5.4656,-70.2553],[5.6546,-70.2257],[5.8259,-70.304],[5.6429,-70.3295],[5.4656,-70.2553]]],[[[6.2727,-70.1227],[6.4517,-70.137],[6.5365,-70.165],[6.5365,-70.2072],[6.4325,-70.2145],[6.2727,-70.1227]]],[[[26.7656,-70.2243],[26.7757,-70.4306],[25.9123,-70.2849],[26.7656,-70.2243]]],[[[1.411,-70.0402],[1.1978,-70.4064],[0.9568,-70.1917],[1.411,-70.0402]]],[[[10.988,-70.046],[11.0008,-70.0764],[10.812,-70.0759],[10.5398,-70.0115],[10.988,-70.046]]],[[[72.6399,-69.9957],[72.7311,-70.0226],[72.5607,-70.0903],[72.412,-70.0748],[72.6399,-69.9957]]],[[[16.2468,-69.706],[16.6372,-69.7429],[16.2887,-69.8499],[16.1716,-70.0729],[15.5891,-69.9321],[15.5549,-69.8727],[15.7219,-69.7639],[16.2468,-69.706]]],[[[47.8757,-67.5645],[47.9233,-67.5866],[47.7917,-67.6197],[47.4113,-67.6218],[47.5588,-67.5209],[47.5931,-67.5408],[47.4929,-67.5727],[47.8757,-67.5645]]],[[[120.665,-66.8966],[120.8664,-66.8868],[120.532,-66.969],[120.48,-66.9501],[120.5237,-66.8878],[120.665,-66.8966]]],[[[121.1278,-66.7795],[121.1952,-66.7864],[121.1097,-66.8288],[120.8831,-66.8464],[121.1278,-66.7795]]],[[[85.6593,-66.7437],[85.9412,-66.8899],[85.613,-66.9866],[85.2586,-66.7662],[85.6593,-66.7437]]],[[[48.7737,-66.7205],[48.8089,-66.7673],[48.7634,-66.7833],[48.3122,-66.8095],[48.2816,-66.7672],[48.3753,-66.6992],[48.7737,-66.7205]]],[[[86.5486,-66.7031],[86.6758,-66.7197],[86.4032,-66.796],[86.2305,-66.7304],[86.3323,-66.6782],[86.5364,-66.6691],[86.5486,-66.7031]]],[[[85.2024,-66.568],[85.3425,-66.6047],[85.2865,-66.6376],[85.0549,-66.6062],[85.1107,-66.5207],[85.2024,-66.568]]],[[[98.5886,-66.388],[98.7117,-66.364],[98.9533,-66.4181],[98.7912,-66.4874],[98.6681,-66.4625],[98.5886,-66.388]]],[[[97.4055,-66.4035],[97.0105,-66.381],[97.1677,-66.3259],[97.4055,-66.4035]]],[[[162.6261,-66.4625],[162.5464,-66.5346],[162.2902,-66.3976],[162.3495,-66.3604],[162.2979,-66.2548],[162.6261,-66.4625]]],[[[100.3065,-66.1301],[100.3106,-66.173],[100.2512,-66.1843],[100.3073,-66.199],[100.2537,-66.2228],[100.0648,-66.2043],[100.2058,-66.1147],[100.3065,-66.1301]]],[[[96.9172,-66.0544],[97.0309,-66.1406],[96.9085,-66.2114],[96.4074,-66.2276],[96.2966,-66.1835],[96.4676,-66.0507],[96.9172,-66.0544]]],[[[100.7977,-65.7773],[101.0256,-65.8126],[100.9046,-65.8781],[100.3997,-65.8547],[100.5586,-65.7844],[100.7977,-65.7773]]],[[[92.4963,-65.7031],[92.6716,-65.7492],[92.5789,-65.8176],[92.2992,-65.8029],[92.2358,-65.7507],[92.3503,-65.6948],[92.4963,-65.7031]]],[[[100.5659,-65.403],[101.2614,-65.5403],[100.3298,-65.6734],[100.5659,-65.403]]],[[[-90.6069,-68.8175],[-90.6123,-68.728],[-90.5117,-68.7526],[-90.5124,-68.8092],[-90.6069,-68.8175]]]]}},{"type":"Feature","properties":{"name":"Australia","ISO3166-1-Alpha-2":"AU"},"geometry":{"type":"MultiPolygon","coordinates":[[[[131.5359,-31.6056],[129.2004,-31.6564],[127.2887,-32.2734],[126.0076,-32.2734],[124.2012,-33.038],[123.5266,-33.9387],[120.0022,-33.926],[117.9486,-35.1174],[115.9785,-34.8356],[115.0104,-34.245],[114.9885,-33.5211],[115.3672,-33.6313],[115.7101,-33.2707],[115.7215,-31.7726],[115.0608,-30.5224],[114.8425,-29.1086],[113.157,-26.1519],[113.3062,-25.9967],[113.3843,-26.3828],[113.3627,-26.0128],[113.5655,-26.5651],[113.8703,-26.5221],[113.5152,-25.5093],[113.728,-26.197],[113.8545,-25.9443],[114.0215,-26.3909],[114.2344,-26.3166],[114.2586,-25.8419],[113.3914,-24.4137],[113.947,-21.9526],[114.1722,-21.803],[114.1108,-22.4777],[114.3374,-22.4938],[114.6467,-21.8434],[116.7909,-20.5349],[117.7363,-20.6585],[119.0955,-19.9667],[119.5899,-20.0659],[121.1283,-19.5207],[122.347,-18.1212],[122.172,-17.2612],[122.9162,-16.4159],[123.5708,-17.5951],[123.595,-16.9851],[123.9133,-17.2156],[123.9533,-16.8285],[123.5099,-16.6539],[123.5702,-16.1769],[123.863,-16.4298],[123.9109,-16.2175],[124.904,-16.4024],[124.4015,-16.3293],[124.7327,-15.8066],[124.4863,-15.9983],[124.3765,-15.5253],[124.6637,-15.2504],[125.1852,-15.5178],[124.842,-15.1412],[125.4321,-15.138],[125.136,-14.7359],[125.6182,-14.2237],[125.6377,-14.6347],[125.7329,-14.3985],[125.9181,-14.6378],[126.0864,-13.8894],[126.2888,-14.2301],[126.5275,-13.929],[126.6035,-14.2301],[126.8635,-13.7433],[127.4185,-13.942],[128.2313,-14.7182],[128.0243,-15.4965],[128.5324,-14.7529],[129.1023,-14.9054],[129.1526,-15.2237],[129.2288,-14.8366],[129.7271,-15.1936],[129.6492,-14.8327],[129.9933,-14.725],[129.7627,-14.8196],[129.7894,-14.5317],[129.3729,-14.3293],[129.8913,-13.4377],[130.3323,-13.3464],[130.1299,-12.9405],[130.6929,-12.7006],[130.5784,-12.4008],[130.8999,-12.6398],[131.2962,-12.0439],[132.3875,-12.3803],[132.7576,-12.1334],[132.4954,-11.4762],[131.7676,-11.3108],[131.9856,-11.1292],[135.2176,-12.3008],[135.9004,-11.7592],[135.6521,-12.2033],[136.0535,-12.0644],[136.0339,-12.4659],[136.5722,-11.8964],[136.9837,-12.3455],[136.4717,-12.7739],[136.4723,-13.2424],[136.3329,-13.0469],[135.8834,-13.3258],[136.0779,-13.6627],[135.4696,-14.948],[136.7156,-15.936],[139.0083,-16.8954],[139.2742,-17.3483],[140.5232,-17.6303],[141.4312,-16.0618],[141.5838,-12.9858],[142.0083,-12.7149],[141.5906,-12.5408],[142.033,-12.0412],[142.1511,-10.9506],[142.5462,-10.6877],[142.8623,-11.8368],[143.249,-11.9682],[143.0772,-12.3288],[143.5438,-12.8328],[143.7827,-14.4023],[144.4863,-14.1619],[145.3457,-14.9426],[145.4004,-16.4433],[145.7743,-16.9884],[145.9551,-16.8731],[146.3333,-18.9591],[148.782,-20.2408],[148.937,-20.5349],[148.6602,-20.5722],[149.4872,-21.5359],[149.6633,-22.4938],[150.0467,-22.6453],[150.0536,-22.1415],[150.6091,-22.6105],[150.6775,-22.358],[150.814,-23.5092],[151.7804,-24.0226],[153.2056,-25.935],[153.0383,-27.1935],[153.6306,-28.6616],[153.0595,-31.0772],[152.5399,-32.4421],[151.2307,-33.5349],[150.8447,-35.0772],[150.1909,-35.7268],[149.9854,-37.4959],[147.7576,-37.9851],[146.8477,-38.685],[146.2241,-38.7145],[146.3942,-39.145],[145.3731,-38.5368],[145.4644,-38.2346],[144.9446,-38.5103],[144.6768,-38.3332],[145.1193,-38.1594],[144.9348,-37.8679],[143.537,-38.8583],[142.5025,-38.3744],[141.3945,-38.4016],[139.7949,-37.2687],[139.729,-36.3723],[138.9178,-35.5768],[139.672,-36.2278],[139.0414,-35.6041],[139.3381,-35.6874],[139.363,-35.3769],[138.1074,-35.6207],[138.5506,-34.7819],[138.0781,-34.1284],[137.7495,-35.131],[136.8394,-35.2561],[137.0198,-34.9015],[137.4461,-34.9174],[137.4524,-34.1557],[137.9309,-33.6165],[137.7739,-32.5198],[137.7783,-32.9828],[137.2249,-33.6533],[135.9368,-34.5346],[135.9646,-35.0075],[135.1081,-34.596],[135.5036,-34.6119],[135.2595,-33.998],[134.7062,-33.1729],[134.0687,-32.9293],[134.1483,-32.457],[131.5359,-31.6056]]],[[[128.1589,-15.0903],[128.1868,-15.1902],[128.126,-15.1347],[128.1314,-15.0375],[128.1589,-15.0903]]],[[[128.4162,-14.9562],[128.4407,-15.0388],[128.3582,-14.9563],[128.3538,-14.8692],[128.4162,-14.9562]]],[[[134.8853,-12.0576],[134.9263,-12.0681],[134.908,-12.1179],[134.8853,-12.0576]]],[[[133.4087,-11.5921],[133.4844,-11.602],[133.3602,-11.6603],[133.4087,-11.5921]]],[[[133.4769,-11.4548],[133.511,-11.5032],[133.395,-11.5442],[133.395,-11.489],[133.4769,-11.4548]]],[[[147.9985,-43.2304],[147.2837,-42.7785],[146.927,-43.6117],[146.0242,-43.5525],[146.2295,-43.3198],[145.8318,-43.2926],[145.2655,-42.6043],[145.1887,-42.1957],[145.5581,-42.3416],[144.7498,-41.4142],[144.6986,-40.6603],[146.5856,-41.1801],[148.2093,-40.8408],[148.3643,-42.2044],[148.181,-41.9474],[147.8887,-42.5451],[147.9985,-43.2304]]],[[[158.8934,-54.5108],[158.9624,-54.4693],[158.9556,-54.5512],[158.8805,-54.7457],[158.8382,-54.7504],[158.8934,-54.5108]]],[[[147.4021,-43.1311],[147.4375,-43.2389],[147.3608,-43.2579],[147.3879,-43.1962],[147.2918,-43.153],[147.3542,-43.1394],[147.36,-43.0749],[147.4021,-43.1311]]],[[[148.1419,-42.6038],[148.176,-42.6482],[148.073,-42.6668],[148.1101,-42.7165],[148.0116,-42.7512],[148.0246,-42.6135],[148.1419,-42.6038]]],[[[148.299,-42.3056],[148.3298,-42.3571],[148.2307,-42.2994],[148.299,-42.3056]]],[[[145.0137,-40.6682],[145.0652,-40.7092],[144.8728,-40.716],[144.9305,-40.6153],[145.0137,-40.6682]]],[[[148.114,-40.5242],[148.2511,-40.4894],[148.1942,-40.5963],[148.114,-40.5242]]],[[[144.7909,-40.4212],[144.7424,-40.5925],[144.7083,-40.4894],[144.7909,-40.4212]]],[[[144.9007,-40.4695],[144.8312,-40.428],[144.897,-40.3796],[144.9605,-40.3979],[144.9007,-40.4695]]],[[[148.0149,-40.1506],[147.7577,-39.8793],[147.9533,-39.7117],[148.3338,-40.1747],[148.0149,-40.1506]]],[[[144.1055,-39.893],[143.8865,-40.1065],[143.9446,-39.5789],[144.1055,-39.893]]],[[[146.6268,-38.756],[146.5389,-38.7971],[146.4714,-38.7472],[146.6268,-38.756]]],[[[145.3352,-38.5095],[145.3526,-38.571],[145.2637,-38.5192],[145.113,-38.5305],[145.2793,-38.4516],[145.3352,-38.5095]]],[[[145.4419,-38.3165],[145.4888,-38.3691],[145.3533,-38.4284],[145.2837,-38.4026],[145.2979,-38.2966],[145.4419,-38.3165]]],[[[138.1296,-35.8163],[137.4592,-36.0827],[136.5326,-35.9119],[137.3351,-35.5829],[138.1296,-35.8163]]],[[[136.1736,-35.0113],[136.2059,-35.0714],[136.1621,-35.0655],[136.0861,-34.9482],[136.1736,-35.0113]]],[[[137.3692,-34.4724],[137.3738,-34.4982],[137.3672,-34.5241],[137.3548,-34.538],[137.342,-34.5278],[137.3362,-34.5153],[137.3441,-34.5007],[137.3692,-34.4724]]],[[[134.5464,-33.7122],[134.479,-33.7836],[134.4863,-33.7117],[134.5464,-33.7122]]],[[[133.5657,-32.3212],[133.5794,-32.2597],[133.6755,-32.2394],[133.5657,-32.3212]]],[[[153.4873,-27.4152],[153.5488,-27.4152],[153.4559,-27.7208],[153.4033,-27.7263],[153.398,-27.4931],[153.4341,-27.393],[153.4873,-27.4152]]],[[[153.4115,-27.3395],[153.3605,-27.066],[153.4513,-27.017],[153.4115,-27.3395]]],[[[152.9624,-25.2696],[152.9937,-25.304],[153.0064,-25.3277],[152.9939,-25.3385],[152.9637,-25.2991],[152.9536,-25.2785],[152.9624,-25.2696]]],[[[113.1519,-24.9269],[113.1177,-24.9952],[113.1108,-24.9611],[113.1519,-24.7556],[113.1519,-24.9269]]],[[[153.37,-24.989],[153.0553,-25.7971],[153.1372,-24.8171],[153.37,-24.989]]],[[[151.3723,-23.8202],[151.3626,-23.8718],[151.3333,-23.7502],[151.3723,-23.8202]]],[[[151.2699,-23.6663],[151.2976,-23.7482],[151.2139,-23.7781],[150.9796,-23.4874],[151.0713,-23.4472],[151.1951,-23.5339],[151.2391,-23.4889],[151.2699,-23.6663]]],[[[149.7278,-22.3405],[149.7663,-22.3647],[149.7248,-22.4399],[149.7278,-22.3405]]],[[[150.5366,-22.2753],[150.5558,-22.3063],[150.4823,-22.345],[150.4784,-22.2162],[150.5366,-22.2753]]],[[[149.9165,-22.0419],[149.8885,-22.2268],[149.8694,-22.1423],[149.9165,-22.0419]]],[[[150.2932,-21.7409],[150.3689,-21.7267],[150.3428,-21.7717],[150.2932,-21.7409]]],[[[150.3001,-21.6789],[150.2461,-21.6789],[150.2461,-21.6236],[150.3001,-21.6789]]],[[[115.4645,-20.7302],[115.4081,-20.8537],[115.307,-20.8705],[115.3994,-20.6938],[115.4512,-20.6684],[115.4645,-20.7302]]],[[[149.0941,-20.4182],[149.1151,-20.4797],[149.0531,-20.5281],[149.0941,-20.4182]]],[[[149.0674,-20.3152],[148.927,-20.2873],[148.9849,-20.1515],[149.0674,-20.3152]]],[[[148.9575,-20.1438],[148.9233,-20.1786],[148.8818,-20.1376],[148.9637,-20.0416],[148.9575,-20.1438]]],[[[146.8602,-19.116],[146.867,-19.1638],[146.8201,-19.1751],[146.7803,-19.132],[146.8602,-19.116]]],[[[139.5622,-17.0392],[139.5693,-17.1004],[139.4251,-17.1428],[139.404,-17.1007],[139.4939,-16.9851],[139.5622,-17.0392]]],[[[139.0892,-16.8276],[139.1581,-16.8276],[139.1077,-16.8625],[139.0892,-16.8276]]],[[[136.6704,-15.6632],[136.7119,-15.7035],[136.6636,-15.7786],[136.6157,-15.714],[136.6704,-15.6632]]],[[[136.8006,-15.642],[136.835,-15.6824],[136.78,-15.6729],[136.7908,-15.7223],[136.7318,-15.7444],[136.7318,-15.6489],[136.8006,-15.642]]],[[[137.0779,-15.7512],[137.0729,-15.847],[136.9816,-15.712],[136.9347,-15.7213],[136.9948,-15.5928],[137.0832,-15.6522],[137.0779,-15.7512]]],[[[136.6157,-15.539],[136.5879,-15.6352],[136.4985,-15.6277],[136.5249,-15.5343],[136.6157,-15.539]]],[[[136.8957,-15.5875],[136.8485,-15.6352],[136.8373,-15.5993],[136.8833,-15.4981],[136.8957,-15.5875]]],[[[124.418,-15.2541],[124.452,-15.2647],[124.4317,-15.3087],[124.3362,-15.3001],[124.418,-15.2541]]],[[[124.5757,-15.3329],[124.6502,-15.3951],[124.5492,-15.4363],[124.5178,-15.4133],[124.5825,-15.374],[124.4588,-15.3609],[124.5687,-15.2442],[124.5757,-15.3329]]],[[[124.9282,-14.9736],[124.927,-15.0292],[124.8638,-14.9726],[124.9246,-14.9363],[124.9282,-14.9736]]],[[[135.7668,-14.8682],[135.6872,-14.9029],[135.7278,-14.8345],[135.7668,-14.8682]]],[[[125.1951,-14.4701],[125.2049,-14.593],[125.1375,-14.6476],[125.0916,-14.6186],[125.0964,-14.549],[125.1375,-14.559],[125.1528,-14.4438],[125.1951,-14.4701]]],[[[136.8075,-13.8185],[136.8081,-13.8129],[136.8103,-13.8083],[136.814,-13.8045],[136.8181,-13.8014],[136.8117,-13.8089],[136.8091,-13.8134],[136.8075,-13.8185]]],[[[136.9515,-14.1816],[136.3241,-14.2296],[136.4097,-13.8185],[136.9031,-13.7576],[136.7046,-14.1269],[136.9515,-14.1816]]],[[[136.1359,-13.4348],[136.1178,-13.3622],[136.2031,-13.4612],[136.1546,-13.4729],[136.143,-13.5604],[136.1359,-13.4348]]],[[[132.3875,-12.0719],[132.4058,-12.133],[132.3399,-12.0986],[132.3875,-12.0719]]],[[[136.2902,-11.9757],[136.2693,-12.039],[136.1292,-12.0576],[136.1292,-12.0167],[136.242,-12.0235],[136.2902,-11.9757]]],[[[136.6052,-11.746],[136.5816,-11.7981],[136.5195,-11.7907],[136.6052,-11.746]]],[[[132.6198,-11.6467],[132.6406,-11.6912],[132.5838,-11.7201],[132.5088,-11.6496],[132.6198,-11.6467]]],[[[136.4233,-11.5095],[136.478,-11.4611],[136.4749,-11.506],[136.3757,-11.5921],[136.177,-11.6882],[136.2669,-11.5729],[136.3195,-11.603],[136.4233,-11.5095]]],[[[130.5368,-11.705],[130.0166,-11.777],[130.345,-11.3171],[130.5368,-11.705]]],[[[131.5374,-11.4133],[130.9612,-11.9339],[130.3674,-11.2043],[131.5374,-11.4133]]],[[[136.7637,-11.0401],[136.7165,-11.2062],[136.5353,-11.4432],[136.478,-11.4479],[136.688,-11.1776],[136.7187,-11.0508],[136.7637,-11.0401]]],[[[142.2554,-10.6667],[142.2831,-10.7145],[142.187,-10.7696],[142.1123,-10.6843],[142.1932,-10.5915],[142.2554,-10.6667]]],[[[142.2622,-10.5778],[142.3252,-10.6124],[142.2744,-10.6408],[142.2622,-10.5778]]],[[[142.2935,-10.1389],[142.3342,-10.2005],[142.2898,-10.2602],[142.2212,-10.2421],[142.2144,-10.1533],[142.2935,-10.1389]]],[[[142.1901,-10.081],[142.1429,-10.1856],[142.097,-10.1186],[142.1421,-10.0504],[142.1901,-10.081]]],[[[115.4921,-31.9956],[115.5522,-32.0062],[115.4401,-32.0218],[115.4921,-31.9956]]],[[[113.6796,-28.4522],[113.7495,-28.4276],[113.6933,-28.4835],[113.6796,-28.4522]]],[[[146.6511,-18.7458],[146.5702,-18.7608],[146.5813,-18.6822],[146.6511,-18.7458]]],[[[142.7546,-9.3698],[142.7826,-9.3863],[142.7139,-9.4286],[142.6012,-9.3995],[142.7546,-9.3698]]],[[[142.2069,-9.2402],[142.2791,-9.287],[142.1509,-9.2714],[142.2069,-9.2402]]]]}},{"type":"Feature","properties":{"name":"Greenland","ISO3166-1-Alpha-2":"GL"},"geometry":{"type":"MultiPolygon","coordinates":[[[[-40.8758,65.0965],[-41.1464,64.9535],[-40.3583,64.359],[-41.5675,64.2662],[-40.5609,64.1069],[-40.8417,63.9526],[-40.5264,63.6964],[-41.4881,63.8603],[-40.7428,63.5384],[-41.5828,63.4932],[-41.116,63.3083],[-41.9009,63.4699],[-41.4327,63.1253],[-42.2059,63.1097],[-41.7501,62.8439],[-43.1512,62.7596],[-42.1644,62.3903],[-42.974,62.5248],[-42.2611,62.3146],[-42.5485,61.9515],[-42.1172,62.0067],[-42.8613,61.7839],[-42.2836,61.7283],[-42.4355,61.561],[-43.0829,61.5952],[-42.4181,61.4028],[-43.2481,61.3413],[-42.6305,61.1011],[-43.6112,61.1291],[-42.7062,61.0601],[-43.4818,60.9416],[-42.8011,60.8048],[-43.528,60.841],[-42.7472,60.6902],[-43.2274,60.4709],[-44.1927,60.6431],[-43.1753,60.4001],[-43.0881,60.0994],[-44.1659,60.1732],[-44.1008,60.3874],[-44.5902,59.9891],[-45.1728,60.0876],[-44.4664,60.5673],[-45.1738,60.1336],[-44.6254,60.7375],[-45.8811,60.5184],[-45.255,60.9079],[-46.2051,60.7466],[-45.2588,61.1049],[-46.0328,60.9139],[-45.714,61.3283],[-46.8623,60.8001],[-48.2328,60.8205],[-47.6885,61.0056],[-48.4022,60.9865],[-47.8385,61.0423],[-48.2164,61.1862],[-47.9137,61.3283],[-48.4072,61.134],[-48.6406,61.239],[-48.3401,61.3758],[-49.0658,61.4028],[-48.3458,61.6088],[-49.2986,61.561],[-48.5922,61.6361],[-49.1483,61.7255],[-48.7842,61.9923],[-49.4282,61.8211],[-48.8392,62.0812],[-49.6385,61.9892],[-49.2917,62.2668],[-50.3196,62.5058],[-49.8733,62.89],[-50.2438,62.8524],[-49.7026,63.0613],[-50.3897,62.7922],[-50.1483,63.0202],[-50.6075,63.096],[-50.0594,63.2296],[-51.1011,63.3286],[-50.2786,63.4039],[-51.2233,63.4449],[-50.5045,63.6714],[-51.5597,63.7161],[-50.9229,63.9383],[-51.6204,64.0346],[-50.0452,64.199],[-51.7651,64.1854],[-50.2476,64.4113],[-50.9154,64.603],[-50.4803,64.7129],[-49.5859,64.343],[-50.0629,64.5297],[-49.9974,64.8637],[-50.5597,64.7748],[-50.6895,65.2064],[-50.977,65.2197],[-50.6422,64.7592],[-52.1615,64.2563],[-52.1324,64.7128],[-51.245,65.0214],[-52.1835,64.8023],[-52.0048,65.3162],[-52.567,65.3225],[-51.6881,65.7048],[-50.5524,65.7134],[-51.441,65.7725],[-52.4913,65.3919],[-52.4709,65.6725],[-52.8009,65.5519],[-52.6934,65.8073],[-53.2626,65.7517],[-51.731,66.0759],[-53.472,65.9809],[-51.2834,66.8449],[-49.9974,66.9815],[-51.1747,66.9279],[-53.4509,66.1039],[-53.1219,66.2895],[-53.626,66.2516],[-53.623,66.509],[-52.4162,66.5501],[-53.4578,66.6383],[-52.2319,66.845],[-53.9649,67.0777],[-52.1907,67.3719],[-50.3468,67.187],[-51.1823,67.1454],[-51.5187,67.3651],[-51.1147,67.4265],[-53.8079,67.2069],[-52.7896,67.7501],[-50.1966,67.4675],[-50.8744,67.6047],[-49.9359,67.7003],[-51.0116,67.6252],[-50.265,67.8449],[-51.1877,67.7646],[-51.3679,67.8859],[-51.0389,67.9815],[-52.2319,67.7692],[-51.6066,67.977],[-53.7297,67.5381],[-53.6877,67.8118],[-52.8892,67.9815],[-53.1766,68.0461],[-52.0593,67.9753],[-53.308,68.1865],[-50.1483,67.9479],[-51.4368,68.2012],[-50.9559,68.1893],[-51.3816,68.2558],[-50.848,68.5071],[-52.4451,68.1815],[-53.3895,68.3315],[-50.8621,68.6198],[-50.6547,68.8312],[-51.2921,68.7486],[-51.0799,69.1328],[-50.2217,68.9599],[-50.6895,69.1267],[-50.1619,69.1601],[-50.3667,69.3389],[-51.1151,69.2122],[-50.2029,69.5233],[-50.8806,69.5079],[-50.1892,69.7634],[-50.5933,69.9279],[-50.2373,70.0384],[-52.3207,70.0515],[-54.6302,70.6541],[-52.7906,70.7568],[-50.5666,70.3337],[-50.53,70.5366],[-51.3474,70.5716],[-50.6527,70.6503],[-51.4451,70.7319],[-50.8472,70.8732],[-51.9569,71.0241],[-50.9154,71.0241],[-52.2427,71.1268],[-51.6422,71.3673],[-52.5504,71.1644],[-51.361,71.4937],[-52.9923,71.4213],[-51.6627,71.7298],[-53.266,71.7099],[-52.6832,72.0109],[-53.3643,71.7778],[-53.8488,72.3126],[-53.5539,72.3604],[-53.8702,72.3566],[-53.3989,71.8459],[-54.102,71.7099],[-53.9126,71.4505],[-55.5145,71.4492],[-55.8796,71.704],[-54.3832,72.2232],[-55.2678,71.9273],[-55.5517,72.0382],[-54.6849,72.3672],[-55.6513,72.4504],[-54.2939,72.484],[-55.0106,72.5217],[-54.5266,72.7788],[-54.9244,72.7856],[-54.6029,72.834],[-54.7811,72.9985],[-55.6954,73.0695],[-55.0897,73.3679],[-56.0677,73.653],[-55.6127,73.7211],[-56.4116,74.0673],[-56.1243,74.2796],[-57.3141,74.1027],[-56.1448,74.4919],[-58.7001,75.3485],[-58.2067,75.444],[-58.4059,75.7189],[-63.3673,76.3769],[-65.3545,76.0268],[-67.0471,76.267],[-67.3078,76.164],[-66.4884,75.9099],[-68.4325,76.0794],[-69.6236,76.4172],[-67.9856,76.6841],[-71.3725,77.0583],[-66.3619,77.1162],[-69.1029,77.2744],[-66.2261,77.2525],[-66.6635,77.4178],[-66.1632,77.5686],[-69.2226,77.4529],[-70.2878,77.5754],[-69.5075,77.7604],[-70.6756,77.6802],[-70.0702,77.8578],[-71.3128,77.7698],[-73.0572,78.1583],[-72.4608,78.2886],[-72.8506,78.3153],[-72.5902,78.5212],[-65.7859,79.1383],[-64.8314,79.5272],[-65.0436,80.0239],[-63.7786,80.1519],[-67.0501,80.0612],[-67.4554,80.3425],[-63.655,81.1491],[-62.7799,80.7588],[-63.3235,81.062],[-63.1499,81.2117],[-61.0761,81.1205],[-61.3113,81.3654],[-60.7732,81.4916],[-61.4543,81.745],[-60.5336,81.9127],[-56.5412,81.3359],[-59.4679,82.0028],[-54.4407,82.3727],[-53.557,82.1161],[-53.8079,81.5882],[-53.472,81.5087],[-52.9256,82.0393],[-49.6138,81.6459],[-51.0663,81.9339],[-49.4357,81.9277],[-51.1072,82.5099],[-44.6628,81.7544],[-44.1729,81.8377],[-44.9264,81.9953],[-44.3988,82.1052],[-44.7939,82.192],[-44.5629,82.2934],[-42.3021,82.2151],[-45.7464,82.777],[-42.0482,82.7563],[-41.6147,82.4797],[-41.8981,82.729],[-41.5775,82.7473],[-39.8041,82.3618],[-40.3172,82.7307],[-46.5575,82.8929],[-43.3635,82.9208],[-45.4066,83.1586],[-42.6658,83.2812],[-38.6151,82.746],[-39.0997,83.0037],[-36.881,83.1536],[-38.8617,83.2567],[-37.9157,83.4989],[-32.4907,83.6341],[-25.6496,83.2976],[-33.4398,83.1596],[-32.4905,83.0382],[-35.5515,82.7665],[-25.2214,83.1679],[-24.7537,82.9983],[-25.8727,82.7744],[-23.9331,82.9164],[-21.3395,82.6263],[-23.8867,82.2789],[-31.5821,82.2201],[-29.9432,82.0854],[-32.7897,81.8371],[-24.6199,81.9875],[-26.7038,81.5412],[-26.3872,81.4277],[-21.3276,82.0766],[-21.0246,81.7665],[-21.2568,81.5175],[-23.8647,80.5836],[-19.7082,81.6955],[-18.9839,81.6103],[-19.4606,81.3747],[-17.1468,81.4134],[-15.29,81.8388],[-11.3768,81.476],[-15.4204,80.6484],[-20.8454,80.5574],[-15.7552,80.4194],[-19.4744,80.2602],[-20.4178,79.8485],[-19.2078,79.7085],[-19.6036,79.1799],[-18.8788,79.2251],[-20.9708,78.7789],[-21.2078,78.6329],[-20.8482,78.5926],[-21.9673,77.6792],[-21.5624,77.5532],[-20.9374,77.9737],[-19.1268,77.6837],[-20.9193,77.5091],[-18.5361,77.281],[-18.2588,77.1002],[-18.5112,76.7409],[-20.5134,76.9457],[-22.7442,76.6984],[-21.8052,76.5886],[-22.504,76.4514],[-21.5854,76.4431],[-21.6521,76.2377],[-19.6706,76.1361],[-21.9839,75.9927],[-19.3453,75.7326],[-19.6123,75.6842],[-19.3419,75.4113],[-19.5886,75.1423],[-22.2631,75.6695],[-21.4079,75.4583],[-22.4614,75.5095],[-20.5172,75.1423],[-22.4103,75.1546],[-20.6766,75.0744],[-20.6097,74.7348],[-21.0958,74.6543],[-18.9748,74.4844],[-19.6265,74.2386],[-22.1142,74.5942],[-21.7688,74.4153],[-22.471,74.3137],[-22.0385,74.2517],[-22.477,74.0707],[-21.9887,73.9987],[-21.8271,73.6517],[-21.7847,74.053],[-20.296,73.8861],[-20.5433,73.449],[-22.3141,73.2504],[-24.0328,73.6967],[-22.175,73.6279],[-24.06,73.8203],[-24.4569,73.5414],[-25.6907,73.9575],[-24.7017,73.4975],[-26.1506,73.2409],[-27.3324,73.4981],[-26.397,73.238],[-27.7259,73.1344],[-27.4831,72.9257],[-26.4445,73.1967],[-25.0526,73.0839],[-27.3876,72.8464],[-26.397,72.7713],[-26.7806,72.7167],[-26.307,72.7304],[-26.469,72.577],[-25.2562,72.8112],[-24.6013,72.5522],[-25.9097,72.4225],[-25.2889,72.3906],[-25.5262,72.1276],[-24.5464,72.4234],[-22.5251,71.9154],[-23.1232,71.6319],[-21.8945,71.7435],[-22.5074,71.5522],[-22.4767,71.2643],[-21.7646,71.508],[-21.6065,71.3258],[-21.9634,71.2705],[-21.7157,71.1197],[-22.3334,71.0595],[-21.6968,71.0789],[-21.9286,70.8124],[-21.4768,70.5449],[-22.3812,70.4487],[-22.4792,70.8554],[-22.6326,70.4455],[-23.3454,70.4406],[-24.0663,70.6897],[-24.638,71.3618],[-26.7851,71.5465],[-28.6203,72.1345],[-27.3314,71.7188],[-28.4936,71.5659],[-25.4169,71.2847],[-26.8284,70.9353],[-27.9075,71.1403],[-27.6182,70.9538],[-28.3976,70.9813],[-27.9209,70.8813],[-28.2398,70.5927],[-29.2341,70.4481],[-26.4838,70.4616],[-28.5899,70.0924],[-27.4736,69.9598],[-25.3053,70.4132],[-22.1614,70.0714],[-23.9298,69.756],[-23.6469,69.5643],[-24.3549,69.5996],[-24.1087,69.4172],[-25.191,69.2837],[-25.0775,69.1098],[-26.3256,68.6791],[-29.3776,68.2012],[-29.8527,68.4156],[-30.303,68.2558],[-30.056,68.1118],[-31.5812,68.0765],[-32.4872,68.6239],[-32.0365,67.9268],[-33.2023,67.694],[-33.5374,67.0777],[-34.7154,66.3441],[-35.8326,66.4435],[-35.5863,66.1113],[-37.0138,65.8396],[-37.0797,66.0629],[-37.1846,65.7741],[-37.8542,65.8916],[-37.1697,66.3236],[-37.8524,66.4447],[-38.1405,66.3692],[-37.6898,66.2684],[-37.9983,66.241],[-37.9989,65.9384],[-38.4849,66.0151],[-38.2206,65.6464],[-39.6684,65.6848],[-40.2185,65.508],[-39.7887,65.4122],[-39.9373,65.0965],[-40.8758,65.0965]]],[[[-44.2036,60.1074],[-44.248,60.1291],[-44.2081,60.1753],[-44.1471,60.0959],[-44.0084,60.0466],[-44.1387,60.0413],[-44.2036,60.1074]]],[[[-45.1529,60.3824],[-45.1833,60.2725],[-45.4114,60.1945],[-45.3498,60.3895],[-45.1529,60.3824]]],[[[-45.0561,60.3824],[-45.1322,60.4338],[-45.0021,60.4506],[-45.0561,60.3824]]],[[[-44.9953,60.4131],[-44.9264,60.437],[-45.0084,60.3476],[-45.1182,60.3135],[-44.9953,60.4131]]],[[[-45.9747,60.6697],[-45.7829,60.6629],[-45.9785,60.6233],[-45.9747,60.6697]]],[[[-45.8928,60.6977],[-46.0894,60.6429],[-46.2075,60.6766],[-45.8928,60.6977]]],[[[-46.2764,60.7728],[-46.4204,60.7182],[-46.3453,60.6697],[-46.5023,60.7039],[-46.2764,60.7728]]],[[[-47.3179,60.8131],[-47.2223,60.7864],[-47.3589,60.7927],[-47.3179,60.8131]]],[[[-47.0026,60.807],[-47.0026,60.7728],[-47.051,60.8001],[-47.0026,60.807]]],[[[-47.1944,60.841],[-47.1717,60.8522],[-47.1011,60.8688],[-47.0845,60.8684],[-47.0857,60.8375],[-47.1173,60.8269],[-47.1602,60.8301],[-47.1944,60.841]]],[[[-46.5539,60.7963],[-46.8456,60.7728],[-46.4835,60.8901],[-46.2013,60.9509],[-46.1641,60.9114],[-46.5539,60.7963]]],[[[-46.5297,60.9919],[-46.4272,60.9782],[-46.4263,60.9381],[-46.5166,60.9372],[-46.5297,60.9919]]],[[[-48.1611,61.0571],[-48.3731,61.0812],[-48.1199,61.0881],[-48.0441,61.0676],[-48.1611,61.0571]]],[[[-48.6887,61.3693],[-48.5155,61.3366],[-48.8122,61.3271],[-48.6887,61.3693]]],[[[-49.1648,61.7014],[-49.0865,61.6429],[-49.2166,61.6567],[-49.1648,61.7014]]],[[[-50.6861,63.0991],[-50.6307,63.0937],[-50.6793,63.0237],[-50.7584,63.0681],[-50.6861,63.0991]]],[[[-50.6827,63.1234],[-50.8172,63.0841],[-50.88,63.1384],[-50.772,63.1918],[-50.6827,63.1234]]],[[[-50.4977,63.1745],[-50.4693,63.1474],[-50.6243,63.1165],[-50.6798,63.1485],[-50.5714,63.2128],[-50.4977,63.1745]]],[[[-52.0668,64.1649],[-51.8817,64.1675],[-52.0447,64.1049],[-52.0668,64.1649]]],[[[-51.2993,64.3808],[-51.508,64.4018],[-51.3406,64.4522],[-51.2649,64.5621],[-51.0941,64.5695],[-51.2993,64.3808]]],[[[-43.2065,59.9709],[-43.371,59.9156],[-43.316,60.005],[-43.2065,59.9709]]],[[[-44.0084,59.9914],[-44.1513,59.9029],[-44.1528,59.986],[-44.1927,59.9025],[-44.3404,59.8747],[-44.3988,59.9094],[-44.2001,60.0279],[-44.0084,59.9914]]],[[[-43.3772,59.9914],[-43.3946,59.9388],[-43.515,59.9094],[-43.4693,60.0268],[-43.3717,60.0241],[-43.3772,59.9914]]],[[[-42.7748,60.9025],[-42.6243,60.8957],[-42.6912,60.8711],[-42.9526,60.8758],[-42.7748,60.9025]]],[[[-42.0824,61.8764],[-42.0963,61.8245],[-42.1718,61.8074],[-42.1175,61.7788],[-42.2879,61.7597],[-42.0824,61.8764]]],[[[-42.3021,62.5747],[-42.1601,62.5802],[-42.1234,62.4996],[-42.2644,62.5114],[-42.3021,62.5747]]],[[[-41.918,62.8148],[-41.8155,62.808],[-41.9169,62.7792],[-41.9558,62.8384],[-41.8701,62.8292],[-41.918,62.8148]]],[[[-41.5858,63.0104],[-41.4518,63.0141],[-41.4518,62.9731],[-41.5825,62.8754],[-41.5343,62.9315],[-41.6122,62.9174],[-41.5858,63.0104]]],[[[-41.5275,63.0817],[-41.404,63.1165],[-41.3084,63.0755],[-41.3855,63.0473],[-41.5275,63.0817]]],[[[-41.2121,63.1575],[-41.322,63.1649],[-41.1849,63.1234],[-41.3521,63.1259],[-41.462,63.195],[-41.2121,63.1575]]],[[[-51.2233,63.5137],[-51.3959,63.4665],[-51.3164,63.5299],[-51.2233,63.5137]]],[[[-40.7733,63.6441],[-40.6635,63.6441],[-40.7997,63.6098],[-40.8381,63.6343],[-40.7733,63.6441]]],[[[-40.671,64.2194],[-41.0178,64.2016],[-41.062,64.2338],[-40.8271,64.3138],[-40.6778,64.2952],[-40.7324,64.2338],[-40.671,64.2194]]],[[[-39.5472,65.3193],[-39.5953,65.3162],[-39.5707,65.2871],[-39.4916,65.2883],[-39.5688,65.2755],[-39.8034,65.3346],[-39.7528,65.3769],[-39.5472,65.3193]]],[[[-37.2174,65.5832],[-37.025,65.5521],[-37.1964,65.5353],[-37.2174,65.5832]]],[[[-52.9376,65.6588],[-52.8596,65.6562],[-52.8651,65.6098],[-53.0371,65.5433],[-53.2308,65.6022],[-52.9376,65.6588]]],[[[-36.9363,65.6793],[-36.909,65.6514],[-37.0114,65.6241],[-37.004,65.5877],[-37.2174,65.6862],[-37.0753,65.7341],[-36.9363,65.6793]]],[[[-36.7855,65.8711],[-36.7855,65.7612],[-36.8281,65.7424],[-36.9977,65.8159],[-36.7855,65.8711]]],[[[-36.23,65.9196],[-36.1828,65.8848],[-36.2196,65.8587],[-36.3807,65.837],[-36.374,65.8813],[-36.23,65.9196]]],[[[-36.7507,65.9052],[-36.5043,65.953],[-36.6068,65.8897],[-36.5868,65.8159],[-36.6219,65.7986],[-36.7371,65.8022],[-36.6834,65.8404],[-36.7507,65.9052]]],[[[-35.5515,66.2069],[-35.387,66.2485],[-35.4845,66.1849],[-35.5515,66.2069]]],[[[-33.8657,66.8232],[-33.9523,66.7952],[-33.9757,66.8307],[-33.9176,66.8307],[-33.9051,66.881],[-33.8661,66.859],[-33.9073,66.8307],[-33.8657,66.8232]]],[[[-33.4753,67.187],[-33.3381,67.2069],[-33.4499,67.1415],[-33.4753,67.187]]],[[[-33.2494,67.3577],[-33.2561,67.2978],[-33.3313,67.3378],[-33.2494,67.3577]]],[[[-29.7127,68.2217],[-29.7159,68.1763],[-29.8673,68.143],[-30.0144,68.2143],[-29.7127,68.2217]]],[[[-53.0981,68.4544],[-52.9718,68.4408],[-53.0506,68.4786],[-52.9923,68.4954],[-52.8545,68.424],[-53.0918,68.361],[-53.225,68.4339],[-53.0981,68.4544]]],[[[-51.8341,68.6052],[-51.859,68.6066],[-51.8863,68.6048],[-51.8639,68.6121],[-51.8446,68.6088],[-51.8341,68.6052]]],[[[-52.3511,68.6425],[-53.1219,68.5711],[-53.0257,68.6425],[-52.6496,68.7151],[-52.1283,68.7077],[-52.3511,68.6425]]],[[[-51.2233,69.9143],[-50.6619,69.8351],[-51.1675,69.5119],[-51.385,69.7119],[-51.0048,69.8869],[-51.2233,69.9143]]],[[[-52.9029,69.3451],[-53.8446,69.265],[-54.246,69.4481],[-53.3491,69.5854],[-54.9927,69.702],[-54.2249,69.9205],[-54.7408,70.2545],[-53.4903,70.2425],[-51.8375,69.6436],[-52.9029,69.3451]]],[[[-54.719,70.3798],[-54.9265,70.3747],[-55.0275,70.4863],[-54.7987,70.458],[-54.6644,70.4009],[-54.719,70.3798]]],[[[-51.6631,70.723],[-51.5051,70.6746],[-51.5338,70.655],[-51.8613,70.723],[-51.6631,70.723]]],[[[-51.8166,70.9421],[-51.5658,70.8797],[-51.6312,70.8478],[-52.1614,70.8917],[-52.0645,70.9786],[-51.8166,70.9421]]],[[[-53.8966,71.0825],[-53.9857,71.1177],[-53.954,71.1706],[-53.6118,71.3217],[-53.3821,71.1366],[-53.5124,71.0377],[-53.8966,71.0825]]],[[[-53.2939,71.5386],[-53.4372,71.5585],[-53.4783,71.6553],[-53.4372,71.6684],[-52.7595,71.6615],[-53.0736,71.5866],[-53.1125,71.541],[-53.2939,71.5386]]],[[[-55.6869,71.9172],[-55.411,71.8942],[-55.6098,71.8214],[-55.8083,71.8813],[-55.6869,71.9172]]],[[[-55.6097,73.036],[-55.0685,72.9569],[-55.2997,72.9222],[-55.3558,72.9985],[-55.525,72.9532],[-55.6923,72.9985],[-55.6097,73.036]]],[[[-56.5182,74.4948],[-57.5562,74.498],[-56.7129,74.5607],[-56.4669,74.5124],[-56.5182,74.4948]]],[[[-69.4967,76.5923],[-69.6777,76.5338],[-70.0345,76.5681],[-69.4967,76.5923]]],[[[-71.5763,77.3904],[-71.3435,77.3769],[-71.5675,77.331],[-72.1318,77.3216],[-72.5768,77.4116],[-72.2342,77.4587],[-71.5763,77.3904]]],[[[-70.3566,77.4178],[-70.055,77.4041],[-70.2455,77.3858],[-71.0799,77.3778],[-71.3026,77.4525],[-70.8987,77.4735],[-70.3566,77.4178]]],[[[-44.5292,82.4138],[-45.035,82.0593],[-47.7499,82.6253],[-44.5292,82.4138]]],[[[-47.8522,82.7836],[-48.3309,82.7919],[-48.4128,82.8528],[-48.2872,82.8966],[-47.5067,82.8284],[-47.442,82.811],[-47.5334,82.7839],[-47.8522,82.7836]]],[[[-39.4376,83.1052],[-39.2889,83.0924],[-39.3477,83.0508],[-39.6665,82.9955],[-40.3599,83.0849],[-40.5466,83.1624],[-39.4376,83.1052]]],[[[-40.1033,83.0561],[-39.8622,82.9822],[-40.7037,83.0288],[-41.4866,83.1679],[-40.8581,83.1726],[-40.4867,83.0769],[-40.1033,83.0561]]],[[[-38.8343,83.174],[-38.6426,83.1188],[-38.9173,83.1096],[-40.6673,83.3026],[-40.5658,83.3473],[-40.4034,83.3386],[-40.4874,83.3659],[-38.8343,83.174]]],[[[-23.4397,69.743],[-23.2986,69.7429],[-23.224,69.671],[-23.5445,69.6757],[-23.5934,69.715],[-23.4397,69.743]]],[[[-26.2083,70.5654],[-26.0742,70.5238],[-26.1016,70.4897],[-26.2655,70.4564],[-26.3827,70.4897],[-26.3827,70.5238],[-26.2083,70.5654]]],[[[-27.7191,70.7398],[-27.76,70.8581],[-27.7228,70.8886],[-27.2399,70.8944],[-27.3696,70.818],[-27.7191,70.7398]]],[[[-25.3173,70.747],[-28.1374,70.4595],[-25.7038,71.0858],[-25.3173,70.747]]],[[[-25.5619,71.1072],[-25.3412,71.0787],[-25.3756,71.0561],[-25.3077,71.0173],[-25.5619,71.1072]]],[[[-21.9491,72.4287],[-22.7601,72.4411],[-22.0453,72.2717],[-22.5249,72.1348],[-24.0635,72.4453],[-24.4853,72.8266],[-23.137,72.84],[-21.9491,72.4287]]],[[[-24.7999,72.916],[-24.8825,72.8675],[-24.9014,72.782],[-25.3207,72.847],[-24.7999,72.916]]],[[[-21.9286,72.7378],[-24.5869,72.9504],[-23.2383,73.0753],[-21.9286,72.7378]]],[[[-21.3259,73.1481],[-21.1683,73.1344],[-21.3967,73.0998],[-21.4625,73.1214],[-21.3259,73.1481]]],[[[-24.5243,73.0479],[-25.7073,73.1847],[-25.2435,73.4111],[-22.8924,73.158],[-24.5243,73.0479]]],[[[-20.3527,74.2517],[-21.987,74.2482],[-21.2471,74.4571],[-20.3527,74.2517]]],[[[-18.7352,74.6325],[-18.7362,74.5727],[-18.8234,74.5473],[-19.1735,74.5452],[-19.2218,74.5875],[-18.9049,74.6755],[-18.7352,74.6325]]],[[[-18.3715,74.7116],[-18.3038,74.7116],[-18.3789,74.6905],[-18.3241,74.6363],[-18.4826,74.6292],[-18.5912,74.7253],[-18.3715,74.7116]]],[[[-19.81,74.8909],[-20.6807,74.8209],[-20.3391,75.0542],[-19.81,74.8909]]],[[[-17.317,75.1361],[-18.8926,74.9992],[-18.9481,75.3342],[-17.317,75.1361]]],[[[-18.5503,76.0541],[-19.0727,76.7343],[-18.6734,76.6555],[-18.5503,76.0541]]],[[[-18.0065,77.6369],[-18.2672,77.6567],[-17.9938,77.7722],[-17.9281,77.8572],[-17.7027,77.8802],[-17.6173,77.8066],[-17.8089,77.6555],[-18.0065,77.6369]]],[[[-21.3815,77.8643],[-21.4056,77.8934],[-21.333,77.9459],[-21.0864,77.9845],[-21.2434,77.8757],[-21.3815,77.8643]]],[[[-19.318,77.8833],[-19.2355,77.8287],[-19.3085,77.8037],[-20.4899,77.9597],[-19.9957,77.9999],[-19.7467,77.8944],[-19.318,77.8833]]],[[[-20.3795,78.1361],[-20.8146,78.175],[-20.4676,78.2495],[-20.3465,78.1829],[-20.3795,78.1361]]],[[[-19.4451,78.2],[-19.6476,78.2648],[-19.6464,78.3508],[-19.4416,78.2928],[-19.3524,78.2148],[-19.4451,78.2]]],[[[-18.9178,78.4435],[-18.8937,78.2104],[-19.2711,78.2307],[-18.9178,78.4435]]],[[[-18.2349,78.6169],[-18.5098,78.5256],[-18.6527,78.5555],[-18.392,78.6364],[-18.2349,78.6169]]],[[[-18.2052,78.7368],[-18.2399,78.7851],[-18.1618,78.8293],[-18.0003,78.7658],[-18.2052,78.6958],[-18.2052,78.7368]]],[[[-19.1244,78.7107],[-19.6107,78.77],[-19.0757,78.9311],[-19.1244,78.7107]]],[[[-18.7643,79.9733],[-17.261,80.0036],[-18.4852,79.6861],[-19.4142,79.8481],[-18.7643,79.9733]]],[[[-19.5229,80.0303],[-19.7041,80.0576],[-19.6284,80.0855],[-19.5924,80.16],[-19.3499,80.2132],[-18.703,80.1265],[-19.5229,80.0303]]],[[[-17.7328,81.5956],[-18.2815,81.7185],[-17.7938,81.7462],[-17.3356,81.6086],[-17.7328,81.5956]]],[[[-19.4596,81.9532],[-19.6349,82.0146],[-19.6582,82.0941],[-19.3612,82.1128],[-19.0914,82.0427],[-18.6309,81.8197],[-19.045,81.8251],[-19.4596,81.9532]]],[[[-66.7756,80.5986],[-66.9827,80.6716],[-66.588,80.6198],[-66.7756,80.5986]]]]}},{"type":"Feature","properties":{"name":"Fiji","ISO3166-1-Alpha-2":"FJ"},"geometry":{"type":"MultiPolygon","coordinates":[[[[-180,-16.5411],[-179.9914,-16.4758],[-179.8977,-16.4298],[-180,-16.5411]]],[[[-180,-16.9641],[-180,-16.7867],[-179.8641,-16.6813],[-179.8157,-16.7722],[-180,-16.9641]]],[[[180,-16.7853],[180,-16.9628],[179.9175,-16.9988],[179.8953,-16.9391],[180,-16.7853]]],[[[180,-16.1491],[179.4787,-16.6972],[179.9395,-16.4633],[179.9107,-16.766],[179.2664,-16.6899],[178.7339,-17.007],[178.4856,-16.7934],[180,-16.1491]]],[[[-178.5886,-19.1228],[-178.537,-19.1772],[-178.6003,-19.1477],[-178.5538,-19.1091],[-178.5886,-19.1228]]],[[[-178.9722,-18.9651],[-178.9436,-18.9264],[-178.931,-18.9714],[-178.9722,-18.9651]]],[[[-179.8631,-18.9658],[-179.8497,-18.9234],[-179.7872,-18.9553],[-179.8082,-18.9864],[-179.8378,-18.9488],[-179.8583,-19.006],[-179.8631,-18.9658]]],[[[-178.7667,-18.1913],[-178.7633,-18.2459],[-178.8454,-18.2174],[-178.7667,-18.1913]]],[[[-179.0503,-17.956],[-179.0279,-18.003],[-179.0693,-17.9893],[-179.0503,-17.956]]],[[[-178.2932,-17.8827],[-178.2486,-17.9526],[-178.3523,-17.9457],[-178.3379,-17.886],[-178.2932,-17.8827]]],[[[-178.9647,-17.1769],[-178.9107,-17.2145],[-178.9858,-17.3136],[-178.9583,-17.2114],[-179.02,-17.1491],[-178.9647,-17.1769]]],[[[179.7775,-19.1228],[179.802,-19.1843],[179.7459,-19.1901],[179.7775,-19.1228]]],[[[178.5265,-18.8766],[178.5083,-18.9264],[178.4719,-18.9072],[178.5265,-18.8766]]],[[[179.9434,-18.5563],[179.8828,-18.6625],[179.8307,-18.5893],[179.9434,-18.5563]]],[[[177.6488,-18.4929],[177.6631,-18.5885],[177.619,-18.5119],[177.6488,-18.4929]]],[[[179.3455,-17.9988],[179.3503,-18.1188],[179.2669,-17.9988],[179.2541,-18.0392],[179.2328,-17.9448],[179.2974,-17.9379],[179.3455,-17.9988]]],[[[179.4308,-17.794],[179.4226,-17.8505],[179.3918,-17.7931],[179.4308,-17.794]]],[[[178.7764,-17.6288],[178.8355,-17.6932],[178.7681,-17.7472],[178.7394,-17.6733],[178.7764,-17.6288]]],[[[178.7114,-17.992],[177.8941,-18.2731],[177.2516,-17.9522],[177.5151,-17.5051],[178.1901,-17.3006],[178.7114,-17.992]]],[[[177.0939,-17.2453],[177.1629,-17.2658],[177.1118,-17.3103],[177.0939,-17.2453]]],[[[179.4519,-17.2903],[179.3909,-17.3963],[179.3713,-17.2599],[179.4378,-17.2418],[179.4519,-17.2903]]],[[[177.2721,-17.0808],[177.176,-17.1633],[177.2183,-17.0738],[177.2721,-17.0808]]],[[[177.4437,-16.8679],[177.3954,-16.9368],[177.3958,-16.8661],[177.4437,-16.8679]]],[[[178.334,-16.7934],[178.2902,-16.8344],[178.28,-16.7867],[178.334,-16.7934]]],[[[177.5607,-16.6769],[177.5803,-16.7284],[177.4297,-16.8344],[177.5607,-16.6769]]],[[[-178.2268,-19.84],[-178.2305,-19.8352],[-178.229,-19.829],[-178.2236,-19.8222],[-178.2161,-19.8152],[-178.2176,-19.8219],[-178.22,-19.8279],[-178.2268,-19.84]]],[[[-179.3226,-17.7702],[-179.2981,-17.7232],[-179.2808,-17.7602],[-179.3226,-17.7702]]]]}},{"type":"Feature","properties":{"name":"New Zealand","ISO3166-1-Alpha-2":"NZ"},"geometry":{"type":"MultiPolygon","coordinates":[[[[166.137,-50.8644],[166.2123,-50.8902],[165.9855,-50.9044],[165.9241,-50.8513],[166.137,-50.8644]]],[[[169.2504,-52.5203],[169.1953,-52.6003],[169.0154,-52.5427],[169.1136,-52.5465],[169.1863,-52.4692],[169.2504,-52.5203]]],[[[166.2434,-50.6008],[166.2401,-50.851],[165.8967,-50.8513],[166.2434,-50.6008]]],[[[178.839,-49.6292],[178.8221,-49.7198],[178.719,-49.7001],[178.7708,-49.6272],[178.839,-49.6292]]],[[[-176.1453,-44.2481],[-176.1139,-44.2651],[-176.219,-44.3412],[-176.2361,-44.242],[-176.1453,-44.2481]]],[[[-176.382,-43.8986],[-176.5354,-43.7556],[-176.3,-44.0426],[-176.5815,-44.1231],[-176.5662,-43.8378],[-176.855,-43.8201],[-176.382,-43.8986]]],[[[-177.9095,-29.2786],[-177.958,-29.2228],[-177.8654,-29.2512],[-177.8481,-29.2786],[-177.9095,-29.2786]]],[[[166.6372,-47.9936],[166.6372,-48.0624],[166.5684,-48.0419],[166.6372,-47.9936]]],[[[168.59,-46.7324],[168.5632,-46.8012],[168.5422,-46.7597],[168.59,-46.7324]]],[[[168.1995,-47.0476],[167.521,-47.273],[167.7874,-46.6972],[168.1995,-47.0476]]],[[[166.7114,-45.6163],[166.7393,-45.728],[166.6501,-45.7392],[166.6231,-45.6583],[166.5062,-45.7249],[166.5667,-45.6371],[166.7114,-45.6163]]],[[[166.9736,-45.1633],[167.0344,-45.3005],[166.8933,-45.2434],[166.9736,-45.1633]]],[[[174.3809,-41.1064],[174.3809,-41.1951],[174.1973,-41.2301],[174.3512,-41.1755],[174.3257,-41.1269],[174.3809,-41.1064]]],[[[172.7487,-43.2797],[172.6814,-43.6393],[173.0929,-43.8542],[172.4173,-43.7375],[171.346,-44.2786],[170.5568,-45.8963],[170.7786,-45.8762],[169.7041,-46.549],[168.3781,-46.6198],[167.59,-46.1596],[166.762,-46.22],[166.9525,-45.944],[166.6161,-46.0881],[166.7439,-45.8609],[166.4748,-45.996],[167.0208,-45.6977],[166.7743,-45.7188],[167.0549,-45.4916],[166.7146,-45.5756],[166.8255,-45.3172],[167.2057,-45.4786],[167.0121,-45.1329],[167.9326,-44.697],[168.3709,-44.0392],[170.8584,-42.8434],[172.5959,-40.5278],[172.9968,-40.5242],[172.6604,-40.6477],[173.0173,-40.7973],[173.1039,-41.3078],[174.3264,-41.0094],[173.9352,-41.2796],[174.3257,-41.2162],[174.0506,-41.4369],[174.2864,-41.7546],[172.7487,-43.2797]]],[[[175.1686,-36.7411],[175.2152,-36.7585],[175.1826,-36.825],[175.0117,-36.8027],[175.0183,-36.7615],[175.106,-36.7819],[175.1686,-36.7411]]],[[[174.8533,-36.3917],[174.906,-36.4492],[174.8455,-36.4485],[174.8533,-36.3917]]],[[[175.1345,-36.176],[175.155,-36.2136],[175.1004,-36.2278],[175.1345,-36.176]]],[[[176.9537,-39.6075],[175.9668,-41.247],[175.2375,-41.6203],[174.6094,-41.2919],[175.1413,-40.6744],[175.1838,-40.1345],[173.7593,-39.3014],[174.594,-38.8186],[174.9771,-37.7499],[174.5583,-37.0628],[174.9484,-37.1017],[174.5003,-37.0322],[174.1823,-36.4532],[174.4314,-36.6656],[174.271,-36.3377],[174.5249,-36.2415],[173.908,-35.8703],[174.0798,-36.3995],[173.4072,-35.5712],[173.6609,-35.3129],[173.37,-35.5165],[172.7028,-34.4118],[173.0793,-34.4117],[172.9075,-34.5414],[173.2666,-35.0077],[173.4441,-34.7963],[174.1511,-35.3697],[174.353,-35.1994],[174.6068,-35.8435],[174.3527,-35.842],[174.8805,-36.3513],[174.6802,-36.9074],[175.6095,-37.2516],[175.5322,-36.5077],[175.8517,-36.7184],[175.9972,-37.6318],[177.131,-38.0217],[177.992,-37.5431],[178.5505,-37.6806],[177.912,-39.256],[177.4133,-39.059],[176.9537,-39.6075]]]]}},{"type":"Feature","properties":{"name":"New Caledonia","ISO3166-1-Alpha-2":"NC"},"geometry":{"type":"MultiPolygon","coordinates":[[[[163.9851,-20.0476],[163.9471,-20.066],[163.9497,-20.0022],[163.9851,-20.0476]]],[[[167.521,-22.5696],[167.5552,-22.6384],[167.521,-22.6037],[167.5073,-22.6707],[167.4187,-22.6453],[167.4323,-22.5422],[167.521,-22.5696]]],[[[166.8018,-22.3989],[166.8434,-22.4244],[166.8018,-22.4631],[166.7708,-22.4506],[166.8018,-22.3989]]],[[[168.1375,-21.4318],[167.9929,-21.655],[167.8084,-21.384],[168.1375,-21.4318]]],[[[167.4323,-21.0278],[167.1201,-21.0519],[167.0588,-20.716],[167.4323,-21.0278]]],[[[167.0344,-22.2375],[166.4367,-22.308],[164.9514,-21.3538],[163.992,-20.0831],[167.0344,-22.2375]]],[[[164.2246,-20.1376],[164.1692,-20.1233],[164.1637,-20.0619],[164.2246,-20.1376]]],[[[163.6828,-19.7398],[163.6697,-19.7877],[163.6218,-19.6237],[163.6828,-19.7398]]],[[[171.3406,-22.3448],[171.3438,-22.3463],[171.3419,-22.3492],[171.339,-22.3477],[171.3406,-22.3448]]]]}},{"type":"Feature","properties":{"name":"Madagascar","ISO3166-1-Alpha-2":"MG"},"geometry":{"type":"MultiPolygon","coordinates":[[[[44.2547,-20.3761],[44.4797,-19.484],[43.924,-17.5465],[44.4447,-16.1957],[46.1442,-15.7037],[46.4688,-15.9567],[46.3327,-15.6301],[46.9495,-15.1984],[46.9583,-15.5496],[47.2321,-15.4333],[47.0559,-15.1936],[47.4448,-14.6716],[47.4277,-15.1076],[47.7971,-14.5663],[48.0003,-14.7623],[47.7015,-14.4464],[47.9201,-14.086],[48.0339,-14.2624],[47.9043,-13.6032],[48.2987,-13.7983],[48.4823,-13.3604],[48.7801,-13.3839],[48.9553,-12.8117],[48.73,-12.435],[49.2781,-11.9477],[49.9421,-13.0339],[50.4834,-15.4435],[50.1681,-15.9846],[49.9011,-15.4223],[49.6384,-15.5446],[49.8403,-16.8276],[49.4313,-17.2839],[49.4408,-18.1542],[47.1262,-24.9343],[45.1626,-25.5986],[44.0288,-24.999],[43.2229,-22.2548],[43.5075,-21.3095],[44.2547,-20.3761]]],[[[49.9558,-16.7797],[50.0199,-16.7145],[49.8262,-17.0944],[49.8573,-16.9197],[49.9558,-16.7797]]],[[[48.332,-13.3604],[48.3496,-13.4124],[48.2246,-13.4005],[48.1887,-13.2643],[48.2692,-13.2683],[48.2693,-13.2011],[48.3184,-13.2003],[48.332,-13.3604]]]]}},{"type":"Feature","properties":{"name":"Philippines","ISO3166-1-Alpha-2":"PH"},"geometry":{"type":"MultiPolygon","coordinates":[[[[120.8607,5.5744],[120.8978,5.4985],[120.8237,5.5336],[120.8607,5.5744]]],[[[121.9024,6.0336],[121.8577,6.0023],[121.7766,6.0774],[121.9024,6.0336]]],[[[125.7913,6.9482],[125.7678,6.8989],[125.6741,7.0702],[125.7158,7.1959],[125.7819,7.1352],[125.7913,6.9482]]],[[[122.9717,7.3836],[122.8421,7.2943],[122.8005,7.3209],[122.8284,7.4308],[122.883,7.3973],[122.905,7.4377],[122.9717,7.3836]]],[[[125.9902,9.6857],[125.947,9.5662],[125.9348,9.7599],[125.9902,9.6857]]],[[[126.5692,7.3011],[126.3396,6.7865],[126.1721,6.9039],[126.2002,6.2832],[125.8532,7.336],[125.6683,7.257],[125.3776,6.6742],[125.6992,6.0405],[125.3713,5.5729],[125.2507,6.0931],[124.9636,5.8586],[124.2017,6.2217],[123.9652,6.8323],[124.2468,7.4041],[123.7039,7.8094],[123.4447,7.8013],[123.431,7.3687],[122.6187,7.7741],[122.1545,6.9281],[121.8989,7.0572],[122.2517,7.9801],[122.9453,8.1619],[123.3971,8.7232],[123.8447,8.4522],[123.6764,7.9634],[124.4058,8.6079],[124.7532,8.5002],[124.8094,9.0095],[125.5166,9.0159],[125.4595,9.8229],[126.2199,9.3056],[126.1105,8.6071],[126.4053,8.4926],[126.5692,7.3011]]],[[[125.2951,9.9706],[125.2739,9.9191],[125.1458,10.0707],[125.1375,10.1655],[125.2293,10.1212],[125.2951,9.9706]]],[[[124.3797,10.6913],[124.3784,10.6283],[124.2844,10.6038],[124.3276,10.704],[124.3797,10.6913]]],[[[124.4658,10.7136],[124.5088,10.6415],[124.4092,10.6483],[124.4658,10.7136]]],[[[125.822,10.7347],[125.7694,10.7004],[125.6841,10.7528],[125.6873,10.8052],[125.822,10.7347]]],[[[119.6321,11.0699],[119.648,11.0153],[119.6131,11.0084],[119.5798,11.0978],[119.6321,11.0699]]],[[[124.5996,11.5634],[124.6091,11.4866],[124.4727,11.4739],[124.3491,11.6801],[124.5232,11.6863],[124.5996,11.5634]]],[[[124.8152,11.6323],[124.846,11.5488],[124.7879,11.5702],[124.7327,11.7216],[124.8152,11.6323]]],[[[122.2972,18.4039],[122.1358,17.7373],[122.5291,17.0905],[121.3911,15.2663],[121.9363,13.9952],[122.2319,13.9064],[122.1629,14.1678],[122.6799,14.3505],[123.1082,13.7221],[123.3318,14.0995],[123.9378,13.784],[123.5266,13.606],[123.7458,13.0642],[124.1846,13.0573],[124.0549,12.5373],[123.7936,12.8314],[124.0252,12.9553],[123.3101,13.0124],[122.5369,13.9611],[122.5881,13.174],[121.7249,13.9691],[121.2788,13.595],[120.6497,13.7842],[120.9431,14.6535],[120.5857,14.9028],[120.4021,14.4558],[119.8882,15.429],[119.8019,16.3579],[120.4021,16.1655],[120.5702,18.5018],[122.2972,18.4039]]],[[[120.5881,6.3808],[120.5773,6.2515],[120.4946,6.2493],[120.5881,6.3808]]],[[[122.2967,6.6332],[121.9622,6.4049],[121.8068,6.6193],[122.2967,6.6332]]],[[[118.5376,7.0063],[118.5031,6.9714],[118.4273,7.0182],[118.5103,7.0472],[118.5376,7.0063]]],[[[117.085,8.0578],[117.0868,7.8721],[117.0099,7.8003],[116.9558,7.9211],[116.9617,8.062],[116.9822,8.0273],[117.085,8.0578]]],[[[117.0305,8.0683],[116.9959,8.103],[117.0454,8.1358],[117.0681,8.0862],[117.0305,8.0683]]],[[[117.3255,8.3227],[117.3595,8.2191],[117.2897,8.1843],[117.2796,8.3111],[117.3255,8.3227]]],[[[124.7842,9.1998],[124.7702,9.0774],[124.6365,9.1824],[124.7085,9.2502],[124.7842,9.1998]]],[[[123.698,9.165],[123.6323,9.0983],[123.4712,9.1855],[123.6421,9.2936],[123.7039,9.2333],[123.698,9.165]]],[[[124.5653,9.8708],[124.2942,9.6068],[123.801,9.7578],[124.2227,10.1519],[124.5653,9.8708]]],[[[123.5745,10.831],[123.1567,9.8676],[123.3176,9.2569],[123.0332,9.0353],[122.3952,9.8428],[122.8728,10.1004],[122.9938,10.9067],[123.5745,10.831]]],[[[124.0474,10.8341],[123.3276,9.4081],[123.9588,11.1759],[124.0474,10.8341]]],[[[123.801,11.1791],[123.815,11.148],[123.7337,11.1543],[123.7048,11.2412],[123.7458,11.2925],[123.801,11.1791]]],[[[119.6719,10.5526],[117.1908,8.3383],[119.2781,10.5082],[119.2225,10.9417],[119.4675,10.7327],[119.4911,11.4209],[119.6719,10.5526]]],[[[125.2739,10.3232],[124.991,10.3813],[125.0317,10.0203],[124.7804,10.1519],[124.7788,10.8214],[124.396,10.9341],[124.3006,11.5429],[124.9763,11.392],[125.2739,10.3232]]],[[[123.1704,11.4808],[122.7448,10.7956],[121.9497,10.4332],[122.1072,11.6579],[121.8968,11.8938],[123.1704,11.4808]]],[[[120.3475,12.0295],[120.0011,12.0112],[119.885,12.3227],[120.3475,12.0295]]],[[[122.6875,12.4028],[122.6118,12.2765],[122.4319,12.4097],[122.423,12.4629],[122.6321,12.4845],[122.6875,12.4028]]],[[[125.7127,11.1487],[125.001,11.2898],[125.0437,11.7578],[124.2835,12.5706],[125.2721,12.499],[125.7127,11.1487]]],[[[124.0549,11.7998],[123.4854,12.2181],[123.1597,11.9178],[123.2347,12.5928],[124.0549,11.7998]]],[[[122.2796,12.6055],[122.3113,12.5367],[122.2796,12.4745],[122.2456,12.5707],[122.2796,12.6055]]],[[[123.7874,12.3756],[123.5832,12.6239],[123.6092,12.6874],[123.7327,12.5913],[123.7874,12.3756]]],[[[121.5261,12.7045],[121.1136,12.2513],[120.3215,13.4878],[121.1971,13.4409],[121.5261,12.7045]]],[[[120.2609,13.7116],[120.2643,13.6737],[120.1082,13.7768],[120.0857,13.8608],[120.2376,13.8046],[120.2609,13.7116]]],[[[124.418,13.873],[124.3347,13.5576],[124.0474,13.606],[124.1369,14.0784],[124.418,13.873]]],[[[122.1047,14.1026],[122.1834,14.0306],[122.1361,14.0192],[121.9266,14.2213],[122.1047,14.1026]]],[[[122.2354,14.7978],[122.2422,14.7363],[122.1057,14.8439],[122.2354,14.7978]]],[[[121.3884,18.903],[121.4778,18.8819],[121.4314,18.8561],[121.2791,18.862],[121.3884,18.903]]],[[[121.9712,18.9849],[121.9891,18.9491],[121.8342,18.8343],[121.8926,18.9965],[121.9712,18.9849]]],[[[121.2109,19.1767],[121.245,19.0185],[121.1903,19.0873],[121.2109,19.1767]]],[[[121.5261,19.3207],[121.5467,19.2829],[121.4983,19.2593],[121.3508,19.3759],[121.5166,19.3935],[121.5261,19.3207]]],[[[121.9773,19.5774],[121.978,19.4988],[121.8982,19.5368],[121.9773,19.5774]]],[[[121.8416,20.346],[121.8932,20.3137],[121.8693,20.2762],[121.8416,20.346]]],[[[122.0098,20.4885],[121.9712,20.3685],[121.9221,20.3542],[122.0098,20.4885]]],[[[121.8772,20.7703],[121.7864,20.7031],[121.8459,20.8314],[121.8772,20.7703]]],[[[119.4832,4.8509],[119.5036,4.7642],[119.4566,4.6557],[119.4354,4.9028],[119.4832,4.8509]]],[[[121.2175,5.8207],[121.135,5.8071],[121.1629,5.848],[121.2175,5.8207]]],[[[121.6289,6.6574],[121.6164,6.5614],[121.5825,6.6317],[121.6289,6.6574]]],[[[121.0945,10.8958],[121.0872,10.8235],[121.0176,10.8341],[121.0945,10.8958]]],[[[120.2852,11.9302],[120.2679,11.8162],[120.2033,11.9476],[120.2679,11.9681],[120.2852,11.9302]]],[[[121.4064,12.0624],[121.4138,12.0146],[121.3718,12.0111],[121.3587,12.1147],[121.4064,12.0624]]],[[[119.9597,8.8806],[119.9606,8.8771],[119.9583,8.8772],[119.9597,8.8806]]],[[[119.9692,8.8809],[119.9683,8.8841],[119.9719,8.8824],[119.9714,8.8809],[119.9692,8.8809]]],[[[121.9367,21.0656],[121.9297,21.0645],[121.9348,21.0732],[121.9367,21.0656]]],[[[121.9474,21.1162],[121.9507,21.1224],[121.9543,21.1184],[121.9491,21.1069],[121.9474,21.1162]]],[[[119.8309,4.8209],[119.8538,4.8083],[119.8577,4.7986],[119.8498,4.7969],[119.834,4.7966],[119.8193,4.8039],[119.8123,4.8168],[119.8309,4.8209]]],[[[119.7966,5.0576],[119.7458,5.044],[119.7983,5.121],[119.7966,5.0576]]],[[[125.4187,5.4255],[125.4187,5.3685],[125.3342,5.3877],[125.4187,5.4255]]],[[[120.9043,5.7591],[120.9162,5.7532],[120.9294,5.7332],[120.9243,5.7117],[120.9099,5.7],[120.8909,5.7098],[120.8923,5.7414],[120.9043,5.7591]]],[[[123.8413,9.6424],[123.8683,9.6205],[123.8045,9.5603],[123.7263,9.587],[123.8413,9.6424]]],[[[124.6069,10.1403],[124.5296,10.0685],[124.5218,10.112],[124.6069,10.1403]]],[[[121.4741,11.8668],[121.5261,11.8466],[121.4954,11.8278],[121.4126,11.8403],[121.4741,11.8668]]],[[[121.116,12.1968],[121.1189,12.1581],[121.0516,12.2209],[121.0599,12.2784],[121.116,12.1968]]],[[[124.1486,13.1858],[124.0656,13.2108],[124.1787,13.223],[124.2092,13.1782],[124.1486,13.1858]]],[[[124.0863,13.2604],[124.0254,13.222],[123.9124,13.2886],[124.0863,13.2604]]],[[[123.8903,13.2741],[123.8843,13.2299],[123.846,13.2703],[123.8489,13.3542],[123.9221,13.33],[123.8903,13.2741]]],[[[123.8015,13.366],[123.7717,13.4035],[123.8429,13.3718],[123.8015,13.366]]],[[[122.4118,14.7258],[122.3978,14.6859],[122.3193,14.6835],[122.4118,14.7258]]],[[[120.0051,16.2686],[119.9929,16.2302],[119.9224,16.3038],[119.9841,16.3487],[120.0051,16.2686]]],[[[123.9916,10.3243],[124.0438,10.3243],[123.9332,10.2543],[123.9916,10.3243]]]]}},{"type":"Feature","properties":{"name":"Sri Lanka","ISO3166-1-Alpha-2":"LK"},"geometry":{"type":"MultiPolygon","coordinates":[[[[81.876,7.0919],[81.325,6.2054],[80.5908,5.9237],[80.094,6.1361],[79.6968,8.2191],[80.053,9.5964],[80.6148,9.4462],[79.9707,9.8151],[80.8239,9.2705],[81.876,7.0919]]],[[[81.7388,7.6605],[81.7251,7.7399],[81.8063,7.5986],[81.8078,7.4792],[81.7388,7.6605]]],[[[79.7141,9.0756],[79.8416,9.0772],[79.9165,9.021],[79.8543,9.0415],[79.9097,8.9732],[79.7141,9.0756]]],[[[79.7308,9.5002],[79.666,9.4913],[79.6587,9.5554],[79.7308,9.5002]]],[[[79.8958,9.6175],[79.8407,9.6994],[79.8823,9.7609],[79.8947,9.6882],[79.9779,9.6243],[79.8958,9.6175]]]]}},{"type":"Feature","properties":{"name":"Aruba","ISO3166-1-Alpha-2":"AW"},"geometry":{"type":"Polygon","coordinates":[[[-69.9969,12.5776],[-69.8881,12.4177],[-70.0581,12.5372],[-70.0611,12.6254],[-69.9969,12.5776]]]}},{"type":"Feature","properties":{"name":"The Bahamas","ISO3166-1-Alpha-2":"BS"},"geometry":{"type":"MultiPolygon","coordinates":[[[[-72.9996,21.4517],[-73.053,21.4249],[-73.0762,21.5068],[-72.9915,21.562],[-72.9104,21.5049],[-72.9996,21.4517]]],[[[-73.1392,22.3633],[-73.1317,22.4595],[-72.7462,22.3313],[-72.7794,22.2882],[-72.8976,22.3622],[-73.1392,22.3633]]],[[[-73.6471,21.0616],[-73.0046,21.3144],[-73.2256,20.9525],[-73.6471,21.0616]]],[[[-73.9957,22.6575],[-73.8654,22.48],[-74.277,22.1715],[-73.9957,22.6575]]],[[[-73.6662,23.0895],[-73.7552,23.073],[-73.7974,23.0738],[-73.817,23.1038],[-73.7419,23.097],[-73.6857,23.1025],[-73.6662,23.097],[-73.6662,23.0895]]],[[[-75.7982,23.5386],[-75.6754,23.4385],[-76.0372,23.5966],[-76.003,23.614],[-76.0315,23.6685],[-75.9081,23.645],[-75.7982,23.5386]]],[[[-74.8591,22.9803],[-75.2296,23.1715],[-75.3314,23.686],[-74.8591,22.9803]]],[[[-74.9001,23.7065],[-74.7772,23.6997],[-74.8367,23.6508],[-74.9416,23.6587],[-74.9001,23.7065]]],[[[-74.4687,24.0218],[-74.4923,23.9604],[-74.5581,23.9604],[-74.5297,24.1004],[-74.4648,24.1439],[-74.4271,24.0832],[-74.4687,24.0218]]],[[[-77.8807,24.1863],[-77.9626,24.1522],[-77.9734,24.1962],[-77.7987,24.2546],[-77.8807,24.1863]]],[[[-77.9216,24.262],[-77.9359,24.2272],[-78.0169,24.2484],[-77.9216,24.262]]],[[[-77.525,23.9331],[-77.7782,23.7468],[-77.5762,23.8471],[-77.942,24.0969],[-77.6752,24.303],[-77.525,23.9331]]],[[[-77.7677,24.3266],[-77.7987,24.3371],[-77.7392,24.3671],[-77.6824,24.3528],[-77.7677,24.3266]]],[[[-77.48,24.9914],[-77.5619,25.0189],[-77.5045,25.0633],[-77.2638,25.0581],[-77.48,24.9914]]],[[[-78.3536,24.6592],[-78.0452,25.1831],[-77.7187,24.4998],[-78.0275,24.2729],[-78.3536,24.6592]]],[[[-76.1613,25.1657],[-76.1945,24.6584],[-76.1649,25.1298],[-76.7367,25.5636],[-76.1613,25.1657]]],[[[-77.538,26.3066],[-77.5727,26.2687],[-77.5796,26.3376],[-77.538,26.3066]]],[[[-78.5901,26.5362],[-78.9979,26.7013],[-77.9154,26.7764],[-78.5901,26.5362]]],[[[-77.8124,26.9068],[-77.0498,26.5163],[-77.2267,25.8851],[-77.1607,26.5642],[-77.8124,26.9068]]],[[[-79.514,23.4957],[-79.5176,23.494],[-79.5366,23.5065],[-79.5384,23.5102],[-79.514,23.4957]]],[[[-79.5633,23.5467],[-79.5529,23.5338],[-79.5546,23.5331],[-79.5944,23.5747],[-79.5887,23.5714],[-79.5633,23.5467]]],[[[-79.2687,25.5386],[-79.2665,25.5378],[-79.2621,25.5281],[-79.2643,25.5288],[-79.2687,25.5386]]],[[[-79.2889,25.5591],[-79.2884,25.563],[-79.2794,25.5517],[-79.2799,25.5478],[-79.2889,25.5591]]],[[[-75.746,22.236],[-75.7497,22.2348],[-75.7534,22.2374],[-75.7519,22.2633],[-75.7475,22.2615],[-75.7449,22.2447],[-75.746,22.236]]],[[[-73.6182,22.6013],[-73.606,22.6095],[-73.5938,22.602],[-73.6076,22.5773],[-73.6255,22.5743],[-73.6182,22.6013]]],[[[-75.109,23.8469],[-75.1061,23.8424],[-75.1058,23.8314],[-75.1107,23.8187],[-75.1174,23.8151],[-75.1236,23.831],[-75.1173,23.8454],[-75.109,23.8469]]],[[[-79.2501,25.7747],[-79.2939,25.7207],[-79.258,25.699],[-79.3006,25.6979],[-79.2501,25.7747]]],[[[-77.8538,26.6008],[-77.8684,26.5639],[-77.8931,26.6026],[-77.8538,26.6008]]],[[[-76.7702,25.5513],[-76.7584,25.549],[-76.7459,25.545],[-76.7498,25.5396],[-76.7608,25.5403],[-76.7874,25.5419],[-76.7812,25.5482],[-76.7702,25.5513]]]]}},{"type":"Feature","properties":{"name":"Turks and Caicos Islands","ISO3166-1-Alpha-2":"TC"},"geometry":{"type":"MultiPolygon","coordinates":[[[[-72.4608,21.7054],[-72.4333,21.6801],[-72.4813,21.6303],[-72.4608,21.7054]]],[[[-71.508,21.7054],[-71.5906,21.7538],[-71.4809,21.7255],[-71.4596,21.6645],[-71.508,21.7054]]],[[[-71.8028,21.7879],[-71.8424,21.8556],[-71.6788,21.8419],[-71.6309,21.7743],[-71.6793,21.8221],[-71.6452,21.7464],[-71.8028,21.7879]]],[[[-72.022,21.9046],[-72.0174,21.9569],[-71.911,21.9484],[-71.9034,21.8665],[-71.8574,21.8432],[-71.9543,21.8669],[-71.9476,21.9425],[-72.022,21.9046]]],[[[-71.6878,21.2998],[-71.6803,21.3044],[-71.6741,21.3065],[-71.6786,21.2989],[-71.6959,21.2901],[-71.6991,21.2919],[-71.6878,21.2998]]],[[[-71.6343,21.3188],[-71.6288,21.3244],[-71.6282,21.3102],[-71.6347,21.2945],[-71.6409,21.303],[-71.6343,21.3188]]],[[[-71.2098,21.3414],[-71.2001,21.3411],[-71.1925,21.335],[-71.2012,21.3231],[-71.2137,21.3106],[-71.2192,21.3144],[-71.2143,21.3328],[-71.2098,21.3414]]],[[[-72.1249,21.8546],[-72.1195,21.8579],[-72.1163,21.8537],[-72.1244,21.8469],[-72.133,21.8476],[-72.1249,21.8546]]],[[[-72.0948,21.8825],[-72.0895,21.8854],[-72.087,21.8809],[-72.0871,21.8727],[-72.093,21.8672],[-72.0997,21.8646],[-72.1016,21.8716],[-72.0948,21.8825]]]]}},{"type":"Feature","properties":{"name":"Taiwan","ISO3166-1-Alpha-2":"CN-TW"},"geometry":{"type":"MultiPolygon","coordinates":[[[[121.9058,24.9501],[120.7144,21.9375],[120.0552,23.0437],[120.1844,23.7644],[121.0593,25.0502],[121.5808,25.283],[121.9058,24.9501]]],[[[121.5635,22.0446],[121.5877,22.0139],[121.5389,22.0182],[121.492,22.0822],[121.5666,22.0822],[121.5635,22.0446]]],[[[118.3942,24.5227],[118.4496,24.5055],[118.4634,24.4315],[118.2839,24.4013],[118.2821,24.4774],[118.3814,24.4735],[118.3942,24.5227]]],[[[119.648,23.6035],[119.6685,23.5488],[119.5271,23.54],[119.5872,23.5488],[119.5524,23.5904],[119.648,23.6035]]],[[[119.4771,23.6035],[119.5173,23.6376],[119.4917,23.571],[119.4424,23.5625],[119.4771,23.6035]]],[[[121.4607,22.659],[121.5028,22.6695],[121.4961,22.6347],[121.4607,22.659]]]]}},{"type":"Feature","properties":{"name":"Japan","ISO3166-1-Alpha-2":"JP"},"geometry":{"type":"MultiPolygon","coordinates":[[[[129.7832,31.7996],[129.7996,31.7454],[129.7293,31.6442],[129.6594,31.6419],[129.7832,31.7996]]],[[[131.6598,32.4768],[131.3382,31.3726],[130.6577,31.0032],[130.7764,31.7103],[130.5864,31.1554],[130.119,31.4086],[130.6113,32.7855],[130.2414,33.1882],[130.1053,32.8759],[130.3608,32.688],[129.7404,32.5684],[129.6816,33.0941],[130.0031,32.8454],[129.5804,33.371],[131.0071,33.9661],[131.103,33.6243],[131.6674,33.6672],[131.5104,33.2734],[132.0812,32.9432],[131.6598,32.4768]]],[[[134.6898,33.8281],[134.1765,33.2361],[133.7394,33.5375],[133.2922,33.3647],[133.0022,32.7117],[132.3824,33.0198],[132.4212,33.4445],[132.0105,33.349],[132.8975,34.1227],[133.511,33.9652],[133.937,34.3751],[134.6469,34.2393],[134.6898,33.8281]]],[[[133.0906,36.1179],[133.0933,36.1234],[133.1136,36.1135],[133.0933,36.1098],[133.0906,36.1179]]],[[[133.0742,36.1279],[133.0449,36.0551],[132.9494,36.062],[133.0742,36.1279]]],[[[133.4222,34.445],[132.346,34.3488],[132.0414,33.7763],[131.7415,34.0562],[130.9158,33.914],[130.9478,34.4189],[131.4143,34.424],[133.0913,35.6015],[136.0691,35.6619],[135.9632,35.9999],[136.6897,36.7308],[136.7491,37.3579],[137.341,37.5171],[136.8609,37.0768],[137.3333,36.7627],[139.4081,38.1319],[140.0486,39.5047],[139.701,39.9607],[140.0112,40.2355],[139.8604,40.6088],[140.2708,40.8124],[140.3423,41.2657],[140.7031,40.8533],[141.1263,40.8729],[141.2059,41.2647],[140.7658,41.145],[140.9071,41.5385],[141.4606,41.4302],[141.4374,40.6701],[142.0584,39.4663],[141.4631,38.6614],[141.5254,38.2678],[140.9668,38.1705],[141.0078,37.1339],[140.5641,36.2831],[140.8794,35.7205],[140.3776,35.1764],[139.757,34.9563],[140.102,35.5671],[139.7653,35.6535],[139.6851,35.1404],[139.1835,35.2633],[138.8353,34.5959],[138.8033,35.1219],[138.2333,34.5946],[137.0161,34.5788],[137.3408,34.7265],[136.856,34.7398],[136.8301,35.0788],[136.5195,34.6809],[136.8957,34.2669],[136.3367,34.184],[135.76,33.4333],[135.0589,33.88],[135.4129,34.6921],[134.4912,34.7871],[133.4222,34.445]]],[[[145.7674,43.3873],[143.8864,42.8442],[143.2415,41.928],[141.8171,42.5996],[140.9773,42.2996],[140.5007,42.5792],[140.2918,42.2596],[141.2,41.7995],[140.6604,41.8271],[140.209,41.4011],[139.7676,42.311],[140.5212,42.9963],[140.3601,43.3252],[141.4233,43.3179],[141.7961,44.6418],[141.5838,45.2512],[141.9194,45.5159],[143.7283,44.1135],[144.7405,43.9146],[145.3415,44.3455],[145.0715,43.7746],[145.2583,43.3271],[145.7674,43.3873]]],[[[123.8147,24.3917],[123.9344,24.3675],[123.8731,24.2582],[123.6682,24.2966],[123.7424,24.3197],[123.7699,24.4184],[123.8147,24.3917]]],[[[124.3291,24.5836],[124.2419,24.3637],[124.1403,24.342],[124.0784,24.4355],[124.2119,24.447],[124.3291,24.5836]]],[[[141.3578,24.7896],[141.2896,24.727],[141.2995,24.7859],[141.3578,24.7896]]],[[[125.3872,24.7822],[125.444,24.7372],[125.2588,24.7334],[125.2603,24.8852],[125.3872,24.7822]]],[[[131.2551,25.875],[131.2525,25.819],[131.2121,25.829],[131.2551,25.875]]],[[[126.8101,26.3519],[126.7889,26.3035],[126.6978,26.369],[126.8101,26.3519]]],[[[142.1932,26.6461],[142.1599,26.632],[142.1113,26.7212],[142.1932,26.6461]]],[[[128.3377,26.7969],[127.6517,26.0844],[127.8783,26.6945],[128.3377,26.7969]]],[[[142.1932,27.0917],[142.2332,27.0943],[142.2346,27.05],[142.1932,27.0917]]],[[[128.7007,27.4548],[128.6131,27.3643],[128.5269,27.3719],[128.5384,27.4176],[128.7007,27.4548]]],[[[128.9888,27.8111],[129.0243,27.7566],[128.9295,27.6867],[128.8945,27.8913],[128.947,27.9141],[128.9888,27.8111]]],[[[129.2966,28.1196],[129.3473,28.1069],[129.324,28.0786],[129.2214,28.0991],[129.1808,28.1903],[129.2693,28.1749],[129.2966,28.1196]]],[[[130.0303,28.3735],[129.9955,28.2909],[129.9136,28.2971],[130.0303,28.3735]]],[[[129.7075,28.4621],[129.376,28.1196],[129.1458,28.2499],[129.7075,28.4621]]],[[[129.7149,29.6545],[129.7459,29.661],[129.7538,29.6454],[129.7438,29.6223],[129.721,29.6061],[129.7129,29.6293],[129.7114,29.6425],[129.7149,29.6545]]],[[[129.8936,29.8747],[129.9204,29.8196],[129.8402,29.8497],[129.8936,29.8747]]],[[[130.6746,30.3746],[130.6038,30.2525],[130.486,30.2258],[130.4377,30.239],[130.3762,30.3944],[130.499,30.468],[130.6746,30.3746]]],[[[130.1531,32.2038],[130.1941,32.1764],[130.1493,32.1105],[130.1111,32.1933],[130.1531,32.2038]]],[[[130.41,32.5116],[130.4685,32.5116],[130.3623,32.375],[130.3539,32.4241],[130.242,32.3955],[130.2131,32.4365],[130.363,32.5271],[130.41,32.5116]]],[[[139.791,33.1353],[139.8775,33.0876],[139.8358,33.0398],[139.7434,33.1186],[139.791,33.1353]]],[[[129.5557,33.4108],[129.4931,33.2452],[129.3425,33.1796],[129.3499,33.2135],[129.4065,33.194],[129.3777,33.2146],[129.4427,33.3481],[129.5557,33.4108]]],[[[132.2437,33.7933],[132.273,33.7685],[132.1883,33.7797],[132.2437,33.7933]]],[[[129.7764,33.7734],[129.7997,33.751],[129.721,33.6977],[129.6571,33.7426],[129.6886,33.8711],[129.7673,33.8445],[129.7764,33.7734]]],[[[132.2362,33.869],[132.1863,33.9212],[132.2261,33.9527],[132.3262,33.8963],[132.4695,33.9379],[132.374,33.8417],[132.3186,33.8833],[132.2362,33.869]]],[[[139.4871,34.0608],[139.5234,34.1124],[139.575,34.09],[139.5345,34.0375],[139.4871,34.0608]]],[[[132.5552,34.0714],[132.4553,34.0881],[132.5193,34.1744],[132.5776,34.1189],[132.5552,34.0714]]],[[[132.9995,34.2084],[132.9548,34.1982],[132.9697,34.2526],[133.03,34.2953],[133.0518,34.2223],[132.9995,34.2084]]],[[[129.3125,34.2798],[129.3471,34.287],[129.2766,34.1291],[129.1716,34.1068],[129.2074,34.3293],[129.3125,34.2798]]],[[[139.2704,34.396],[139.3025,34.3997],[139.2678,34.3227],[139.2704,34.396]]],[[[139.4182,34.7808],[139.4538,34.6789],[139.3512,34.72],[139.3565,34.7972],[139.4182,34.7808]]],[[[133.367,36.2742],[133.3792,36.2082],[133.326,36.1581],[133.1878,36.2161],[133.2095,36.2972],[133.292,36.3425],[133.367,36.2742]]],[[[139.5485,42.2434],[139.509,42.1008],[139.4456,42.0548],[139.4238,42.1916],[139.5485,42.2434]]],[[[145.3115,43.5933],[145.3628,43.5549],[145.2835,43.5179],[145.332,43.5654],[145.2024,43.6138],[145.3115,43.5933]]],[[[144.4483,43.9422],[144.4551,43.9422],[144.449,43.942],[144.4483,43.9422]]],[[[141.3272,45.1723],[141.2512,45.0992],[141.1501,45.1471],[141.1318,45.2103],[141.2026,45.2491],[141.3272,45.1723]]],[[[141.0527,45.4504],[141.0357,45.2649],[140.9668,45.4634],[141.0527,45.4504]]],[[[140.87,27.2182],[140.8679,27.234],[140.8742,27.2382],[140.8782,27.2326],[140.87,27.2182]]],[[[127.8098,26.7354],[127.8112,26.707],[127.7857,26.7026],[127.7586,26.7129],[127.7546,26.7286],[127.7688,26.734],[127.7957,26.7315],[127.8098,26.7354]]],[[[130.2201,30.4716],[130.2622,30.435],[130.2125,30.4207],[130.1418,30.4893],[130.2201,30.4716]]],[[[134.3674,34.5543],[134.3469,34.4308],[134.3206,34.4689],[134.2444,34.4177],[134.2432,34.4639],[134.1614,34.4792],[134.1751,34.5201],[134.3674,34.5543]]],[[[141.453,24.2224],[141.4602,24.2274],[141.47,24.2263],[141.4707,24.2192],[141.4679,24.2138],[141.4631,24.2121],[141.4557,24.2159],[141.453,24.2224]]],[[[153.973,24.2897],[153.9812,24.2954],[153.9856,24.2911],[153.9837,24.2829],[153.9783,24.2824],[153.972,24.2848],[153.973,24.2897]]],[[[142.1953,27.5991],[142.1795,27.6125],[142.1831,27.6195],[142.1929,27.6162],[142.1953,27.5991]]],[[[142.0806,27.7169],[142.0786,27.7272],[142.0823,27.7299],[142.0851,27.7261],[142.0806,27.7169]]],[[[128.2366,27.8665],[128.2385,27.8609],[128.2434,27.8572],[128.2415,27.8454],[128.2323,27.8529],[128.2298,27.869],[128.2366,27.8665]]],[[[140.3076,30.4912],[140.3171,30.4912],[140.3259,30.4852],[140.3186,30.4755],[140.3065,30.4736],[140.3016,30.4807],[140.3014,30.4863],[140.3076,30.4912]]],[[[129.4282,30.8464],[129.4309,30.8482],[129.4338,30.8446],[129.4295,30.8409],[129.4282,30.8464]]],[[[140.0435,31.4431],[140.0444,31.4451],[140.0457,31.4433],[140.0435,31.4431]]],[[[140.0413,31.4442],[140.0414,31.4465],[140.0431,31.4446],[140.0415,31.4431],[140.0413,31.4442]]],[[[139.7564,32.4523],[139.7571,32.4704],[139.7738,32.441],[139.7564,32.4523]]],[[[139.2991,33.6501],[139.2962,33.6511],[139.2991,33.6507],[139.2991,33.6501]]],[[[153.9662,24.3087],[153.9535,24.2925],[153.9407,24.3115],[153.9537,24.3158],[153.9662,24.3087]]],[[[125.2029,24.8463],[125.2053,24.805],[125.1401,24.8164],[125.2029,24.8463]]],[[[142.1052,27.727],[142.1088,27.7297],[142.1117,27.7259],[142.1072,27.7167],[142.1052,27.727]]],[[[129.9334,31.8678],[129.8899,31.8107],[129.8206,31.8455],[129.9334,31.8678]]],[[[130.4468,32.5968],[130.4276,32.5373],[130.3988,32.5932],[130.4468,32.5968]]],[[[128.8998,32.8183],[128.8823,32.7653],[128.8401,32.7776],[128.8373,32.8338],[128.8998,32.8183]]],[[[128.9531,32.8742],[128.9451,32.8043],[128.8807,32.8626],[128.9531,32.8742]]],[[[129.0278,32.8998],[129.0241,32.848],[128.968,32.8737],[128.9846,32.9292],[129.0278,32.8998]]],[[[129.1355,33.2999],[129.1273,33.2475],[129.075,33.2599],[129.1355,33.2999]]],[[[133.0935,34.1743],[133.0171,34.1188],[133.0331,34.1894],[133.0935,34.1743]]],[[[132.7385,34.197],[132.74,34.1599],[132.689,34.1899],[132.7385,34.197]]],[[[132.9212,34.2773],[132.9168,34.2219],[132.8499,34.2152],[132.9212,34.2773]]],[[[135.2052,34.4305],[135.241,34.4546],[135.2571,34.4358],[135.2244,34.4163],[135.2105,34.4219],[135.2052,34.4305]]],[[[136.7981,34.8764],[136.811,34.8763],[136.8235,34.862],[136.826,34.8491],[136.8147,34.8463],[136.815,34.8399],[136.8077,34.8392],[136.7981,34.8764]]],[[[137.0481,37.1523],[136.9473,37.097],[136.9053,37.1436],[137.0481,37.1523]]],[[[123.6063,25.739],[123.6047,25.7388],[123.6004,25.7394],[123.6028,25.7455],[123.6063,25.739]]],[[[123.5453,25.7618],[123.5289,25.7618],[123.5115,25.7581],[123.5139,25.7691],[123.5314,25.7733],[123.5374,25.7733],[123.5453,25.7618]]],[[[123.673,25.9287],[123.672,25.9275],[123.6717,25.9298],[123.673,25.9287]]]]}},{"type":"Feature","properties":{"name":"Iceland","ISO3166-1-Alpha-2":"IS"},"geometry":{"type":"MultiPolygon","coordinates":[[[[-14.5636,66.3845],[-15.1794,66.1113],[-14.6169,65.9977],[-14.8441,65.7352],[-14.3295,65.7824],[-14.5624,65.5012],[-13.6096,65.5142],[-14.0067,65.282],[-13.568,65.261],[-14.0341,65.2001],[-13.5853,65.0077],[-14.2334,65.0351],[-13.8392,64.7986],[-14.5139,64.8023],[-14.2743,64.6514],[-14.9294,64.2648],[-15.4735,64.3976],[-18.732,63.3967],[-21.0448,63.9457],[-22.6912,63.8122],[-22.7021,64.0859],[-21.442,64.3641],[-22.1,64.315],[-21.5109,64.6514],[-22.1648,64.4597],[-22.4084,64.8227],[-24.06,64.8911],[-21.8262,65.0351],[-22.5525,65.1859],[-21.6953,65.4534],[-24.5399,65.508],[-23.8068,65.5353],[-24.0928,65.8048],[-23.2855,65.6793],[-23.8666,65.8756],[-23.2098,65.8432],[-23.8131,66.0114],[-23.3749,65.9878],[-23.6697,66.1175],[-23.4614,66.2042],[-22.4316,65.8459],[-22.3812,66.0976],[-22.9776,66.2342],[-22.3675,66.2752],[-22.9503,66.467],[-21.3306,66.009],[-21.6065,65.9605],[-21.3321,65.7408],[-21.7778,65.7687],[-21.0899,65.1662],[-20.9181,65.6014],[-20.2701,65.665],[-20.4077,66.0908],[-19.4562,65.7289],[-19.4379,66.0666],[-18.827,66.2034],[-18.0636,65.6452],[-18.297,66.1796],[-17.5497,65.9121],[-17.1456,66.2212],[-16.4263,66.1448],[-16.5433,66.507],[-15.3804,66.15],[-14.5636,66.3845]]],[[[-18.0089,66.5642],[-17.984,66.5506],[-17.9763,66.5483],[-17.9805,66.539],[-17.9998,66.5334],[-18.0172,66.545],[-18.0195,66.5613],[-18.0089,66.5642]]],[[[-20.2619,63.4446],[-20.2868,63.4065],[-20.3026,63.446],[-20.2619,63.4446]]]]}},{"type":"Feature","properties":{"name":"French Polynesia","ISO3166-1-Alpha-2":"PF"},"geometry":{"type":"MultiPolygon","coordinates":[[[[-136.1658,-22.0243],[-136.1757,-22.0299],[-136.1859,-22.0344],[-136.1636,-22.0136],[-136.1639,-22.0164],[-136.1658,-22.0243]]],[[[-136.6362,-21.3416],[-136.6468,-21.3272],[-136.6516,-21.3229],[-136.6439,-21.3228],[-136.6399,-21.3264],[-136.6379,-21.3331],[-136.6362,-21.3416]]],[[[-138.7967,-19.2903],[-138.806,-19.2888],[-138.8094,-19.2873],[-138.8121,-19.2838],[-138.8024,-19.282],[-138.7946,-19.2817],[-138.7917,-19.2839],[-138.7967,-19.2903]]],[[[-138.8016,-18.7652],[-138.7952,-18.7709],[-138.7933,-18.774],[-138.7932,-18.7789],[-138.8297,-18.7599],[-138.8229,-18.7603],[-138.8157,-18.7614],[-138.8016,-18.7652]]],[[[-150.6553,-17.6687],[-150.6432,-17.6554],[-150.6403,-17.6661],[-150.645,-17.678],[-150.6553,-17.6687]]],[[[-144.2007,-16.6484],[-144.1981,-16.6422],[-144.1881,-16.6457],[-144.1767,-16.6554],[-144.1696,-16.6672],[-144.1778,-16.6638],[-144.1859,-16.6594],[-144.2007,-16.6484]]],[[[-152.2447,-16.4438],[-152.2563,-16.4513],[-152.2636,-16.4472],[-152.2615,-16.4415],[-152.2447,-16.4438]]],[[[-145.8989,-15.8881],[-145.9505,-15.8396],[-145.9143,-15.8635],[-145.8986,-15.8784],[-145.8989,-15.8881]]],[[[-146.6208,-15.2398],[-146.639,-15.2326],[-146.6239,-15.235],[-146.6117,-15.2439],[-146.6029,-15.2569],[-146.5978,-15.2716],[-146.6101,-15.2564],[-146.6208,-15.2398]]],[[[-147.2563,-15.2325],[-147.2423,-15.2324],[-147.2385,-15.2353],[-147.2374,-15.2442],[-147.2418,-15.239],[-147.2462,-15.2367],[-147.2509,-15.235],[-147.2563,-15.2325]]],[[[-147.779,-15.2164],[-147.7741,-15.2135],[-147.7634,-15.2194],[-147.75,-15.2287],[-147.7371,-15.2353],[-147.779,-15.2164]]],[[[-147.459,-15.1214],[-147.512,-15.08],[-147.5309,-15.069],[-147.5109,-15.0779],[-147.4925,-15.0911],[-147.459,-15.1214]]],[[[-147.932,-15.0808],[-147.9343,-15.0769],[-147.9367,-15.0739],[-147.9378,-15.0709],[-147.9366,-15.0663],[-147.932,-15.0808]]],[[[-145.9224,-14.4338],[-145.9328,-14.4384],[-145.9437,-14.4418],[-145.9549,-14.4435],[-145.9662,-14.4431],[-145.9332,-14.4376],[-145.9224,-14.4338]]],[[[-141.1746,-14.1896],[-141.1795,-14.1965],[-141.1893,-14.1902],[-141.2128,-14.165],[-141.2027,-14.1702],[-141.1746,-14.1896]]],[[[-149.4817,-23.3578],[-149.4632,-23.3958],[-149.5187,-23.395],[-149.4817,-23.3578]]],[[[-135.0194,-23.1176],[-134.943,-23.0836],[-134.9845,-23.1388],[-135.0194,-23.1176]]],[[[-140.6719,-21.6589],[-140.6532,-21.6471],[-140.6342,-21.6608],[-140.6037,-21.7068],[-140.6305,-21.7216],[-140.6583,-21.7127],[-140.6758,-21.6889],[-140.6719,-21.6589]]],[[[-140.6788,-17.7804],[-140.837,-17.8547],[-140.7825,-17.7516],[-140.6521,-17.6842],[-140.6199,-17.7067],[-140.6788,-17.7804]]],[[[-149.7967,-17.4645],[-149.8428,-17.5676],[-149.9444,-17.4924],[-149.7967,-17.4645]]],[[[-151.0058,-16.7692],[-150.9796,-16.8004],[-151.0133,-16.8207],[-151.0399,-16.79],[-151.0058,-16.7692]]],[[[-151.4787,-16.7382],[-151.3525,-16.8586],[-151.4779,-16.8896],[-151.4787,-16.7382]]],[[[-151.4582,-16.629],[-151.4632,-16.6741],[-151.5404,-16.6365],[-151.5361,-16.5949],[-151.4726,-16.5805],[-151.4582,-16.629]]],[[[-146.3873,-16.1082],[-146.3377,-16.1134],[-146.3389,-16.1628],[-146.3873,-16.1082]]],[[[-138.6988,-10.4264],[-138.6367,-10.4406],[-138.637,-10.5422],[-138.6856,-10.5421],[-138.6988,-10.4264]]],[[[-139.0824,-9.8995],[-139.0478,-9.9225],[-139.1308,-10.0149],[-139.1444,-9.9404],[-139.0824,-9.8995]]],[[[-138.8366,-9.7411],[-138.8921,-9.8007],[-139.0497,-9.8035],[-139.0619,-9.8539],[-139.1732,-9.7742],[-139.0154,-9.6944],[-138.8366,-9.7411]]],[[[-140.0767,-9.3234],[-140.0277,-9.3439],[-140.0928,-9.4475],[-140.1586,-9.3718],[-140.0767,-9.3234]]],[[[-139.5144,-8.884],[-139.6168,-8.9542],[-139.5969,-8.858],[-139.5144,-8.884]]],[[[-140.0494,-8.8232],[-140.0192,-8.8964],[-140.1832,-8.9537],[-140.2611,-8.8232],[-140.2167,-8.781],[-140.0277,-8.789],[-140.0494,-8.8232]]],[[[-140.6925,-8.0151],[-140.7272,-8.0281],[-140.7064,-7.9631],[-140.6384,-7.9597],[-140.6925,-8.0151]]],[[[-144.2838,-27.5792],[-144.3384,-27.6337],[-144.3394,-27.5593],[-144.2838,-27.5792]]],[[[-138.8496,-21.8713],[-138.9322,-21.8713],[-138.9119,-21.8639],[-138.8916,-21.8659],[-138.871,-21.8704],[-138.8496,-21.8713]]],[[[-135.4575,-21.528],[-135.5258,-21.4871],[-135.5038,-21.4895],[-135.4849,-21.4968],[-135.4693,-21.5095],[-135.4575,-21.528]]],[[[-136.9714,-18.3619],[-137.0676,-18.2663],[-137.0423,-18.2776],[-137.0102,-18.3044],[-136.9828,-18.3359],[-136.9714,-18.3619]]],[[[-142.5775,-17.6214],[-142.5652,-17.6017],[-142.6395,-17.5326],[-142.6125,-17.547],[-142.5776,-17.5717],[-142.5582,-17.5992],[-142.5775,-17.6214]]],[[[-143.4136,-17.457],[-143.4379,-17.4389],[-143.475,-17.4303],[-143.4566,-17.4293],[-143.4377,-17.4332],[-143.422,-17.4422],[-143.4136,-17.457]]],[[[-145.3805,-17.485],[-145.4351,-17.4172],[-145.4194,-17.4269],[-145.4056,-17.443],[-145.3805,-17.485]]],[[[-145.5785,-17.3831],[-145.5865,-17.3704],[-145.5914,-17.3577],[-145.5934,-17.343],[-145.5929,-17.3248],[-145.5785,-17.3831]]],[[[-143.3862,-16.6699],[-143.454,-16.6246],[-143.5062,-16.6271],[-143.5507,-16.6222],[-143.4648,-16.6147],[-143.4406,-16.6208],[-143.4203,-16.6357],[-143.3862,-16.6699]]],[[[-143.5712,-16.6358],[-143.6204,-16.632],[-143.6601,-16.6022],[-143.7015,-16.5805],[-143.6662,-16.5885],[-143.6095,-16.63],[-143.5712,-16.6358]]],[[[-143.8176,-16.5396],[-143.9342,-16.4503],[-143.862,-16.4672],[-143.8176,-16.5396]]],[[[-144.2565,-16.4781],[-144.2587,-16.4577],[-144.2609,-16.4509],[-144.2912,-16.4161],[-144.2757,-16.4256],[-144.2601,-16.4423],[-144.2513,-16.4614],[-144.2565,-16.4781]]],[[[-145.6139,-16.0529],[-145.7089,-16.0605],[-145.6576,-16.0426],[-145.6313,-16.0383],[-145.6139,-16.0529]]],[[[-142.5297,-16.1082],[-142.5221,-16.0842],[-142.5098,-16.059],[-142.4953,-16.0363],[-142.4813,-16.0188],[-142.5297,-16.1082]]],[[[-140.1102,-15.9772],[-140.1172,-15.9617],[-140.1432,-15.9605],[-140.1723,-15.9772],[-140.1517,-15.9577],[-140.1255,-15.9533],[-140.1071,-15.9606],[-140.1102,-15.9772]]],[[[-145.1676,-15.9505],[-145.2359,-15.8884],[-145.22,-15.8984],[-145.1676,-15.9505]]],[[[-148.0458,-14.9977],[-148.1761,-14.9221],[-148.0891,-14.9368],[-148.0458,-14.9977]]],[[[-148.628,-14.8947],[-148.6479,-14.8718],[-148.6907,-14.8538],[-148.6677,-14.8566],[-148.6406,-14.8649],[-148.6228,-14.8779],[-148.628,-14.8947]]],[[[-145.1949,-14.662],[-145.2604,-14.7023],[-145.2296,-14.6204],[-145.2548,-14.6933],[-145.1949,-14.662]]],[[[-146.2569,-14.4975],[-146.2458,-14.476],[-146.2395,-14.4558],[-146.2711,-14.4355],[-146.2433,-14.4392],[-146.2318,-14.4568],[-146.2363,-14.4792],[-146.2569,-14.4975]]],[[[-145.0031,-14.5112],[-144.8881,-14.4181],[-145.0031,-14.443],[-144.8796,-14.4118],[-145.0031,-14.5112]]],[[[-145.8466,-14.3671],[-145.8426,-14.3466],[-145.8602,-14.3442],[-145.9143,-14.3466],[-145.8584,-14.3373],[-145.8354,-14.3427],[-145.8466,-14.3671]]],[[[-136.7388,-21.3172],[-136.7402,-21.32],[-136.7423,-21.3201],[-136.7469,-21.3162],[-136.7448,-21.3159],[-136.741,-21.317],[-136.7388,-21.3172]]],[[[-139.1354,-20.7997],[-139.1415,-20.8032],[-139.1445,-20.8044],[-139.1479,-20.8049],[-139.1358,-20.7997],[-139.1354,-20.7997]]]]}},{"type":"Feature","properties":{"name":"French Southern and Antarctic Lands","ISO3166-1-Alpha-2":"TF"},"geometry":{"type":"MultiPolygon","coordinates":[[[[42.7518,-17.0761],[42.7244,-17.0636],[42.7381,-17.0573],[42.7588,-17.0606],[42.7518,-17.0761]]],[[[69.9456,-49.5422],[69.8358,-49.5012],[69.9206,-49.497],[70.0161,-49.5642],[69.9456,-49.5422]]],[[[69.5895,-49.1996],[69.5342,-49.1928],[69.6781,-49.1518],[69.5895,-49.1996]]],[[[69.1921,-48.9866],[69.3429,-48.8842],[69.3151,-48.9389],[69.4113,-48.9286],[69.3113,-49.0694],[69.2225,-49.0943],[69.1921,-48.9866]]],[[[69.2263,-48.857],[69.2439,-48.8901],[69.1438,-48.9806],[69.2263,-48.857]]],[[[69.466,-48.8842],[69.4045,-48.829],[69.5199,-48.857],[69.466,-48.8842]]],[[[70.5488,-49.1832],[70.4665,-49.4391],[69.6919,-49.4045],[70.2443,-49.6855],[68.7645,-49.675],[69.0156,-48.6546],[68.9998,-49.0904],[69.5895,-48.9526],[69.4113,-49.2747],[70.5488,-49.1832]]],[[[68.8086,-48.6037],[68.781,-48.5846],[68.8186,-48.5667],[68.8086,-48.6037]]],[[[51.8342,-46.3766],[51.8682,-46.4103],[51.8235,-46.4513],[51.7056,-46.4376],[51.6565,-46.3784],[51.736,-46.3274],[51.8342,-46.3766]]],[[[50.1755,-46.0647],[50.2681,-46.0437],[50.2922,-46.116],[50.2012,-46.1135],[50.1755,-46.0647]]],[[[77.5038,-37.8235],[77.5852,-37.8742],[77.5046,-37.8824],[77.5038,-37.8235]]],[[[40.3797,-22.3239],[40.3391,-22.3596],[40.3364,-22.3205],[40.3797,-22.3239]]],[[[39.7283,-21.4446],[39.7291,-21.4419],[39.7311,-21.4442],[39.7283,-21.4446]]],[[[54.5145,-15.8896],[54.5209,-15.8852],[54.5213,-15.8941],[54.5145,-15.8896]]],[[[47.2879,-11.5655],[47.2996,-11.5506],[47.3064,-11.5699],[47.2879,-11.5655]]]]}},{"type":"Feature","properties":{"name":"Seychelles","ISO3166-1-Alpha-2":"SC"},"geometry":{"type":"MultiPolygon","coordinates":[[[[47.5073,-9.7131],[47.5073,-9.6982],[47.5129,-9.6944],[47.5158,-9.7001],[47.5073,-9.7131]]],[[[53.334,-5.4202],[53.3416,-5.4299],[53.3441,-5.4347],[53.3447,-5.441],[53.3405,-5.4362],[53.3379,-5.4312],[53.334,-5.4202]]],[[[55.6597,-3.7911],[55.6659,-3.8118],[55.6585,-3.8117],[55.6519,-3.8012],[55.6597,-3.7911]]],[[[56.2471,-7.1926],[56.2588,-7.1402],[56.2694,-7.1198],[56.2874,-7.11],[56.283,-7.1319],[56.2725,-7.1536],[56.2471,-7.1926]]],[[[55.4017,-4.6605],[55.3673,-4.6393],[55.4639,-4.5714],[55.5379,-4.8038],[55.4017,-4.6605]]],[[[55.7176,-4.3301],[55.7044,-4.2902],[55.787,-4.3306],[55.7176,-4.3301]]],[[[52.7419,-6.9943],[52.7472,-7.0051],[52.7434,-7.0041],[52.7422,-7.0017],[52.7422,-6.9985],[52.7419,-6.9943]]],[[[55.3828,-5.8539],[55.3818,-5.8655],[55.3801,-5.8691],[55.3799,-5.8649],[55.3828,-5.8539]]],[[[55.663,-4.3282],[55.6664,-4.3293],[55.6656,-4.3341],[55.6604,-4.3349],[55.66,-4.3304],[55.663,-4.3282]]],[[[55.647,-4.3467],[55.6489,-4.3486],[55.6511,-4.3534],[55.6481,-4.3534],[55.6437,-4.3494],[55.647,-4.3467]]],[[[55.6667,-4.2099],[55.6704,-4.2107],[55.6753,-4.2121],[55.6719,-4.2147],[55.6645,-4.214],[55.6593,-4.2129],[55.6604,-4.2103],[55.6667,-4.2099]]],[[[55.8686,-4.3174],[55.8735,-4.3185],[55.8831,-4.3289],[55.8846,-4.3367],[55.8787,-4.3382],[55.8735,-4.3326],[55.8668,-4.3233],[55.8686,-4.3174]]],[[[55.8664,-4.2832],[55.8698,-4.2835],[55.8709,-4.2899],[55.8738,-4.2962],[55.8701,-4.2965],[55.8664,-4.2887],[55.8664,-4.2832]]],[[[55.92,-4.3341],[55.9248,-4.3371],[55.9237,-4.343],[55.9226,-4.3497],[55.9188,-4.3479],[55.9177,-4.3404],[55.92,-4.3341]]]]}},{"type":"Feature","properties":{"name":"Kiribati","ISO3166-1-Alpha-2":"KI"},"geometry":{"type":"MultiPolygon","coordinates":[[[[-155.0117,-4.0471],[-154.9403,-4.032],[-154.9534,-4.0948],[-155.0117,-4.0471]]],[[[-171.6778,-2.8332],[-171.6273,-2.8519],[-171.7151,-2.759],[-171.6296,-2.8272],[-171.6257,-2.8689],[-171.6778,-2.8332]]],[[[175.5915,-1.8742],[175.5863,-1.9225],[175.5523,-1.8193],[175.5915,-1.8742]]],[[[175.0588,-1.4363],[175.0606,-1.5317],[175.0125,-1.5492],[175.0588,-1.4363]]],[[[176.0093,-1.3342],[176.0183,-1.3879],[175.9836,-1.3674],[176.0149,-1.3565],[175.9421,-1.2848],[176.0093,-1.3342]]],[[[174.7651,-1.2029],[174.7559,-1.2575],[174.7166,-1.1347],[174.7651,-1.2029]]],[[[173.0759,0.9659],[172.991,0.8344],[173.0718,0.9626],[172.99,1.0241],[173.0759,0.9659]]],[[[-174.5064,-4.6891],[-174.5007,-4.6943],[-174.5015,-4.6974],[-174.5122,-4.692],[-174.5216,-4.6839],[-174.5167,-4.6843],[-174.5064,-4.6891]]],[[[-174.5293,-4.6827],[-174.5279,-4.6835],[-174.5277,-4.6839],[-174.5339,-4.6808],[-174.5417,-4.6728],[-174.5401,-4.6721],[-174.5359,-4.6775],[-174.5293,-4.6827]]],[[[-171.0936,-3.1314],[-171.09,-3.1209],[-171.0854,-3.1113],[-171.0831,-3.13],[-171.0873,-3.1432],[-171.0925,-3.1454],[-171.0936,-3.1314]]],[[[173.2897,2.0338],[173.2578,1.997],[173.2829,2.0563],[173.3045,1.9616],[173.2575,1.9746],[173.3079,1.9733],[173.2897,2.0338]]]]}},{"type":"Feature","properties":{"name":"Marshall Islands","ISO3166-1-Alpha-2":"MH"},"geometry":{"type":"MultiPolygon","coordinates":[[[[168.6854,4.5738],[168.735,4.5905],[168.7443,4.5986],[168.7681,4.6291],[168.7585,4.6046],[168.7414,4.5858],[168.7168,4.5748],[168.6854,4.5738]]],[[[171.3936,7.1099],[171.2352,7.0677],[171.0357,7.1551],[171.2264,7.0758],[171.3936,7.1099]]],[[[168.5768,7.4041],[168.564,7.4127],[168.5552,7.4303],[168.5537,7.4499],[168.5625,7.4643],[168.5664,7.451],[168.5725,7.4178],[168.5768,7.4041]]],[[[166.9041,11.1729],[166.8942,11.1552],[166.8753,11.145],[166.8534,11.1454],[166.8358,11.1592],[166.8718,11.1623],[166.9041,11.1729]]],[[[169.1145,5.6381],[169.1165,5.6492],[169.1206,5.6474],[169.1145,5.6381]]],[[[167.4017,8.3178],[167.4077,8.3073],[167.3997,8.3108],[167.4017,8.3178]]],[[[167.7316,8.7246],[167.7307,8.7304],[167.7303,8.7353],[167.7331,8.7397],[167.7402,8.7438],[167.7415,8.7377],[167.74,8.7332],[167.7316,8.7246]]],[[[170.2402,9.4498],[170.2388,9.4667],[170.2439,9.4664],[170.2471,9.4578],[170.2402,9.4498]]],[[[170.8747,10.2746],[170.8745,10.2866],[170.8786,10.2872],[170.8788,10.2751],[170.8747,10.2746]]],[[[165.5402,11.6338],[165.5428,11.633],[165.5469,11.631],[165.5506,11.6269],[165.5537,11.6198],[165.5402,11.6338]]],[[[165.2822,11.6958],[165.2822,11.7084],[165.2868,11.7109],[165.2889,11.706],[165.2822,11.6958]]],[[[169.0108,14.6102],[169.0137,14.6105],[169.0073,14.6028],[168.9969,14.5931],[168.9873,14.5869],[168.9983,14.599],[169.0108,14.6102]]]]}},{"type":"Feature","properties":{"name":"Trinidad and Tobago","ISO3166-1-Alpha-2":"TT"},"geometry":{"type":"MultiPolygon","coordinates":[[[[-61.0023,10.6994],[-60.996,10.1383],[-61.9287,10.0565],[-61.4621,10.2822],[-61.6676,10.7068],[-61.0023,10.6994]]],[[[-60.5305,11.3511],[-60.533,11.2665],[-60.8033,11.1433],[-60.8475,11.164],[-60.5305,11.3511]]]]}},{"type":"Feature","properties":{"name":"Grenada","ISO3166-1-Alpha-2":"GD"},"geometry":{"type":"MultiPolygon","coordinates":[[[[-61.6129,12.2144],[-61.6316,12.0441],[-61.7905,12.0084],[-61.6715,12.2361],[-61.6129,12.2144]]],[[[-61.428,12.4547],[-61.4962,12.4404],[-61.428,12.5297],[-61.428,12.4547]]]]}},{"type":"Feature","properties":{"name":"Saint Vincent and the Grenadines","ISO3166-1-Alpha-2":"VC"},"geometry":{"type":"MultiPolygon","coordinates":[[[[-61.1673,13.1461],[-61.2794,13.2159],[-61.1871,13.3804],[-61.1239,13.3083],[-61.1673,13.1461]]],[[[-61.1918,12.8682],[-61.1832,12.8835],[-61.175,12.8818],[-61.1836,12.862],[-61.1876,12.8564],[-61.1908,12.8559],[-61.1918,12.8682]]]]}},{"type":"Feature","properties":{"name":"Barbados","ISO3166-1-Alpha-2":"BB"},"geometry":{"type":"Polygon","coordinates":[[[-59.4269,13.1604],[-59.5089,13.0573],[-59.6216,13.094],[-59.6451,13.3237],[-59.5945,13.3348],[-59.4269,13.1604]]]}},{"type":"Feature","properties":{"name":"Saint Lucia","ISO3166-1-Alpha-2":"LC"},"geometry":{"type":"Polygon","coordinates":[[[-60.8868,14.0101],[-60.8922,13.8332],[-60.9551,13.7147],[-61.0742,13.7987],[-61.0785,13.8798],[-60.9476,14.1023],[-60.8868,14.0101]]]}},{"type":"Feature","properties":{"name":"Dominica","ISO3166-1-Alpha-2":"DM"},"geometry":{"type":"Polygon","coordinates":[[[-61.3629,15.2018],[-61.4889,15.5357],[-61.469,15.6339],[-61.3077,15.5793],[-61.2577,15.4726],[-61.2567,15.2853],[-61.3629,15.2018]]]}},{"type":"Feature","properties":{"name":"United States Minor Outlying Islands","ISO3166-1-Alpha-2":"UM"},"geometry":{"type":"MultiPolygon","coordinates":[[[[-160.03,-0.3762],[-160.0089,-0.3725],[-160.0124,-0.3821],[-160.0248,-0.3888],[-160.03,-0.3762]]],[[[-176.4595,0.2259],[-176.4592,0.2192],[-176.4639,0.2219],[-176.4595,0.2259]]],[[[-176.6362,0.7902],[-176.6405,0.802],[-176.64,0.8035],[-176.6396,0.805],[-176.639,0.807],[-176.6361,0.8034],[-176.6362,0.7902]]],[[[-177.3289,28.2111],[-177.3229,28.2077],[-177.3212,28.2059],[-177.3249,28.205],[-177.3353,28.2043],[-177.3289,28.2111]]],[[[-169.5323,16.7331],[-169.5224,16.7322],[-169.5417,16.7219],[-169.5474,16.721],[-169.5495,16.7235],[-169.5477,16.7274],[-169.5323,16.7331]]],[[[-169.5137,16.744],[-169.5137,16.7456],[-169.5128,16.7443],[-169.5137,16.744]]],[[[-162.4002,6.4451],[-162.3853,6.4451],[-162.3853,6.4302],[-162.4002,6.4302],[-162.4002,6.4451]]]]}},{"type":"Feature","properties":{"name":"Montserrat","ISO3166-1-Alpha-2":"MS"},"geometry":{"type":"Polygon","coordinates":[[[-62.1474,16.7443],[-62.1498,16.6818],[-62.2189,16.6887],[-62.202,16.8193],[-62.1474,16.7443]]]}},{"type":"Feature","properties":{"name":"Antigua and Barbuda","ISO3166-1-Alpha-2":"AG"},"geometry":{"type":"MultiPolygon","coordinates":[[[[-61.8836,17.049],[-61.8942,17.1005],[-61.8253,17.1688],[-61.6676,17.0794],[-61.7371,16.9892],[-61.8836,17.049]]],[[[-61.8389,17.5933],[-61.8738,17.6911],[-61.8315,17.6138],[-61.8378,17.7277],[-61.7278,17.5884],[-61.7707,17.5456],[-61.8389,17.5933]]]]}},{"type":"Feature","properties":{"name":"Saint Kitts and Nevis","ISO3166-1-Alpha-2":"KN"},"geometry":{"type":"MultiPolygon","coordinates":[[[[-62.5992,17.2029],[-62.5465,17.1838],[-62.5476,17.1046],[-62.6122,17.1042],[-62.5992,17.2029]]],[[[-62.6505,17.2656],[-62.647,17.2172],[-62.7034,17.2891],[-62.8316,17.3301],[-62.8531,17.3947],[-62.72,17.3585],[-62.6505,17.2656]]]]}},{"type":"Feature","properties":{"name":"United States Virgin Islands","ISO3166-1-Alpha-2":"VI"},"geometry":{"type":"MultiPolygon","coordinates":[[[[-64.5594,17.7516],[-64.8952,17.6828],[-64.8765,17.7759],[-64.5594,17.7516]]],[[[-64.701,18.343],[-64.704,18.3033],[-64.8013,18.3283],[-64.747,18.3736],[-64.701,18.343]]],[[[-64.8716,18.3146],[-65.0415,18.3537],[-64.95,18.3866],[-64.855,18.3401],[-64.8716,18.3146]]]]}},{"type":"Feature","properties":{"name":"Saint Barthelemy","ISO3166-1-Alpha-2":"BL"},"geometry":{"type":"Polygon","coordinates":[[[-62.8389,17.882],[-62.8661,17.9291],[-62.7917,17.9155],[-62.8389,17.882]]]}},{"type":"Feature","properties":{"name":"Puerto Rico","ISO3166-1-Alpha-2":"PR"},"geometry":{"type":"MultiPolygon","coordinates":[[[[-67.8559,18.1147],[-67.8732,18.0535],[-67.9378,18.0942],[-67.8559,18.1147]]],[[[-65.3477,18.1147],[-65.4842,18.0873],[-65.5804,18.1221],[-65.3985,18.1693],[-65.2856,18.1489],[-65.3477,18.1147]]],[[[-65.2788,18.2792],[-65.3341,18.3406],[-65.2567,18.3239],[-65.2788,18.2792]]],[[[-65.6288,18.2792],[-65.9391,17.9705],[-67.1842,17.9351],[-67.2708,18.3618],[-65.6288,18.2792]]]]}},{"type":"Feature","properties":{"name":"Anguilla","ISO3166-1-Alpha-2":"AI"},"geometry":{"type":"MultiPolygon","coordinates":[[[[-63.0074,18.273],[-62.9726,18.2759],[-63.0006,18.2274],[-63.1678,18.1693],[-63.0074,18.273]]],[[[-63.428,18.5928],[-63.4288,18.6013],[-63.4236,18.6],[-63.428,18.5928]]],[[[-63.252,18.273],[-63.2615,18.2762],[-63.2626,18.282],[-63.2536,18.2868],[-63.2456,18.2832],[-63.236,18.283],[-63.252,18.273]]],[[[-63.1743,18.2646],[-63.1724,18.2646],[-63.1712,18.2655],[-63.1691,18.2653],[-63.1683,18.2619],[-63.1714,18.2615],[-63.1741,18.2621],[-63.1743,18.2646]]]]}},{"type":"Feature","properties":{"name":"British Virgin Islands","ISO3166-1-Alpha-2":"VG"},"geometry":{"type":"MultiPolygon","coordinates":[[[[-64.6351,18.4055],[-64.7141,18.3862],[-64.6417,18.4512],[-64.5168,18.4393],[-64.6351,18.4055]]],[[[-64.3806,18.4809],[-64.4433,18.4431],[-64.4154,18.5119],[-64.326,18.5119],[-64.3806,18.4809]]]]}},{"type":"Feature","properties":{"name":"Jamaica","ISO3166-1-Alpha-2":"JM"},"geometry":{"type":"Polygon","coordinates":[[[-76.2637,18.0124],[-77.1789,17.7042],[-78.3747,18.2656],[-77.2726,18.4594],[-76.2637,18.0124]]]}},{"type":"Feature","properties":{"name":"Cayman Islands","ISO3166-1-Alpha-2":"KY"},"geometry":{"type":"MultiPolygon","coordinates":[[[[-80.0378,19.704],[-79.9643,19.7049],[-80.1132,19.6587],[-80.0378,19.704]]]]}},{"type":"Feature","properties":{"name":"Bermuda","ISO3166-1-Alpha-2":"BM"},"geometry":{"type":"MultiPolygon","coordinates":[[[[-64.6761,32.3887],[-64.6558,32.3504],[-64.7081,32.3516],[-64.6779,32.3345],[-64.8763,32.2578],[-64.8798,32.3054],[-64.8329,32.2597],[-64.6761,32.3887]]]]}},{"type":"Feature","properties":{"name":"Heard Island and McDonald Islands","ISO3166-1-Alpha-2":"HM"},"geometry":{"type":"Polygon","coordinates":[[[73.7351,-53.1124],[73.4734,-53.1892],[73.3644,-53.0373],[73.236,-52.982],[73.5642,-53.0168],[73.7351,-53.1124]]]}},{"type":"Feature","properties":{"name":"Saint Helena","ISO3166-1-Alpha-2":"SH"},"geometry":{"type":"MultiPolygon","coordinates":[[[[-9.9264,-40.3488],[-9.8954,-40.3864],[-9.9252,-40.3979],[-10.0394,-40.3318],[-9.9628,-40.3019],[-9.9264,-40.3488]]],[[[-12.3074,-37.0701],[-12.1913,-37.0905],[-12.2766,-37.1492],[-12.3353,-37.1043],[-12.3074,-37.0701]]],[[[-5.7218,-15.9089],[-5.6667,-15.9021],[-5.6627,-15.9796],[-5.7802,-16.0082],[-5.7218,-15.9089]]],[[[-14.3563,-7.8847],[-14.2948,-7.9455],[-14.4064,-7.9739],[-14.3563,-7.8847]]]]}},{"type":"Feature","properties":{"name":"Mauritius","ISO3166-1-Alpha-2":"MU"},"geometry":{"type":"MultiPolygon","coordinates":[[[[57.7957,-20.2228],[57.3079,-20.4443],[57.5965,-19.9826],[57.7957,-20.2228]]],[[[63.4762,-19.6778],[63.4694,-19.7229],[63.3664,-19.7672],[63.3323,-19.7364],[63.4762,-19.6778]]]]}},{"type":"Feature","properties":{"name":"Comoros","ISO3166-1-Alpha-2":"KM"},"geometry":{"type":"MultiPolygon","coordinates":[[[[43.7887,-12.308],[43.8582,-12.3714],[43.6652,-12.3525],[43.6358,-12.2369],[43.7887,-12.308]]],[[[44.5291,-12.2328],[44.5115,-12.3803],[44.3853,-12.2517],[44.2064,-12.1606],[44.3735,-12.1804],[44.4671,-12.0644],[44.5291,-12.2328]]],[[[43.4666,-11.8217],[43.2178,-11.7503],[43.2765,-11.3796],[43.4666,-11.8217]]]]}},{"type":"Feature","properties":{"name":"São Tomé and Principe","ISO3166-1-Alpha-2":"ST"},"geometry":{"type":"MultiPolygon","coordinates":[[[[6.6814,0.4071],[6.7565,0.2501],[6.66,0.1073],[6.5266,0.0241],[6.4709,0.2679],[6.5331,0.3481],[6.6814,0.4071]]],[[[7.4627,1.6745],[7.4014,1.5312],[7.3325,1.5653],[7.3853,1.6923],[7.4627,1.6745]]]]}},{"type":"Feature","properties":{"name":"Cabo Verde","ISO3166-1-Alpha-2":"CV"},"geometry":{"type":"MultiPolygon","coordinates":[[[[-24.7043,14.9008],[-24.718,14.8039],[-24.7589,14.8666],[-24.7043,14.9008]]],[[[-24.2965,14.9175],[-24.2995,14.863],[-24.3765,14.816],[-24.5262,14.9247],[-24.4889,14.9905],[-24.3649,15.0454],[-24.2965,14.9175]]],[[[-23.4568,15.0237],[-23.5318,14.9086],[-23.7151,14.9685],[-23.7926,15.0858],[-23.7516,15.2335],[-23.7795,15.3117],[-23.7032,15.3135],[-23.4568,15.0237]]],[[[-23.1278,15.3117],[-23.1119,15.1719],[-23.196,15.1221],[-23.2582,15.1745],[-23.2513,15.2564],[-23.1898,15.3328],[-23.1278,15.3117]]],[[[-22.6821,16.1136],[-22.6798,16.0632],[-22.8061,15.9859],[-22.964,16.0522],[-22.9136,16.1256],[-22.9156,16.244],[-22.7239,16.2126],[-22.6821,16.1136]]],[[[-24.0675,16.6139],[-24.0441,16.5599],[-24.2723,16.5872],[-24.3247,16.4827],[-24.4307,16.6395],[-24.3615,16.6816],[-24.0675,16.6139]]],[[[-22.9292,16.5934],[-22.9908,16.8157],[-22.9224,16.8603],[-22.8813,16.6927],[-22.9292,16.5934]]],[[[-24.9197,16.8951],[-24.8911,16.814],[-24.988,16.7851],[-25.0941,16.8262],[-24.9781,16.923],[-24.9197,16.8951]]],[[[-25.047,17.0351],[-25.1879,16.9282],[-25.2987,16.9174],[-25.3604,17.0552],[-25.1026,17.1966],[-24.9713,17.1073],[-25.047,17.0351]]],[[[-24.5927,16.6243],[-24.5695,16.62],[-24.5753,16.6055],[-24.5898,16.607],[-24.6013,16.6098],[-24.6042,16.6214],[-24.5927,16.6243]]],[[[-24.7735,16.8023],[-24.6852,16.7429],[-24.7402,16.7343],[-24.7735,16.8023]]]]}},{"type":"Feature","properties":{"name":"Malta","ISO3166-1-Alpha-2":"MT"},"geometry":{"type":"MultiPolygon","coordinates":[[[[14.548,35.89],[14.5275,35.8012],[14.4245,35.8237],[14.3457,35.8759],[14.322,35.9731],[14.3773,35.9936],[14.3494,35.9731],[14.548,35.89]]],[[[14.2566,36.0756],[14.3342,36.0344],[14.1849,36.0346],[14.2566,36.0756]]]]}},{"type":"Feature","properties":{"name":"Jersey","ISO3166-1-Alpha-2":"JE"},"geometry":{"type":"Polygon","coordinates":[[[-2.0827,49.2602],[-2.0207,49.2353],[-2.0245,49.1713],[-2.2336,49.1845],[-2.2411,49.2602],[-2.0827,49.2602]]]}},{"type":"Feature","properties":{"name":"Guernsey","ISO3166-1-Alpha-2":"GG"},"geometry":{"type":"MultiPolygon","coordinates":[[[[-2.5802,49.4936],[-2.5017,49.5067],[-2.542,49.4309],[-2.6735,49.4335],[-2.5802,49.4936]]],[[[-2.4537,49.4819],[-2.4478,49.484],[-2.4452,49.4746],[-2.4534,49.4621],[-2.4545,49.4661],[-2.4551,49.475],[-2.4537,49.4819]]]]}},{"type":"Feature","properties":{"name":"Isle of Man","ISO3166-1-Alpha-2":"IM"},"geometry":{"type":"Polygon","coordinates":[[[-4.6121,54.057],[-4.7902,54.0638],[-4.7103,54.2206],[-4.4954,54.3859],[-4.3513,54.4138],[-4.3756,54.3483],[-4.3119,54.2872],[-4.6121,54.057]]]}},{"type":"Feature","properties":{"name":"Aland","ISO3166-1-Alpha-2":"AX"},"geometry":{"type":"MultiPolygon","coordinates":[[[[20.2776,60.1422],[20.2776,60.0665],[20.2019,60.0876],[20.2224,60.1496],[20.2581,60.108],[20.2776,60.1422]]],[[[19.6395,60.2209],[19.6711,60.1581],[19.5916,60.1968],[19.5848,60.1353],[19.527,60.1486],[19.5679,60.2551],[19.6395,60.2209]]],[[[20.4279,60.2657],[20.3929,60.1968],[20.3454,60.2377],[20.4279,60.2657]]],[[[20.8189,60.2322],[20.7873,60.2863],[20.853,60.2657],[20.8189,60.2322]]],[[[20.6838,60.2294],[20.7163,60.2093],[20.6707,60.1992],[20.6838,60.2294]]],[[[20.7774,60.3265],[20.7327,60.3144],[20.7572,60.3661],[20.7774,60.3265]]],[[[20.2813,59.9766],[20.3394,60.0201],[20.4471,59.9952],[20.2813,59.9766]]],[[[20.0337,60.0636],[20.1633,60.0878],[20.2252,60.0055],[20.1751,59.9714],[20.0337,60.0636]]]]}},{"type":"Feature","properties":{"name":"Faroe Islands","ISO3166-1-Alpha-2":"FO"},"geometry":{"type":"MultiPolygon","coordinates":[[[[-6.6125,61.8211],[-6.661,61.746],[-6.7467,61.8211],[-6.8677,61.8393],[-6.9073,61.9099],[-6.6125,61.8211]]],[[[-7.3837,62.0949],[-7.4315,62.1482],[-7.2159,62.1638],[-7.0383,62.0886],[-7.2021,62.0197],[-7.2214,62.0662],[-7.219,62.0329],[-7.3837,62.0949]]],[[[-6.3214,62.3081],[-6.2768,62.2963],[-6.3585,62.2458],[-6.3843,62.2802],[-6.3214,62.3081]]],[[[-6.5853,62.2899],[-6.6364,62.2801],[-6.6808,62.3661],[-6.5853,62.2899]]],[[[-6.6547,62.2641],[-6.691,62.2523],[-6.7891,62.3753],[-6.6547,62.2641]]],[[[-6.4092,62.324],[-6.4557,62.296],[-6.5559,62.3909],[-6.4092,62.324]]]]}},{"type":"Feature","properties":{"name":"Indian Ocean Territories","ISO3166-1-Alpha-2":"-99"},"geometry":{"type":"MultiPolygon","coordinates":[[[[105.7041,-10.4308],[105.6946,-10.5649],[105.6641,-10.5185],[105.585,-10.5164],[105.5942,-10.454],[105.7041,-10.4308]]]]}},{"type":"Feature","properties":{"name":"British Indian Ocean Territory","ISO3166-1-Alpha-2":"IO"},"geometry":{"type":"MultiPolygon","coordinates":[[[[72.4675,-7.3839],[72.4329,-7.4322],[72.426,-7.3229],[72.3577,-7.2683],[72.4329,-7.3161],[72.4329,-7.4254],[72.4675,-7.3839]]],[[[72.4842,-7.2783],[72.479,-7.3619],[72.4397,-7.2267],[72.4842,-7.2783]]],[[[71.3504,-6.6525],[71.3621,-6.6529],[71.3552,-6.6563],[71.3517,-6.6557],[71.3504,-6.6535],[71.3504,-6.6525]]],[[[71.2614,-6.3886],[71.261,-6.378],[71.2624,-6.374],[71.2673,-6.37],[71.2688,-6.3781],[71.2676,-6.3827],[71.2648,-6.3859],[71.2614,-6.3886]]],[[[71.7732,-5.4402],[71.7647,-5.4339],[71.7624,-5.4317],[71.7717,-5.4334],[71.7746,-5.4357],[71.7742,-5.4381],[71.7732,-5.4402]]],[[[72.2214,-5.3278],[72.231,-5.3193],[72.2283,-5.3248],[72.2254,-5.3272],[72.2229,-5.3277],[72.2214,-5.3278]]],[[[71.7371,-5.2853],[71.7471,-5.27],[71.7455,-5.2787],[71.7424,-5.2831],[71.7389,-5.2849],[71.7371,-5.2853]]],[[[71.7603,-5.2366],[71.7686,-5.2341],[71.7664,-5.2392],[71.7645,-5.2397],[71.7627,-5.238],[71.7603,-5.2366]]]]}},{"type":"Feature","properties":{"name":"Singapore","ISO3166-1-Alpha-2":"SG"},"geometry":{"type":"Polygon","coordinates":[[[103.9608,1.3911],[104.0034,1.3742],[103.9749,1.3345],[103.8389,1.2663],[103.6404,1.3223],[103.7083,1.4294],[103.8316,1.4471],[103.9608,1.3911]]]}},{"type":"Feature","properties":{"name":"Norfolk Island","ISO3166-1-Alpha-2":"NF"},"geometry":{"type":"Polygon","coordinates":[[[167.9841,-29.0178],[167.9666,-29.08],[167.9264,-29.0663],[167.9265,-28.9975],[167.9841,-29.0178]]]}},{"type":"Feature","properties":{"name":"Cook Islands","ISO3166-1-Alpha-2":"CK"},"geometry":{"type":"MultiPolygon","coordinates":[[[[-157.9346,-21.8775],[-157.8871,-21.9264],[-157.961,-21.9239],[-157.9346,-21.8775]]],[[[-157.9407,-8.9807],[-157.9619,-8.9807],[-157.9786,-8.976],[-157.9971,-8.9646],[-158.0083,-8.9529],[-158.0029,-8.9467],[-157.9407,-8.9745],[-157.9407,-8.9807]]],[[[-159.7978,-21.1861],[-159.7427,-21.2016],[-159.7432,-21.2543],[-159.8463,-21.2338],[-159.7978,-21.1861]]],[[[-158.0783,-19.9942],[-158.1151,-20.0157],[-158.1352,-19.9765],[-158.0783,-19.9942]]],[[[-158.2683,-19.8326],[-158.2811,-19.822],[-158.2764,-19.8235],[-158.2733,-19.8263],[-158.2683,-19.8326]]],[[[-158.2877,-19.8106],[-158.2938,-19.8166],[-158.2974,-19.8173],[-158.296,-19.8145],[-158.2877,-19.8106]]],[[[-165.8245,-10.8818],[-165.8159,-10.8803],[-165.8118,-10.8801],[-165.8077,-10.8813],[-165.814,-10.8891],[-165.8187,-10.8915],[-165.8221,-10.8891],[-165.8245,-10.8818]]],[[[-160.9862,-10.3821],[-160.9943,-10.3747],[-160.9964,-10.3715],[-160.9799,-10.381],[-160.9381,-10.4228],[-160.9862,-10.3821]]],[[[-161.088,-10.0351],[-161.0701,-10.0274],[-161.0756,-10.0364],[-161.0873,-10.0446],[-161.088,-10.0351]]]]}},{"type":"Feature","properties":{"name":"Tonga","ISO3166-1-Alpha-2":"TO"},"geometry":{"type":"MultiPolygon","coordinates":[[[[-173.9564,-18.5673],[-173.9152,-18.6269],[-173.953,-18.6207],[-173.9905,-18.7052],[-174.011,-18.6295],[-174.0301,-18.6633],[-174.0725,-18.634],[-173.9564,-18.5673]]],[[[-174.9147,-21.2922],[-174.9203,-21.4542],[-174.9836,-21.3909],[-174.9147,-21.2922]]],[[[-175.0655,-21.124],[-175.1488,-21.268],[-175.3648,-21.1139],[-175.3058,-21.0626],[-175.3408,-21.1026],[-175.2406,-21.1137],[-175.2236,-21.1725],[-175.0655,-21.124]]],[[[-174.3611,-19.8014],[-174.3059,-19.7672],[-174.3202,-19.8193],[-174.3611,-19.8014]]],[[[-175.0693,-19.712],[-175.0593,-19.8014],[-175.0995,-19.7498],[-175.0693,-19.712]]],[[[-174.3058,-19.733],[-174.2574,-19.6847],[-174.2717,-19.7491],[-174.3058,-19.733]]],[[[-175.6313,-15.5595],[-175.6178,-15.6015],[-175.6689,-15.6215],[-175.6833,-15.5821],[-175.6313,-15.5595]]]]}},{"type":"Feature","properties":{"name":"Wallis and Futuna","ISO3166-1-Alpha-2":"WF"},"geometry":{"type":"MultiPolygon","coordinates":[[[[-178.1423,-14.2436],[-178.0467,-14.3194],[-178.1566,-14.3051],[-178.1857,-14.2482],[-178.1423,-14.2436]]],[[[-176.1555,-13.2089],[-176.1256,-13.2641],[-176.1595,-13.3503],[-176.1996,-13.2906],[-176.1555,-13.2089]]]]}},{"type":"Feature","properties":{"name":"Samoa","ISO3166-1-Alpha-2":"WS"},"geometry":{"type":"MultiPolygon","coordinates":[[[[-172.201,-13.5925],[-172.1756,-13.6803],[-172.2191,-13.8054],[-172.2976,-13.7698],[-172.5232,-13.8054],[-172.7826,-13.5203],[-172.3444,-13.463],[-172.201,-13.5925]]]]}},{"type":"Feature","properties":{"name":"Solomon Islands","ISO3166-1-Alpha-2":"SB"},"geometry":{"type":"MultiPolygon","coordinates":[[[[161.741,-10.2726],[161.7306,-10.2067],[161.7688,-10.2522],[161.741,-10.2726]]],[[[162.3748,-10.8237],[161.7922,-10.735],[161.3001,-10.2071],[162.3748,-10.8237]]],[[[167.0918,-9.8033],[167.1045,-9.8019],[167.1082,-9.8046],[167.104,-9.8066],[167.0918,-9.8033]]],[[[161.9778,-9.851],[161.9285,-9.7201],[161.9778,-9.6866],[161.9778,-9.851]]],[[[160.8263,-9.8373],[159.8356,-9.7939],[159.6095,-9.3098],[160.3664,-9.4128],[160.8263,-9.8373]]],[[[160.2541,-9.1589],[160.315,-9.0617],[160.4142,-9.1316],[160.3664,-9.1862],[160.2305,-9.193],[160.2541,-9.1589]]],[[[159.1952,-9.0566],[159.2361,-9.023],[159.2332,-9.101],[159.1741,-9.1384],[159.1952,-9.0566]]],[[[160.0967,-9.0566],[160.1477,-8.9897],[160.3014,-9.0616],[160.2645,-9.1316],[160.0967,-9.0566]]],[[[159.1672,-9.018],[159.1473,-9.1037],[159.0393,-9.0685],[159.1126,-9.0292],[159.0921,-8.9944],[159.1672,-9.018]]],[[[157.6155,-8.7345],[157.6499,-8.7652],[157.6223,-8.7958],[157.4524,-8.7219],[157.5497,-8.6922],[157.6155,-8.7345]]],[[[158.2288,-8.7747],[158.2522,-8.8027],[158.1872,-8.8368],[158.1537,-8.7966],[158.2083,-8.6791],[158.2288,-8.7747]]],[[[157.3587,-8.5768],[157.3294,-8.6491],[157.4138,-8.7208],[157.3796,-8.7297],[157.2009,-8.5659],[157.3475,-8.4125],[157.4138,-8.498],[157.3587,-8.5768]]],[[[159.6886,-8.5079],[159.6599,-8.5396],[159.5498,-8.4708],[159.5583,-8.3894],[159.6359,-8.3842],[159.6886,-8.5079]]],[[[157.1252,-8.2751],[157.1235,-8.3204],[157.0226,-8.1928],[157.1008,-8.2035],[157.1252,-8.2751]]],[[[157.2077,-8.2888],[157.0978,-8.1589],[157.1873,-8.1857],[157.2077,-8.2888]]],[[[156.8106,-8.0554],[156.8142,-8.072],[156.8247,-8.0696],[156.8413,-8.113],[156.8154,-8.112],[156.7857,-8.0862],[156.7899,-8.0554],[156.8106,-8.0554]]],[[[157.7974,-8.5624],[157.2282,-8.3167],[157.4411,-7.9797],[157.7974,-8.5624]]],[[[156.6112,-8.0727],[156.616,-8.1707],[156.5784,-8.1871],[156.5498,-7.9392],[156.6112,-8.0727]]],[[[157.1047,-8.1249],[157.0023,-8.0868],[156.947,-7.9797],[157.002,-7.8752],[157.0911,-7.8505],[157.2009,-8.0007],[157.1672,-8.1355],[157.1047,-8.1249]]],[[[156.8071,-7.7201],[156.6597,-7.9392],[156.5042,-7.6301],[156.8071,-7.7201]]],[[[155.5703,-7.3229],[155.5974,-7.3829],[155.508,-7.3757],[155.5703,-7.3229]]],[[[155.8167,-7.0207],[155.868,-7.0485],[155.8509,-7.0993],[155.7349,-7.1243],[155.6729,-7.0895],[155.7349,-6.9661],[155.8167,-7.0207]]],[[[156.1184,-6.9182],[156.1526,-6.9313],[156.0427,-6.9804],[156.0768,-6.8152],[156.1184,-6.9182]]],[[[166.9239,-11.641],[166.9841,-11.7099],[166.843,-11.7133],[166.7672,-11.6171],[166.8699,-11.589],[166.9356,-11.6088],[166.9239,-11.641]]],[[[166.5573,-11.2836],[166.5088,-11.3093],[166.4798,-11.2474],[166.5404,-11.2146],[166.5573,-11.2836]]],[[[158.4861,-7.6103],[158.5236,-7.6581],[158.4069,-7.6103],[158.4212,-7.6438],[158.3622,-7.6376],[158.3169,-7.5794],[158.4861,-7.6103]]],[[[158.3652,-7.5483],[158.2686,-7.467],[158.4348,-7.5278],[158.3652,-7.5483]]],[[[157.6116,-7.4042],[157.619,-7.4521],[157.4756,-7.4118],[157.6116,-7.4042]]],[[[158.2832,-7.4118],[158.249,-7.4732],[158.1943,-7.4384],[158.2832,-7.4118]]],[[[157.7762,-7.408],[157.7974,-7.4732],[157.6786,-7.4482],[157.7217,-7.3839],[157.7762,-7.408]]],[[[157.5298,-7.3332],[157.0147,-7.2826],[156.4544,-6.6308],[157.5298,-7.3332]]],[[[168.8123,-12.2663],[168.8229,-12.2673],[168.8259,-12.2815],[168.8186,-12.2849],[168.8024,-12.2906],[168.7979,-12.2819],[168.8057,-12.2741],[168.8123,-12.2663]]]]}},{"type":"Feature","properties":{"name":"Tuvalu","ISO3166-1-Alpha-2":"TV"},"geometry":{"type":"MultiPolygon","coordinates":[[[[178.3805,-8.07],[178.3733,-8.069],[178.3755,-8.0561],[178.3831,-8.0392],[178.3906,-8.0265],[178.3805,-8.07]]],[[[177.1526,-7.1974],[177.1524,-7.1951],[177.1504,-7.1904],[177.1501,-7.1882],[177.153,-7.195],[177.1533,-7.1992],[177.1526,-7.2003],[177.1526,-7.1974]]],[[[176.3143,-6.3023],[176.3192,-6.2892],[176.3229,-6.2888],[176.3224,-6.2951],[176.3143,-6.3023]]],[[[177.3441,-6.121],[177.3399,-6.1145],[177.3381,-6.111],[177.3372,-6.1082],[177.3488,-6.1105],[177.3566,-6.1145],[177.3563,-6.1187],[177.3441,-6.121]]],[[[176.1353,-5.6928],[176.1253,-5.6791],[176.1299,-5.6775],[176.1404,-5.6872],[176.1484,-5.7067],[176.1353,-5.6928]]],[[[179.9067,-9.3993],[179.9061,-9.4186],[179.9053,-9.4207],[179.9041,-9.4005],[179.8986,-9.3868],[179.9012,-9.388],[179.9067,-9.3993]]],[[[179.8678,-9.3432],[179.8733,-9.3469],[179.8784,-9.3608],[179.877,-9.363],[179.8718,-9.3502],[179.8674,-9.3443],[179.8678,-9.3432]]]]}},{"type":"Feature","properties":{"name":"Maldives","ISO3166-1-Alpha-2":"MV"},"geometry":{"type":"MultiPolygon","coordinates":[[[[73.1631,-0.6818],[73.1725,-0.6886],[73.1659,-0.6884],[73.1636,-0.6866],[73.1631,-0.6818]]],[[[73.2041,-0.6712],[73.2012,-0.6751],[73.1992,-0.6786],[73.1965,-0.6813],[73.1914,-0.6828],[73.1922,-0.6772],[73.1952,-0.6745],[73.2041,-0.6712]]],[[[73.1243,-0.6562],[73.127,-0.6663],[73.1239,-0.6647],[73.1233,-0.6625],[73.1239,-0.6598],[73.1243,-0.6562]]],[[[73.24,-0.6256],[73.2273,-0.6428],[73.2268,-0.6326],[73.23,-0.6233],[73.2349,-0.6194],[73.24,-0.6256]]],[[[73.4351,-0.2836],[73.443,-0.2927],[73.4451,-0.2975],[73.4445,-0.3043],[73.438,-0.2986],[73.4352,-0.2936],[73.4346,-0.2888],[73.4351,-0.2836]]],[[[73.209,0.24],[73.2175,0.2377],[73.2174,0.2377],[73.2127,0.2321],[73.2109,0.2322],[73.2103,0.2357],[73.209,0.24]]],[[[73.3792,0.2852],[73.3791,0.2852],[73.3696,0.28],[73.3711,0.286],[73.3737,0.2869],[73.3764,0.2861],[73.3792,0.2852]]],[[[72.9583,0.4033],[72.9584,0.4031],[72.9611,0.3943],[72.9612,0.394],[72.9578,0.3968],[72.9572,0.3992],[72.958,0.4014],[72.9583,0.4033]]],[[[72.9409,0.4963],[72.9406,0.4873],[72.937,0.4914],[72.937,0.4936],[72.9409,0.4963]]],[[[73.492,0.508],[73.492,0.5078],[73.4946,0.499],[73.4904,0.5007],[73.4898,0.5026],[73.491,0.505],[73.492,0.508]]],[[[72.9284,3.5519],[72.9118,3.5417],[72.9116,3.5417],[72.9157,3.549],[72.9199,3.5522],[72.9243,3.5525],[72.9284,3.5519]]],[[[73.4773,3.9421],[73.4771,3.942],[73.47,3.9351],[73.4675,3.9337],[73.4692,3.937],[73.4715,3.9387],[73.4773,3.9421]]],[[[73.5081,4.1036],[73.5083,4.0934],[73.5083,4.0933],[73.5046,4.0966],[73.5025,4.0985],[73.5023,4.1008],[73.5052,4.102],[73.5081,4.1036]]],[[[73.7028,4.4347],[73.7009,4.4323],[73.6976,4.4315],[73.6974,4.4314],[73.7028,4.4347]]],[[[73.7028,4.453],[73.7026,4.4529],[73.6999,4.4492],[73.7,4.4516],[73.7028,4.453]]],[[[73.3767,4.4744],[73.3773,4.4653],[73.3739,4.467],[73.3739,4.4688],[73.3739,4.4689],[73.3753,4.4712],[73.3767,4.4744]]],[[[72.9793,4.8955],[72.9793,4.8954],[72.9697,4.8807],[72.9695,4.8805],[72.9701,4.8904],[72.9727,4.8944],[72.9761,4.8952],[72.9793,4.8955]]],[[[72.9175,4.8986],[72.9229,4.8991],[72.9227,4.899],[72.9209,4.8979],[72.9177,4.8985],[72.9175,4.8986]]],[[[73.4473,4.9713],[73.4365,4.9699],[73.439,4.9746],[73.4412,4.9749],[73.4439,4.973],[73.4473,4.9713]]],[[[72.9129,5.0341],[72.9094,5.0308],[72.9092,5.0306],[72.9102,5.0327],[72.9129,5.0341]]],[[[72.9277,5.0365],[72.9277,5.0363],[72.9272,5.0342],[72.9271,5.0339],[72.9257,5.0335],[72.9244,5.0331],[72.9243,5.033],[72.9277,5.0365]]],[[[73.0448,5.1218],[73.0448,5.1216],[73.0435,5.1188],[73.0413,5.1184],[73.0448,5.1218]]],[[[73.0913,5.1614],[73.091,5.1585],[73.0879,5.158],[73.0877,5.1579],[73.0913,5.1614]]],[[[73.1039,5.173],[73.1042,5.1729],[73.1069,5.1718],[73.1105,5.1703],[73.1102,5.1704],[73.1071,5.171],[73.1039,5.173]]],[[[72.8601,5.2379],[72.86,5.2378],[72.8592,5.2355],[72.8569,5.2346],[72.8566,5.2344],[72.8601,5.2379]]],[[[73.1318,5.2446],[73.1318,5.2425],[73.1284,5.2412],[73.1318,5.2446]]],[[[73.4998,5.2469],[73.4997,5.2468],[73.4973,5.2451],[73.4972,5.245],[73.4938,5.246],[73.4998,5.2469]]],[[[73.1128,5.2986],[73.1126,5.2984],[73.1092,5.2952],[73.1092,5.2967],[73.1128,5.2986]]],[[[73.4702,5.3078],[73.4701,5.3077],[73.4644,5.3069],[73.4642,5.3068],[73.4671,5.3083],[73.4671,5.3083],[73.4684,5.3081],[73.4702,5.3078]]],[[[73.6296,5.3328],[73.6294,5.3327],[73.6272,5.3311],[73.6233,5.3319],[73.6296,5.3328]]],[[[73.6467,5.3432],[73.6465,5.3432],[73.6401,5.3422],[73.6399,5.3422],[73.6434,5.3439],[73.6467,5.3432]]],[[[72.9531,5.3528],[72.9524,5.3501],[72.9496,5.3493],[72.9531,5.3528]]],[[[73.3508,5.4277],[73.3449,5.4268],[73.3446,5.4267],[73.3475,5.4288],[73.3508,5.4277]]],[[[73.5374,5.4514],[73.5349,5.4499],[73.5313,5.4504],[73.5374,5.4514]]],[[[73.363,5.4631],[73.363,5.4628],[73.3631,5.4594],[73.3609,5.458],[73.3607,5.4578],[73.363,5.4631]]],[[[73.4624,5.5436],[73.4593,5.5417],[73.4565,5.5426],[73.4563,5.5427],[73.4624,5.5436]]],[[[73.365,1.7911],[73.3652,1.791],[73.3758,1.7886],[73.3705,1.7825],[73.3683,1.7829],[73.3682,1.7829],[73.367,1.7867],[73.365,1.7911]]],[[[73.4526,1.8268],[73.4636,1.8263],[73.4567,1.8204],[73.4541,1.8205],[73.4534,1.8237],[73.4526,1.8268]]],[[[73.2517,1.8924],[73.2437,1.8887],[73.244,1.8941],[73.2456,1.8948],[73.2474,1.894],[73.2483,1.8935],[73.2517,1.8924]]],[[[73.5531,1.9324],[73.5488,1.9114],[73.5457,1.9016],[73.5412,1.8929],[73.5409,1.8924],[73.5498,1.925],[73.5531,1.9324]]],[[[73.5501,1.9764],[73.5498,1.9657],[73.5498,1.9655],[73.5477,1.9683],[73.5479,1.9706],[73.5501,1.9764]]],[[[73.5442,2.0266],[73.543,2.0222],[73.5404,2.0225],[73.5403,2.0225],[73.5422,2.0246],[73.5442,2.0266]]],[[[73.387,2.033],[73.387,2.0286],[73.3862,2.0303],[73.387,2.033]]],[[[73.5557,2.0825],[73.5514,2.0726],[73.5514,2.0724],[73.5505,2.0759],[73.5513,2.0781],[73.5532,2.0799],[73.5557,2.0825]]],[[[73.0437,2.1664],[73.0414,2.1647],[73.0398,2.1646],[73.0383,2.1645],[73.0384,2.1646],[73.0437,2.1664]]],[[[73.1155,2.1997],[73.1169,2.1977],[73.1209,2.1918],[73.115,2.1918],[73.1139,2.1935],[73.1149,2.1964],[73.1155,2.1997]]],[[[72.9484,2.2749],[72.9464,2.2724],[72.9463,2.2724],[72.9431,2.273],[72.9484,2.2749]]],[[[72.9261,2.3275],[72.927,2.3161],[72.9225,2.3196],[72.9224,2.3221],[72.9243,2.3244],[72.9261,2.3275]]],[[[73.344,2.348],[73.3439,2.3474],[73.3436,2.3442],[73.3423,2.3424],[73.3421,2.3421],[73.344,2.348]]],[[[73.1455,2.5533],[73.1438,2.5504],[73.1411,2.5504],[73.141,2.5504],[73.1455,2.5533]]],[[[72.8726,2.6942],[72.8737,2.6837],[72.8737,2.6836],[72.8674,2.6867],[72.867,2.689],[72.8698,2.6912],[72.8726,2.6942]]],[[[73.0223,2.7417],[73.0322,2.7451],[73.0322,2.745],[73.028,2.7382],[73.0254,2.7376],[73.0224,2.7416],[73.0223,2.7417]]],[[[73.3993,2.7857],[73.3906,2.7754],[73.3919,2.7815],[73.3944,2.7843],[73.3975,2.7853],[73.3993,2.7857]]],[[[73.5486,2.8927],[73.5488,2.8926],[73.5501,2.8913],[73.551,2.8906],[73.5491,2.8881],[73.5491,2.8887],[73.5486,2.8927]]],[[[73.0085,2.9533],[73.0149,2.9474],[73.0104,2.9453],[73.0099,2.9457],[73.009,2.9464],[73.009,2.9494],[73.009,2.9495],[73.0085,2.9533]]],[[[73.5642,2.9547],[73.5642,2.9546],[73.562,2.9461],[73.5613,2.9485],[73.5618,2.9504],[73.5642,2.9547]]],[[[73.5859,2.9616],[73.5859,2.9615],[73.5775,2.9512],[73.5785,2.9573],[73.5813,2.9602],[73.5842,2.9612],[73.5859,2.9616]]],[[[72.8701,2.9692],[72.8701,2.9691],[72.8677,2.9609],[72.8651,2.9582],[72.8649,2.9609],[72.8701,2.9692]]],[[[73.613,3.1068],[73.6126,3.103],[73.6084,3.1004],[73.613,3.1068]]],[[[73.5164,3.3612],[73.5165,3.3611],[73.5174,3.3603],[73.5188,3.3591],[73.5189,3.3589],[73.5191,3.3566],[73.5192,3.3564],[73.5164,3.3612]]],[[[73.7476,3.4511],[73.7477,3.451],[73.7531,3.4464],[73.7532,3.4464],[73.7512,3.4471],[73.7485,3.4482],[73.7484,3.4486],[73.7476,3.4511]]],[[[73.5059,3.5012],[73.5085,3.4966],[73.5086,3.4965],[73.5062,3.4976],[73.5061,3.4977],[73.5059,3.5012]]],[[[73.4435,3.9206],[73.4435,3.9205],[73.443,3.9188],[73.4385,3.9166],[73.4382,3.9164],[73.4435,3.9206]]],[[[73.3451,3.9447],[73.3449,3.9446],[73.3415,3.942],[73.3415,3.9431],[73.3451,3.9447]]],[[[73.4226,4.1184],[73.4225,4.1182],[73.4214,4.1164],[73.4191,4.1157],[73.419,4.1157],[73.4226,4.1184]]],[[[73.5462,4.243],[73.5109,4.1621],[73.4312,4.1846],[73.512,4.1863],[73.5462,4.243]]],[[[72.9452,4.2663],[72.9587,4.2625],[72.9586,4.2625],[72.9544,4.2615],[72.9544,4.2615],[72.9512,4.2624],[72.9452,4.2663]]],[[[73.5959,4.3423],[73.5957,4.3422],[73.5925,4.3402],[73.5894,4.3406],[73.5891,4.3406],[73.5959,4.3423]]],[[[72.957,4.4383],[72.9561,4.4221],[72.9489,4.4229],[72.9471,4.4231],[72.9434,4.4316],[72.957,4.4383]]],[[[73.6296,5.4185],[73.6345,5.411],[73.6367,5.4029],[73.6359,5.3945],[73.6325,5.3863],[73.6325,5.3861],[73.6278,5.4133],[73.6296,5.4185]]],[[[72.9868,5.7707],[72.9858,5.7656],[72.9828,5.7626],[72.9828,5.7625],[72.9868,5.7707]]],[[[73.4499,5.8408],[73.4498,5.8407],[73.4338,5.8309],[73.4334,5.8307],[73.439,5.8383],[73.4431,5.8413],[73.4465,5.8415],[73.4499,5.8408]]],[[[72.9636,5.8643],[72.9637,5.864],[72.9665,5.8503],[72.9627,5.8535],[72.9619,5.8567],[72.9636,5.8643]]],[[[72.9317,5.9691],[72.9302,5.9569],[72.9258,5.9633],[72.9264,5.9663],[72.9317,5.9691]]],[[[73.3898,5.9703],[73.3953,5.9578],[73.3867,5.962],[73.3845,5.9647],[73.3898,5.9703]]],[[[73.2507,6.0834],[73.2507,6.0833],[73.249,6.0795],[73.2455,6.0798],[73.2507,6.0834]]],[[[73.2521,6.1112],[73.252,6.1112],[73.2472,6.108],[73.2468,6.1077],[73.2489,6.1102],[73.2521,6.1112]]],[[[73.2205,6.1321],[73.2204,6.132],[73.219,6.1293],[73.2152,6.1286],[73.2205,6.1321]]],[[[73.2191,6.1723],[73.2189,6.1723],[73.214,6.1688],[73.2158,6.1712],[73.2191,6.1723]]],[[[73.2708,6.1894],[73.2708,6.1894],[73.2681,6.1787],[73.2654,6.1828],[73.266,6.185],[73.2684,6.1868],[73.2708,6.1894]]],[[[73.0342,6.2224],[73.034,6.2222],[73.0291,6.219],[73.029,6.2188],[73.0304,6.221],[73.0342,6.2224]]],[[[73.1284,6.2869],[73.1261,6.284],[73.1231,6.2834],[73.1229,6.2834],[73.1284,6.2869]]],[[[73.2152,6.2948],[73.2152,6.2947],[73.2131,6.2892],[73.2092,6.2867],[73.2088,6.2864],[73.2093,6.2869],[73.2152,6.2948]]],[[[73.0833,6.3086],[73.0833,6.3085],[73.0814,6.3056],[73.0785,6.3051],[73.0781,6.3051],[73.0833,6.3086]]],[[[73.1245,6.3325],[73.1242,6.3323],[73.1196,6.3292],[73.1193,6.3289],[73.1209,6.331],[73.1245,6.3325]]],[[[73.0488,6.4413],[73.0462,6.4363],[73.0433,6.4339],[73.0431,6.4337],[73.0488,6.4413]]],[[[73.0695,6.668],[73.0618,6.661],[73.0623,6.6669],[73.0641,6.6684],[73.0667,6.6681],[73.0695,6.668]]],[[[73.1817,6.8305],[73.1973,6.8281],[73.1895,6.8228],[73.1838,6.8211],[73.1808,6.8234],[73.1817,6.8305]]],[[[72.926,6.9574],[72.926,6.957],[72.9263,6.9538],[72.9246,6.9517],[72.926,6.9574]]],[[[72.8919,6.991],[72.8919,6.9877],[72.8906,6.9855],[72.8905,6.9854],[72.8919,6.991]]],[[[72.9797,7.0277],[72.9797,7.0275],[72.9815,7.014],[72.9773,7.019],[72.9772,7.0226],[72.9772,7.0227],[72.9797,7.0277]]],[[[72.95,7.0565],[72.95,7.0564],[72.9485,7.0508],[72.9478,7.0539],[72.95,7.0565]]],[[[72.9129,7.0927],[72.9129,7.0926],[72.9119,7.0832],[72.9064,7.089],[72.9066,7.091],[72.9097,7.0916],[72.9129,7.0927]]],[[[72.8838,7.1072],[72.8845,7.1057],[72.8845,7.1037],[72.8825,7.1016],[72.8838,7.1072]]]]}},{"type":"Feature","properties":{"name":"Nauru","ISO3166-1-Alpha-2":"NR"},"geometry":{"type":"Polygon","coordinates":[[[166.9388,-0.4904],[166.9388,-0.5519],[166.907,-0.5248],[166.9388,-0.4904]]]}},{"type":"Feature","properties":{"name":"Federated States of Micronesia","ISO3166-1-Alpha-2":"FM"},"geometry":{"type":"MultiPolygon","coordinates":[[[[163.0261,5.3409],[163.0192,5.2727],[162.9162,5.2869],[162.9907,5.3748],[163.0261,5.3409]]],[[[158.2908,6.938],[158.3382,6.8791],[158.3138,6.8087],[158.1802,6.8025],[158.1325,6.9414],[158.1809,6.9789],[158.2908,6.938]]],[[[151.5886,7.3836],[151.6364,7.3871],[151.6445,7.3361],[151.5681,7.3427],[151.6227,7.3659],[151.5886,7.3836]]],[[[151.8767,7.4587],[151.9177,7.4587],[151.8562,7.4246],[151.8767,7.4587]]],[[[138.1924,9.5759],[138.2024,9.5212],[138.1438,9.5213],[138.0681,9.4121],[138.1262,9.566],[138.1924,9.5759]]],[[[154.8081,0.9278],[154.8143,0.9258],[154.8176,0.9222],[154.8128,0.9182],[154.8018,0.9182],[154.7986,0.9245],[154.803,0.9271],[154.8081,0.9278]]],[[[154.7149,0.9656],[154.7219,0.9692],[154.7329,0.967],[154.7268,0.9606],[154.7151,0.9614],[154.7149,0.9656]]],[[[154.7931,0.9721],[154.7966,0.9658],[154.7923,0.9629],[154.7837,0.9637],[154.7782,0.9688],[154.7785,0.9737],[154.7844,0.9755],[154.7931,0.9721]]],[[[154.8792,3.7519],[154.8767,3.768],[154.8919,3.7788],[154.8943,3.7628],[154.8792,3.7519]]],[[[154.7893,3.7918],[154.7918,3.7766],[154.7737,3.7663],[154.7713,3.7815],[154.7893,3.7918]]],[[[157.9364,6.7172],[157.9392,6.7274],[157.9421,6.7305],[157.9489,6.7317],[157.9483,6.7258],[157.9458,6.7226],[157.9364,6.7172]]],[[[151.8568,7.3166],[151.8532,7.3538],[151.8545,7.3701],[151.8626,7.3618],[151.8656,7.3507],[151.8652,7.3388],[151.8618,7.3271],[151.8568,7.3166]]],[[[149.1857,7.3716],[149.1808,7.3812],[149.1873,7.3816],[149.1882,7.3798],[149.1867,7.3761],[149.1857,7.3716]]],[[[150.4075,8.5755],[150.4046,8.586],[150.4094,8.5847],[150.4098,8.5823],[150.4085,8.5793],[150.4075,8.5755]]],[[[150.1182,8.9763],[150.1243,8.9855],[150.1275,8.9875],[150.133,8.9861],[150.1305,8.9809],[150.1271,8.9792],[150.1228,8.9782],[150.1182,8.9763]]],[[[140.5142,9.7678],[140.5217,9.7747],[140.5313,9.7756],[140.5329,9.7719],[140.5247,9.7645],[140.5154,9.7612],[140.5142,9.7678]]]]}},{"type":"Feature","properties":{"name":"South Georgia and the Islands","ISO3166-1-Alpha-2":"GS"},"geometry":{"type":"MultiPolygon","coordinates":[[[[-27.2529,-59.4583],[-27.1368,-59.4372],[-27.1529,-59.4708],[-27.2529,-59.4583]]],[[[-27.3286,-59.4372],[-27.3121,-59.4728],[-27.4072,-59.4317],[-27.3286,-59.4372]]],[[[-26.6298,-59.006],[-26.4994,-59.0331],[-26.6298,-59.0628],[-26.6298,-59.006]]],[[[-26.2598,-58.4367],[-26.2462,-58.4987],[-26.4578,-58.4267],[-26.4309,-58.385],[-26.3124,-58.3821],[-26.2462,-58.4025],[-26.2598,-58.4367]]],[[[-26.4243,-57.8128],[-26.5131,-57.7726],[-26.438,-57.7446],[-26.356,-57.7862],[-26.4243,-57.8128]]],[[[-27.1505,-56.6757],[-27.0924,-56.7065],[-27.2076,-56.7131],[-27.1505,-56.6757]]],[[[-27.6098,-56.2922],[-27.5279,-56.2848],[-27.569,-56.3206],[-27.6098,-56.2922]]],[[[-37.0831,-54.4659],[-37.0182,-54.5034],[-37.0865,-54.5108],[-37.0831,-54.4659]]],[[[-38.087,-54.0037],[-38.078,-53.992],[-38.0624,-53.9881],[-38.0262,-53.9894],[-38.0658,-54.0024],[-38.0763,-54.0038],[-38.087,-54.0037]]],[[[-35.9088,-54.6873],[-36.116,-54.8845],[-37.2373,-54.1477],[-38.0324,-54.0099],[-36.6551,-54.1061],[-35.9088,-54.6873]]],[[[-28.2133,-56.714],[-28.1931,-56.704],[-28.1715,-56.7048],[-28.1686,-56.716],[-28.1871,-56.7263],[-28.2101,-56.725],[-28.2133,-56.714]]]]}},{"type":"Feature","properties":{"name":"Falkland Islands","ISO3166-1-Alpha-2":"FK"},"geometry":{"type":"MultiPolygon","coordinates":[[[[-59.6944,-52.2081],[-59.756,-52.2736],[-59.7921,-52.1305],[-59.6952,-52.1663],[-59.6944,-52.2081]]],[[[-61.194,-51.8171],[-61.2175,-51.8621],[-61.3182,-51.8245],[-61.194,-51.8171]]],[[[-60.9476,-51.9474],[-61.1531,-51.8449],[-60.8629,-51.7609],[-60.9476,-51.9474]]],[[[-61.2704,-51.6804],[-61.194,-51.6935],[-61.2667,-51.704],[-61.2772,-51.7555],[-61.3182,-51.7282],[-61.2704,-51.6804]]],[[[-59.6324,-51.7413],[-60.5928,-52.2367],[-61.0369,-52.0466],[-60.1841,-51.7612],[-60.625,-51.6696],[-60.0774,-51.6935],[-60.646,-51.3515],[-59.256,-51.3874],[-59.6324,-51.7413]]],[[[-59.8993,-51.3036],[-59.9613,-51.344],[-60.0228,-51.2962],[-59.8993,-51.3036]]],[[[-57.8162,-51.6935],[-58.9403,-51.7966],[-58.6412,-52.1078],[-59.2696,-51.9905],[-59.049,-52.2125],[-59.456,-52.1422],[-59.3389,-52.3417],[-59.7215,-52.1076],[-58.9901,-51.8036],[-58.954,-51.2485],[-58.4066,-51.3238],[-58.2309,-51.6525],[-58.2912,-51.4225],[-57.9064,-51.3766],[-57.7779,-51.5431],[-58.1452,-51.5427],[-57.8162,-51.6935]]],[[[-59.7484,-51.2833],[-59.8066,-51.2646],[-59.7668,-51.2411],[-59.5465,-51.2895],[-59.502,-51.2621],[-59.4474,-51.3242],[-59.7484,-51.2833]]],[[[-59.7684,-52.327],[-59.6923,-52.3037],[-59.7425,-52.358],[-59.642,-52.3678],[-59.6958,-52.4065],[-59.7864,-52.381],[-59.8207,-52.3584],[-59.7684,-52.327]]],[[[-58.4156,-51.9941],[-58.4613,-52.0356],[-58.4276,-52.1007],[-58.5467,-52.0256],[-58.4156,-51.9941]]],[[[-59.6799,-51.9656],[-59.7189,-51.9762],[-59.6989,-51.9384],[-59.6799,-51.9656]]],[[[-59.7442,-51.329],[-59.5969,-51.3807],[-59.7232,-51.4099],[-59.8294,-51.3505],[-59.7442,-51.329]]],[[[-61.0556,-51.071],[-61.1258,-51.0652],[-61.1192,-51.0278],[-61.0556,-51.071]]]]}},{"type":"Feature","properties":{"name":"Vanuatu","ISO3166-1-Alpha-2":"VU"},"geometry":{"type":"MultiPolygon","coordinates":[[[[169.8403,-20.1408],[169.8989,-20.1923],[169.8716,-20.2394],[169.738,-20.2089],[169.7555,-20.1438],[169.8403,-20.1408]]],[[[168.2054,-17.5812],[168.2389,-17.5219],[168.2954,-17.5265],[168.2054,-17.5812]]],[[[168.3228,-17.4474],[168.3386,-17.4145],[168.3721,-17.4791],[168.3228,-17.4474]]],[[[168.5593,-16.9436],[168.5339,-16.8945],[168.5784,-16.8769],[168.5593,-16.9436]]],[[[168.1921,-16.8139],[168.1204,-16.7092],[168.1442,-16.573],[168.2473,-16.6904],[168.4807,-16.8002],[168.4739,-16.8481],[168.3333,-16.7867],[168.1921,-16.8139]]],[[[168.3296,-16.5396],[168.2954,-16.498],[168.3494,-16.498],[168.3296,-16.5396]]],[[[168.2131,-16.4781],[168.261,-16.4298],[168.2438,-16.4946],[168.2131,-16.4781]]],[[[168.1824,-16.3478],[168.022,-16.3266],[167.9129,-16.2331],[168.0695,-16.1798],[168.1716,-16.0803],[168.2307,-16.2277],[168.3298,-16.3062],[168.1824,-16.3478]]],[[[167.8125,-16.4195],[167.4588,-16.568],[167.1853,-15.8907],[167.8125,-16.4195]]],[[[167.2057,-15.7512],[167.0891,-15.7035],[167.0757,-15.6496],[167.2336,-15.6415],[167.2057,-15.7512]]],[[[167.1574,-15.539],[167.1927,-15.5354],[167.1948,-15.6075],[167.1095,-15.5875],[167.1574,-15.539]]],[[[168.1858,-15.5178],[168.2704,-15.9142],[168.2043,-15.9924],[168.1196,-15.6628],[168.1546,-15.4633],[168.1858,-15.5178]]],[[[167.9395,-15.3919],[167.8386,-15.4848],[167.6729,-15.4498],[167.8916,-15.2919],[168.0025,-15.2818],[167.9395,-15.3919]]],[[[167.1232,-14.9636],[167.0964,-14.9289],[167.1574,-14.9562],[167.1232,-14.9636]]],[[[168.0964,-14.9804],[168.1017,-14.9208],[168.1336,-14.9404],[168.1921,-15.2063],[168.179,-15.3951],[168.1311,-15.3951],[168.0964,-14.9804]]],[[[167.1406,-15.5356],[166.7539,-15.6277],[166.5562,-14.6459],[166.8132,-15.1604],[167.0829,-14.9289],[167.1406,-15.5356]]],[[[167.5149,-14.1406],[167.603,-14.1891],[167.562,-14.2989],[167.4012,-14.3051],[167.4075,-14.1949],[167.5149,-14.1406]]],[[[167.4528,-13.9186],[167.3908,-13.7775],[167.4889,-13.7082],[167.59,-13.8566],[167.487,-13.8874],[167.4849,-13.9422],[167.4528,-13.9186]]],[[[167.7026,-13.6198],[167.7129,-13.6682],[167.635,-13.6935],[167.7026,-13.6198]]],[[[167.3293,-13.5105],[167.3687,-13.5434],[167.3156,-13.5515],[167.2966,-13.5045],[167.3293,-13.5105]]],[[[166.5752,-13.2363],[166.6441,-13.2301],[166.613,-13.2682],[166.5752,-13.2363]]],[[[166.5752,-13.1544],[166.5296,-13.1699],[166.5205,-13.0649],[166.5752,-13.1544]]],[[[166.6727,-13.455],[166.6585,-13.4155],[166.6738,-13.4076],[166.6887,-13.4234],[166.6727,-13.455]]]]}},{"type":"Feature","properties":{"name":"Niue","ISO3166-1-Alpha-2":"NU"},"geometry":{"type":"Polygon","coordinates":[[[-169.8511,-18.9651],[-169.7829,-19.0689],[-169.9337,-19.1297],[-169.9337,-19.0136],[-169.8511,-18.9651]]]}},{"type":"Feature","properties":{"name":"American Samoa","ISO3166-1-Alpha-2":"AS"},"geometry":{"type":"MultiPolygon","coordinates":[[[[-170.591,-14.2648],[-170.7486,-14.3747],[-170.8312,-14.3194],[-170.591,-14.2648]]],[[[-169.4639,-14.2232],[-169.4471,-14.2556],[-169.5043,-14.2706],[-169.5427,-14.2367],[-169.4639,-14.2232]]],[[[-168.1616,-14.5329],[-168.1731,-14.5237],[-168.1635,-14.5198],[-168.1605,-14.5209],[-168.1616,-14.5329]]],[[[-169.6762,-14.1749],[-169.6682,-14.1691],[-169.6582,-14.1689],[-169.6472,-14.1721],[-169.6356,-14.177],[-169.6601,-14.1891],[-169.6697,-14.1879],[-169.6762,-14.1749]]],[[[-171.0728,-11.0525],[-171.0735,-11.0621],[-171.0815,-11.0661],[-171.0865,-11.0603],[-171.0856,-11.0514],[-171.0728,-11.0525]]]]}},{"type":"Feature","properties":{"name":"Palau","ISO3166-1-Alpha-2":"PW"},"geometry":{"type":"MultiPolygon","coordinates":[[[[134.4639,7.2943],[134.3929,7.2245],[134.3491,7.2378],[134.4411,7.3167],[134.4639,7.2943]]],[[[134.4714,7.3625],[134.5222,7.3113],[134.4495,7.3284],[134.4714,7.3625]]],[[[132.2204,5.2922],[132.2139,5.3071],[132.2202,5.3102],[132.2267,5.3043],[132.2204,5.2922]]],[[[131.7915,2.9777],[131.8064,2.9743],[131.813,2.9604],[131.7952,2.949],[131.7788,2.9528],[131.7754,2.9641],[131.785,2.9741],[131.7915,2.9777]]],[[[134.7097,8.0966],[134.7222,8.0965],[134.7273,8.0829],[134.7181,8.0587],[134.7012,8.0502],[134.6925,8.0608],[134.6928,8.0755],[134.7097,8.0966]]]]}},{"type":"Feature","properties":{"name":"Northern Mariana Islands","ISO3166-1-Alpha-2":"MP"},"geometry":{"type":"MultiPolygon","coordinates":[[[[145.2057,14.1814],[145.2905,14.1814],[145.229,14.1199],[145.1193,14.1296],[145.2057,14.1814]]],[[[145.6473,15.0721],[145.6678,14.9827],[145.6258,14.9153],[145.5785,15.0175],[145.6473,15.0721]]],[[[145.7879,15.2673],[145.8237,15.2624],[145.7526,15.096],[145.6856,15.1025],[145.6983,15.2032],[145.7879,15.2673]]],[[[145.7711,18.1752],[145.8356,18.1283],[145.7195,18.0542],[145.7711,18.1752]]],[[[145.6616,18.7243],[145.6326,18.7869],[145.6883,18.8074],[145.7095,18.7484],[145.6616,18.7243]]],[[[145.7892,16.6755],[145.7691,16.6948],[145.7859,16.7001],[145.8045,16.6931],[145.7892,16.6755]]],[[[145.855,17.2858],[145.8359,17.3052],[145.8512,17.3094],[145.8682,17.3017],[145.855,17.2858]]]]}},{"type":"Feature","properties":{"name":"Bahrain","ISO3166-1-Alpha-2":"BH"},"geometry":{"type":"MultiPolygon","coordinates":[[[[50.3977,26.1747],[50.4235,26.12],[50.3859,26.1232],[50.3977,26.1747]]],[[[50.6016,26.2789],[50.6553,26.2767],[50.6789,26.208],[50.6016,26.2789]]],[[[50.7756,25.7527],[50.7832,25.7558],[50.7901,25.7552],[50.7914,25.7489],[50.7806,25.7451],[50.7756,25.7527]]],[[[50.8047,25.6792],[50.8199,25.6786],[50.8167,25.6691],[50.8085,25.6641],[50.8041,25.6698],[50.8022,25.6748],[50.8047,25.6792]]]]}},{"type":"Feature","properties":{"name":"Coral Sea Islands","ISO3166-1-Alpha-2":"-99"},"geometry":{"type":"Polygon","coordinates":[[[154.3913,-21.03],[154.3885,-21.0291],[154.3913,-21.0287],[154.3913,-21.03]]]}},{"type":"Feature","properties":{"name":"Spratly Islands","ISO3166-1-Alpha-2":"-99"},"geometry":{"type":"MultiPolygon","coordinates":[[[[115.3672,10.2375],[115.366,10.2392],[115.3679,10.2392],[115.3672,10.2375]]],[[[114.0296,10.0119],[114.0277,10.0151],[114.0293,10.0174],[114.0378,10.0211],[114.04,10.0195],[114.0339,10.0124],[114.0296,10.0119]]],[[[114.4642,10.3674],[114.4617,10.372],[114.4646,10.378],[114.467,10.3784],[114.4697,10.3767],[114.471,10.3723],[114.4684,10.3677],[114.4642,10.3674]]],[[[114.3638,10.3679],[114.3589,10.3725],[114.3582,10.3774],[114.3604,10.3786],[114.3664,10.374],[114.3678,10.3708],[114.367,10.3681],[114.3638,10.3679]]],[[[114.4548,10.3883],[114.4502,10.3898],[114.45,10.3944],[114.4519,10.3966],[114.4549,10.3972],[114.4583,10.3958],[114.4598,10.3927],[114.4548,10.3883]]],[[[114.2786,11.0404],[114.2717,11.0435],[114.2722,11.0458],[114.2786,11.05],[114.2827,11.0507],[114.2869,11.0466],[114.2831,11.041],[114.2786,11.0404]]],[[[114.3613,9.7671],[114.36,9.77],[114.3628,9.7691],[114.3613,9.7671]]]]}},{"type":"Feature","properties":{"name":"Clipperton Island","ISO3166-1-Alpha-2":"-99"},"geometry":{"type":"Polygon","coordinates":[[[-109.212,10.3027],[-109.2104,10.2887],[-109.2186,10.2816],[-109.228,10.2921],[-109.2342,10.3079],[-109.2259,10.311],[-109.212,10.3027]]]}},{"type":"Feature","properties":{"name":"Macao S.A.R","ISO3166-1-Alpha-2":"MO"},"geometry":{"type":"MultiPolygon","coordinates":[[[[113.5586,22.163],[113.5875,22.1249],[113.5468,22.1054],[113.5586,22.163]]]]}},{"type":"Feature","properties":{"name":"Ashmore and Cartier Islands","ISO3166-1-Alpha-2":"-99"},"geometry":{"type":"Polygon","coordinates":[[[123.597,-12.4283],[123.5977,-12.4386],[123.5756,-12.4368],[123.575,-12.4266],[123.597,-12.4283]]]}},{"type":"Feature","properties":{"name":"Bajo Nuevo Bank (Petrel Is.)","ISO3166-1-Alpha-2":"-99"},"geometry":{"type":"Polygon","coordinates":[[[-79.9893,15.7949],[-79.9878,15.7962],[-79.9864,15.7944],[-79.9881,15.7942],[-79.9893,15.7949]]]}},{"type":"Feature","properties":{"name":"Serranilla Bank","ISO3166-1-Alpha-2":"-99"},"geometry":{"type":"Polygon","coordinates":[[[-78.6371,15.8621],[-78.6404,15.864],[-78.6369,15.8673],[-78.6371,15.8621]]]}},{"type":"Feature","properties":{"name":"Scarborough Reef","ISO3166-1-Alpha-2":"-99"},"geometry":{"type":"Polygon","coordinates":[[[117.7539,15.1544],[117.7557,15.1519],[117.7539,15.1501],[117.7519,15.1519],[117.7539,15.1544]]]}}]}